JvmtiExport can_access_local_variables 0
JvmtiExport can_hotswap_or_post_breakpoint 0
JvmtiExport can_post_on_exceptions 0
# 828 ciObject found
instanceKlass android/database/sqlite/SQLiteProgram
ciInstanceKlass java/lang/Cloneable 1 0 7 100 1 100 1 1 1
instanceKlass com/almworks/sqlite4java/SQLiteController$1
instanceKlass com/almworks/sqlite4java/SQLiteProfiler
instanceKlass com/mapsupervision/data/db/MapSupervisionDatabaseMigrationTest$ColumnInfo
instanceKlass kotlin/text/FlagEnum
instanceKlass kotlin/text/LinesIterator$State
instanceKlass kotlin/text/LinesIterator
instanceKlass kotlin/sequences/SequencesKt__SequenceBuilderKt
instanceKlass kotlin/text/StringsKt__StringsKt$lineSequence$$inlined$Sequence$1
instanceKlass androidx/sqlite/db/SimpleSQLiteQuery$Companion
instanceKlass androidx/sqlite/db/SimpleSQLiteQuery
instanceKlass androidx/room/RoomOpenDelegate$ValidationResult
instanceKlass androidx/room/util/ForeignKeyWithSequence
instanceKlass androidx/room/util/TableInfo$Index$Companion
instanceKlass androidx/room/util/TableInfo$Index
instanceKlass androidx/room/util/TableInfo$ForeignKey
instanceKlass kotlin/collections/builders/MapBuilder$Itr
instanceKlass androidx/room/util/TableInfoKt
instanceKlass kotlin/collections/MapsKt__MapWithDefaultKt
instanceKlass androidx/room/util/TableInfo$Companion
instanceKlass androidx/room/util/TableInfo
instanceKlass androidx/room/util/SchemaInfoUtilKt
instanceKlass androidx/room/util/TableInfo$Column$Companion
instanceKlass androidx/room/util/TableInfo$Column
instanceKlass kotlin/collections/builders/ListBuilder$Itr
instanceKlass kotlin/jvm/internal/markers/KMutableListIterator
instanceKlass kotlin/jvm/internal/markers/KMutableIterator
instanceKlass kotlin/collections/builders/ListBuilder$Companion
instanceKlass kotlin/jvm/internal/markers/KMutableList
instanceKlass androidx/room/util/DBUtil__DBUtilKt
instanceKlass java/util/TreeMap$NavigableSubMap$SubMapIterator
instanceKlass kotlin/Pair
instanceKlass kotlin/TuplesKt
instanceKlass androidx/room/util/MigrationUtil
instanceKlass org/robolectric/res/android/ResourceString
instanceKlass android/os/StatFs
instanceKlass android/database/sqlite/SQLiteGlobal
instanceKlass org/json/JSONArray
instanceKlass org/json/JSON
instanceKlass org/json/JSONTokener
instanceKlass kotlin/io/CloseableKt
instanceKlass kotlin/io/TextStreamsKt
instanceKlass kotlin/text/Charsets
instanceKlass org/json/JSONObject$1
instanceKlass kotlin/collections/EmptySet
instanceKlass kotlin/io/FileTreeWalk$WalkState
instanceKlass kotlin/io/FileTreeWalk$FileTreeWalkIterator$WhenMappings
instanceKlass kotlin/collections/AbstractIterator
instanceKlass kotlin/io/FileTreeWalk
instanceKlass kotlin/sequences/Sequence
instanceKlass kotlin/io/FilesKt__FilePathComponentsKt
instanceKlass org/json/JSONObject
instanceKlass com/mapsupervision/data/db/MapSupervisionDatabaseMigrationTest
instanceKlass org/json/JSONObject
instanceKlass androidx/room/RoomDatabase$Builder
instanceKlass com/mapsupervision/data/db/MapSupervisionDatabaseMigrationTest
instanceKlass kotlinx/coroutines/CompletedContinuation
instanceKlass kotlinx/coroutines/CancelHandler
instanceKlass kotlin/jvm/internal/InlineMarker
instanceKlass kotlin/jvm/internal/TypeIntrinsics
instanceKlass kotlinx/coroutines/intrinsics/UndispatchedKt
instanceKlass kotlinx/coroutines/ThreadContextElement$DefaultImpls
instanceKlass kotlinx/coroutines/internal/ThreadLocalKey
instanceKlass kotlinx/coroutines/internal/ThreadLocalElement
instanceKlass kotlinx/coroutines/ThreadContextElementKt
instanceKlass androidx/room/RoomDatabaseKt__RoomDatabase_androidKt$startTransactionCoroutine$2$1
instanceKlass kotlinx/coroutines/Active
instanceKlass kotlinx/coroutines/Waiter
instanceKlass kotlinx/coroutines/CancellableContinuation
instanceKlass androidx/room/RoomDatabaseKt__RoomDatabase_androidKt
instanceKlass com/mapsupervision/data/db/entity/TaskEntity$Companion
instanceKlass com/mapsupervision/data/db/entity/TaskEntity
instanceKlass com/mapsupervision/data/db/entity/NoteEntity$Companion
instanceKlass com/mapsupervision/data/db/entity/NoteEntity
instanceKlass com/mapsupervision/data/db/entity/MaterialProgressEntity
instanceKlass com/mapsupervision/data/db/entity/NodeProgressEntity
instanceKlass org/robolectric/shadows/ShadowLegacySQLiteConnection$Connections$13
instanceKlass com/mapsupervision/data/db/entity/GisNodeEntity
instanceKlass com/mapsupervision/data/db/entity/ImportedFileEntity
instanceKlass com/mapsupervision/data/db/ImportedFileDaoTest
instanceKlass com/mapsupervision/data/db/ImportedFileDaoTest
instanceKlass org/robolectric/shadows/ShadowWindowManager
instanceKlass android/view/IWindowSessionCallback
instanceKlass org/robolectric/shadows/ShadowWindowManagerGlobal$WindowManagerGlobalReflector$$Reflector32
instanceKlass android/view/WindowManagerGlobal
instanceKlass org/robolectric/shadows/ShadowWindowManagerGlobal$WindowManagerGlobalReflector
instanceKlass org/robolectric/shadows/ShadowWindowManagerGlobal$WindowSessionDelegate
instanceKlass org/robolectric/shadows/ShadowWindowManagerGlobal
instanceKlass org/robolectric/shadows/ShadowWifiP2pManager
instanceKlass android/webkit/WebMessagePort
instanceKlass android/webkit/WebBackForwardList
instanceKlass android/webkit/WebSettings
instanceKlass org/robolectric/shadows/ShadowWebSettings
instanceKlass org/robolectric/shadows/ShadowWallpaperManager
instanceKlass android/view/ContextMenu
instanceKlass android/view/Menu
instanceKlass android/view/View$AttachInfo$InvalidateInfo
instanceKlass android/animation/LayoutTransition
instanceKlass android/view/ActionMode
instanceKlass android/view/ActionMode$Callback
instanceKlass android/view/accessibility/AccessibilityRecord
instanceKlass android/view/ViewRootImpl$RunQueue
instanceKlass android/view/ViewRootImpl$SystemUiVisibilityInfo
instanceKlass android/view/DragEvent
instanceKlass android/view/ViewRootImpl$InvalidateOnAnimationRunnable
instanceKlass android/view/ViewRootImpl$ConsumeBatchedInputImmediatelyRunnable
instanceKlass android/view/ViewRootImpl$ConsumeBatchedInputRunnable
instanceKlass android/view/InputEventReceiver
instanceKlass android/view/ViewRootImpl$TraversalRunnable
instanceKlass android/view/InputEventConsistencyVerifier
instanceKlass android/view/ViewRootImpl$SendWindowContentChangedAccessibilityEvent
instanceKlass android/view/ViewRootImpl$HighContrastTextManager
instanceKlass android/view/ViewRootImpl$AccessibilityInteractionConnectionManager
instanceKlass android/view/AccessibilityInteractionController
instanceKlass android/view/accessibility/AccessibilityManager
instanceKlass android/media/AudioManager
instanceKlass android/graphics/PointF
instanceKlass android/content/ClipDescription
instanceKlass android/view/HardwareLayer
instanceKlass android/widget/Scroller
instanceKlass android/view/ViewTreeObserver$InternalInsetsInfo
instanceKlass android/view/ViewRootImpl$QueuedInputEvent
instanceKlass android/view/Choreographer
instanceKlass android/view/FallbackEventHandler
instanceKlass android/view/InputQueue
instanceKlass android/view/InputQueue$Callback
instanceKlass android/view/View$AttachInfo
instanceKlass android/graphics/Region
instanceKlass android/view/SurfaceHolder$Callback2
instanceKlass android/view/SurfaceHolder$Callback
instanceKlass android/view/accessibility/AccessibilityNodeInfo
instanceKlass android/hardware/display/DisplayManager
instanceKlass android/view/IWindowSession
instanceKlass android/view/accessibility/AccessibilityManager$HighTextContrastChangeListener
instanceKlass android/view/accessibility/AccessibilityManager$AccessibilityStateChangeListener
instanceKlass android/view/inputmethod/InputMethodManager$FinishedInputEventCallback
instanceKlass android/view/InputQueue$FinishedInputEventCallback
instanceKlass android/view/ViewRootImpl$InputStage
instanceKlass com/android/internal/view/BaseSurfaceHolder
instanceKlass android/view/IWindow
instanceKlass org/robolectric/shadows/ShadowViewRootImpl$ViewRootImplReflector$$Reflector31
instanceKlass android/view/WindowInsets
instanceKlass android/view/ViewRootImpl
instanceKlass android/view/HardwareRenderer$HardwareDrawCallbacks
instanceKlass android/view/View$AttachInfo$Callbacks
instanceKlass org/robolectric/shadows/ShadowViewRootImpl$ViewRootImplReflector
instanceKlass org/robolectric/shadows/ShadowViewRootImpl
instanceKlass org/robolectric/shadows/ShadowViewConfiguration$ViewConfigurationReflector$$Reflector30
instanceKlass android/view/ViewConfiguration
instanceKlass org/robolectric/shadows/ShadowViewConfiguration$ViewConfigurationReflector
instanceKlass org/robolectric/shadows/ShadowViewConfiguration
instanceKlass org/robolectric/shadows/ShadowVibrator
instanceKlass org/robolectric/shadows/ShadowValueAnimator$ValueAnimatorReflector$$Reflector29
instanceKlass org/robolectric/shadows/ShadowValueAnimator$ValueAnimatorReflector
instanceKlass android/view/animation/AccelerateDecelerateInterpolator
instanceKlass com/android/internal/view/animation/NativeInterpolatorFactory
instanceKlass android/view/animation/Interpolator
instanceKlass android/animation/ValueAnimator$AnimatorUpdateListener
instanceKlass android/animation/PropertyValuesHolder
instanceKlass android/animation/ValueAnimator$AnimationHandler
instanceKlass android/animation/TypeEvaluator
instanceKlass org/robolectric/shadows/ShadowValueAnimator
instanceKlass android/content/pm/UserInfo$1
instanceKlass org/robolectric/shadows/ShadowUserManager$UserManagerState
instanceKlass org/robolectric/shadows/ShadowUserManager
instanceKlass org/robolectric/shadows/ShadowUsbManager
instanceKlass org/robolectric/shadows/ShadowUsageStatsManager
instanceKlass org/robolectric/shadows/ShadowTrafficStats
instanceKlass org/robolectric/shadows/ShadowTrace
instanceKlass org/robolectric/shadows/ShadowToneGenerator
instanceKlass org/robolectric/shadows/ShadowTextToSpeech
instanceKlass org/robolectric/shadows/ShadowTelephonyManager
instanceKlass org/robolectric/shadows/ShadowTelephony$ShadowSms
instanceKlass org/robolectric/shadows/ShadowTelecomManager
instanceKlass org/robolectric/shadows/ShadowSurfaceControl
instanceKlass org/robolectric/shadows/ShadowStorageManager
instanceKlass org/robolectric/shadows/ShadowStatusBarManager
instanceKlass org/robolectric/shadows/ShadowStaticLayout
instanceKlass org/robolectric/shadows/ShadowStatFs$Stats
instanceKlass org/robolectric/shadows/ShadowStatFs
instanceKlass org/robolectric/shadows/ShadowSpeechRecognizer
instanceKlass org/robolectric/shadows/ShadowSmsManager
instanceKlass org/robolectric/shadows/ShadowSettings$ShadowSystem
instanceKlass org/robolectric/shadows/ShadowSettings$ShadowSecure
instanceKlass org/robolectric/shadows/ShadowSettings$ShadowGlobal
instanceKlass org/robolectric/shadows/ShadowSettings
instanceKlass android/os/storage/IMountService
instanceKlass org/robolectric/shadows/LauncherAppsDelegate
instanceKlass android/content/pm/ILauncherApps
instanceKlass com/android/internal/app/IVoiceInteractionManagerService
instanceKlass android/media/session/ISessionManager
instanceKlass android/media/IMediaRouterService
instanceKlass android/app/usage/IUsageStatsManager
instanceKlass android/net/INetworkScoreService
instanceKlass android/app/job/IJobScheduler
instanceKlass android/app/trust/ITrustManager
instanceKlass android/content/IRestrictionsManager
instanceKlass android/os/IBatteryPropertiesRegistrar
instanceKlass com/android/internal/app/IAppOpsService
instanceKlass org/robolectric/shadows/IBluetoothManagerDelegates$IBluetoothManagerDelegateBase
instanceKlass org/robolectric/shadows/IBluetoothManagerDelegates
instanceKlass android/os/IUserManager
instanceKlass android/view/IWindowManager
instanceKlass android/app/IWallpaperManager
instanceKlass android/app/INotificationManager
instanceKlass com/android/internal/appwidget/IAppWidgetService
instanceKlass android/media/IAudioService
instanceKlass android/net/nsd/INsdManager
instanceKlass android/location/ICountryDetector
instanceKlass android/net/INetworkPolicyManager
instanceKlass android/app/IUiModeManager
instanceKlass android/app/ISearchManager
instanceKlass android/net/wifi/IWifiManager
instanceKlass android/net/IConnectivityManager
instanceKlass com/android/internal/telephony/ITelephony
instanceKlass android/app/admin/IDevicePolicyManager
instanceKlass com/android/internal/os/IDropBoxManagerService
instanceKlass com/android/internal/app/IBatteryStats
instanceKlass android/os/IPowerManager
instanceKlass android/app/IAlarmManager
instanceKlass android/location/ILocationManager
instanceKlass android/hardware/usb/IUsbManager
instanceKlass android/accounts/IAccountManager
instanceKlass android/net/wifi/p2p/IWifiP2pManager
instanceKlass org/robolectric/shadows/ShadowServiceManager$BinderService
instanceKlass android/content/IClipboard
instanceKlass org/robolectric/shadows/ShadowServiceManager
instanceKlass org/robolectric/shadows/ShadowSensorManager
instanceKlass org/robolectric/shadows/ShadowRestrictionsManager
instanceKlass org/robolectric/shadows/ShadowResourcesManager$_ResourcesManager_$$Reflector28
instanceKlass org/robolectric/shadows/ShadowResourcesManager$_ResourcesManager_
instanceKlass android/view/RenderNodeAnimator$DelayedAnimationHelper
instanceKlass android/graphics/CanvasProperty
instanceKlass org/robolectric/shadows/ShadowNativeRenderNodeAnimatorQ
instanceKlass android/animation/TimeInterpolator
instanceKlass android/view/RenderNode
instanceKlass com/android/internal/util/VirtualRefBasePtr
instanceKlass org/robolectric/shadows/ShadowRenderNodeAnimator$RenderNodeAnimatorReflector$$Reflector27
instanceKlass android/animation/Animator
instanceKlass org/robolectric/shadows/ShadowRenderNodeAnimator$RenderNodeAnimatorReflector
instanceKlass android/view/Choreographer$FrameCallback
instanceKlass org/robolectric/shadows/ShadowRenderNodeAnimator
instanceKlass org/robolectric/shadows/ShadowQueuedWork$QueuedWorkReflector$$Reflector26
instanceKlass org/robolectric/shadows/ShadowQueuedWork$QueuedWorkReflector
instanceKlass android/app/QueuedWork
instanceKlass org/robolectric/shadows/ShadowQueuedWork
instanceKlass org/robolectric/shadows/ShadowPowerManager
instanceKlass org/robolectric/shadows/ShadowPendingIntent$1
instanceKlass org/robolectric/shadows/ShadowPendingIntent
instanceKlass org/robolectric/shadows/ShadowAsyncTask
instanceKlass org/robolectric/shadows/ShadowParcelFileDescriptor$1
instanceKlass org/robolectric/shadows/ShadowParcelFileDescriptor
instanceKlass com/google/common/collect/Sets
instanceKlass org/robolectric/shadows/ShadowNotificationManager
instanceKlass android/nfc/BeamShareData
instanceKlass android/nfc/NfcAdapter$CreateBeamUrisCallback
instanceKlass android/nfc/NfcAdapter$NfcUnlockHandler
instanceKlass android/nfc/INfcAdapterExtras
instanceKlass android/nfc/NfcAdapter$ReaderCallback
instanceKlass android/nfc/NdefMessage
instanceKlass android/nfc/NfcAdapter$OnNdefPushCompleteCallback
instanceKlass android/nfc/NfcAdapter$CreateNdefMessageCallback
instanceKlass android/nfc/Tag
instanceKlass android/nfc/IAppCallback
instanceKlass android/nfc/INfcTag
instanceKlass android/nfc/INfcAdapter
instanceKlass android/nfc/INfcUnlockHandler
instanceKlass org/robolectric/shadows/ShadowNfcAdapter$NfcAdapterReflector$$Reflector25
instanceKlass org/robolectric/shadows/ShadowNfcAdapter$NfcAdapterReflector
instanceKlass org/robolectric/shadows/ShadowNfcAdapter
instanceKlass org/robolectric/shadows/ShadowNetworkScoreManager
instanceKlass android/view/MotionEvent$1
instanceKlass org/robolectric/shadows/NativeInput$PointerCoords
instanceKlass android/view/InputEvent$1
instanceKlass android/view/InputDevice
instanceKlass android/view/MotionEvent$PointerProperties
instanceKlass android/view/MotionEvent$PointerCoords
instanceKlass org/robolectric/shadows/NativeInput
instanceKlass org/robolectric/shadows/NativeInput$AInputEvent
instanceKlass org/robolectric/shadows/ShadowInputEvent
instanceKlass org/robolectric/shadows/ShadowMimeTypeMap
instanceKlass org/robolectric/shadows/ShadowMessenger
instanceKlass android/os/Message$1
instanceKlass android/os/Messenger
instanceKlass org/robolectric/shadows/ShadowMessage$MessageReflector$$Reflector24
instanceKlass org/robolectric/shadows/ShadowMessage$MessageReflector
instanceKlass org/robolectric/shadows/ShadowMediaStore
instanceKlass org/robolectric/shadows/ShadowMediaSessionManager
instanceKlass org/robolectric/shadows/ShadowMediaScannerConnection
instanceKlass android/media/MediaRouter$RouteCategory
instanceKlass android/hardware/display/WifiDisplay
instanceKlass android/media/MediaRouter$Callback
instanceKlass android/media/AudioRoutesInfo
instanceKlass android/media/MediaRouter$Static
instanceKlass android/hardware/display/DisplayManager$DisplayListener
instanceKlass android/media/MediaRouter$RouteInfo
instanceKlass android/media/MediaRouter
instanceKlass org/robolectric/shadows/ShadowMediaRouter
instanceKlass org/robolectric/shadows/ShadowMediaPlayer$ErrorCallback
instanceKlass org/robolectric/shadows/ShadowMediaPlayer$3
instanceKlass org/robolectric/shadows/ShadowMediaPlayer$2
instanceKlass org/robolectric/shadows/ShadowMediaPlayer$1
instanceKlass org/robolectric/shadows/ShadowMediaPlayer$MediaEvent
instanceKlass org/robolectric/shadows/ShadowPlayerBase
instanceKlass org/robolectric/shadows/ShadowMediaMetadataRetriever
instanceKlass org/robolectric/shadows/util/DataSource$FileDescriptorTransform
instanceKlass org/robolectric/shadows/util/DataSource
instanceKlass org/robolectric/shadows/ShadowMediaExtractor
instanceKlass android/media/MediaCodecInfo$CodecCapabilities
instanceKlass android/media/MediaFormat
instanceKlass android/media/MediaCodecInfo
instanceKlass android/media/MediaCodecList
instanceKlass org/robolectric/shadows/ShadowMediaCodecList
instanceKlass org/robolectric/shadows/ShadowMediaCodec$CodecConfig$Codec
instanceKlass org/robolectric/shadows/ShadowMediaCodec$CodecConfig
instanceKlass org/robolectric/shadows/ShadowMediaCodec
instanceKlass org/robolectric/shadows/ShadowMediaActionSound
instanceKlass android/location/LocationListener
instanceKlass org/robolectric/shadows/ShadowLocationManager
instanceKlass org/robolectric/shadows/ShadowTypeface
instanceKlass org/robolectric/util/SoftThreadLocal
instanceKlass org/robolectric/shadows/ShadowLegacyCanvas$NativeCanvas
instanceKlass org/robolectric/shadows/ShadowCanvas
instanceKlass org/robolectric/shadows/ShadowLauncherApps
instanceKlass org/robolectric/shadows/ShadowKeyguardManager$ShadowKeyguardLock
instanceKlass org/robolectric/shadows/ShadowKeyguardManager
instanceKlass android/view/InputEventSender
instanceKlass android/view/InputChannel
instanceKlass com/android/internal/view/IInputMethodSession
instanceKlass android/view/inputmethod/CursorAnchorInfo
instanceKlass android/view/inputmethod/CompletionInfo
instanceKlass android/view/inputmethod/EditorInfo
instanceKlass android/text/InputType
instanceKlass com/android/internal/view/IInputMethodManager
instanceKlass android/view/inputmethod/InputConnection
instanceKlass com/android/internal/view/IInputContext
instanceKlass com/android/internal/view/IInputMethodClient
instanceKlass org/robolectric/shadows/ShadowInputMethodManager$_InputMethodManager_$$Reflector23
instanceKlass android/view/inputmethod/InputMethodManager
instanceKlass org/robolectric/shadows/ShadowInputMethodManager$_InputMethodManager_
instanceKlass com/google/common/base/Optional
instanceKlass org/robolectric/shadows/ShadowInputMethodManager
instanceKlass android/hardware/input/IInputManager
instanceKlass android/hardware/input/IInputDevicesChangedListener
instanceKlass android/os/Vibrator
instanceKlass android/hardware/input/InputManager
instanceKlass org/robolectric/shadows/ShadowInputManager
instanceKlass org/robolectric/shadows/ShadowGeocoder
instanceKlass android/view/SurfaceHolder
instanceKlass org/robolectric/shadows/ShadowEventLog
instanceKlass org/robolectric/shadows/ShadowEnvironment
instanceKlass org/robolectric/shadows/ShadowDropBoxManager
instanceKlass org/robolectric/shadows/ShadowDownloadManager
instanceKlass org/robolectric/shadows/ShadowDexFile
instanceKlass org/robolectric/shadows/ShadowDevicePolicyManager
instanceKlass org/robolectric/shadows/ShadowDebug
instanceKlass java/util/AbstractMap$SimpleEntry
instanceKlass jdk/internal/jimage/ImageBufferCache$2
instanceKlass jdk/internal/jimage/ImageBufferCache
instanceKlass org/objectweb/asm/tree/TryCatchBlockNode
instanceKlass android/webkit/CookieManager
instanceKlass org/robolectric/shadows/ShadowCookieManager
instanceKlass org/robolectric/shadows/ShadowNetworkCapabilities$NetworkCapabilitiesReflector$$Reflector22
instanceKlass org/robolectric/shadows/ShadowNetworkCapabilities$NetworkCapabilitiesReflector
instanceKlass android/net/NetworkCapabilities$1
instanceKlass android/net/NetworkSpecifier
instanceKlass android/net/TransportInfo
instanceKlass android/net/NetworkCapabilities
instanceKlass org/robolectric/shadows/ShadowNetworkCapabilities
instanceKlass android/net/Network$2
instanceKlass java/net/DatagramSocket
instanceKlass com/android/okhttp/HostResolver
instanceKlass android/net/Network
instanceKlass org/robolectric/shadows/ShadowNetwork
instanceKlass org/robolectric/shadows/ShadowNetworkInfo
instanceKlass android/net/NetworkInfo
instanceKlass org/robolectric/shadows/ShadowConnectivityManager
instanceKlass org/robolectric/shadows/ShadowClipboardManager
instanceKlass android/nfc/NfcAdapter
instanceKlass org/robolectric/shadows/ShadowCardEmulation$CardEmulationReflector$$Reflector21
instanceKlass android/nfc/INfcCardEmulation
instanceKlass android/nfc/cardemulation/CardEmulation
instanceKlass org/robolectric/shadows/ShadowCardEmulation$CardEmulationReflector
instanceKlass org/robolectric/shadows/ShadowCardEmulation
instanceKlass android/hardware/camera2/CameraDevice
instanceKlass org/robolectric/shadows/ShadowCameraManager
instanceKlass org/robolectric/shadows/ShadowCamera
instanceKlass org/robolectric/shadows/ShadowCamcorderProfile
instanceKlass org/robolectric/shadows/ShadowCallLogCalls
instanceKlass org/robolectric/shadows/ShadowBuild$_VERSION_$$Reflector20
instanceKlass org/robolectric/shadows/ShadowBuild$_VERSION_
instanceKlass org/robolectric/shadows/ShadowBuild$_Build_$$Reflector19
instanceKlass org/robolectric/shadows/ShadowBuild$_Build_
instanceKlass com/google/common/primitives/ImmutableIntArray
instanceKlass org/robolectric/shadows/ShadowBluetoothManager
instanceKlass org/robolectric/shadows/ShadowBluetoothDevice
instanceKlass android/bluetooth/IBluetooth
instanceKlass android/bluetooth/IBluetoothManager
instanceKlass android/bluetooth/le/ScanCallback
instanceKlass android/bluetooth/IBluetoothManagerCallback
instanceKlass org/robolectric/shadows/ShadowBluetoothAdapter$BluetoothAdapterReflector$$Reflector18
instanceKlass android/bluetooth/le/BluetoothLeAdvertiser
instanceKlass android/bluetooth/le/BluetoothLeScanner
instanceKlass android/bluetooth/BluetoothProfile$ServiceListener
instanceKlass android/bluetooth/BluetoothProfile
instanceKlass android/bluetooth/BluetoothDevice
instanceKlass org/robolectric/shadows/ShadowBluetoothAdapter$BluetoothAdapterReflector
instanceKlass org/robolectric/shadows/ShadowBluetoothAdapter
instanceKlass java/awt/Transparency
instanceKlass java/awt/image/WritableRenderedImage
instanceKlass java/awt/image/RenderedImage
instanceKlass java/awt/Image
instanceKlass org/robolectric/shadows/ShadowBitmapFactory
instanceKlass org/robolectric/shadows/ShadowBatteryManager
instanceKlass org/robolectric/shadows/ShadowBackupManager$BackupManagerServiceState
instanceKlass org/robolectric/shadows/ShadowBackupManager
instanceKlass org/robolectric/shadows/ShadowBackgroundThread$_BackgroundThread_$$Reflector17
instanceKlass org/robolectric/shadows/ShadowBackgroundThread$_BackgroundThread_
instanceKlass org/robolectric/shadows/ShadowBackgroundThread
instanceKlass org/robolectric/shadows/ShadowAudioTrack
instanceKlass com/google/common/collect/Multimaps
instanceKlass com/google/common/collect/Synchronized$SynchronizedObject
instanceKlass com/google/common/collect/ListMultimap
instanceKlass com/google/common/collect/SortedSetMultimap
instanceKlass com/google/common/collect/Synchronized
instanceKlass com/google/common/collect/Tables$1
instanceKlass com/google/common/collect/Table$Cell
instanceKlass com/google/common/collect/RowSortedTable
instanceKlass com/google/common/collect/Tables
instanceKlass com/google/common/collect/HashBasedTable$Factory
instanceKlass com/google/common/collect/AbstractTable
instanceKlass com/google/common/collect/Table
instanceKlass org/robolectric/shadows/ShadowAudioSystem
instanceKlass android/media/AudioRecord
instanceKlass org/robolectric/shadows/ShadowAudioRecord$AudioRecordSourceProvider
instanceKlass org/robolectric/shadows/ShadowAudioRecord$1
instanceKlass org/robolectric/shadows/ShadowAudioRecord$AudioRecordSource
instanceKlass org/robolectric/shadows/ShadowAudioRecord
instanceKlass org/robolectric/shadows/ShadowAudioManager
instanceKlass org/robolectric/shadows/ShadowAudioEffect
instanceKlass org/robolectric/shadows/ShadowAssetManager$_AssetManager_$$Reflector16
instanceKlass org/robolectric/shadows/ShadowAssetManager$_AssetManager_
instanceKlass android/view/View
instanceKlass android/view/accessibility/AccessibilityEventSource
instanceKlass android/graphics/drawable/Drawable$Callback
instanceKlass android/view/ViewParent
instanceKlass org/robolectric/shadows/ShadowAppWidgetManager
instanceKlass com/google/common/collect/CompactHashMap$Itr
instanceKlass org/robolectric/shadows/ShadowAppOpsManager
instanceKlass org/robolectric/shadows/ShadowAlarmManager$ScheduledAlarm
instanceKlass org/robolectric/shadows/ShadowAlarmManager
instanceKlass org/robolectric/shadows/ShadowAccountManager$BaseRoboAccountManagerFuture
instanceKlass android/accounts/AccountManagerFuture
instanceKlass org/robolectric/shadows/ShadowAccountManager
instanceKlass org/robolectric/shadows/ShadowAccessibilityNodeInfo
instanceKlass org/robolectric/shadows/ShadowAccessibilityManager
instanceKlass javolution/util/stripped/FastMap$EntryIterator
instanceKlass javolution/util/stripped/FastCollection
instanceKlass kotlinx/coroutines/JobSupport$Finishing
instanceKlass kotlinx/coroutines/CopyableThrowable
instanceKlass kotlinx/coroutines/IncompleteStateBox
instanceKlass android/database/sqlite/SQLiteConnectionPool$1
instanceKlass com/mapsupervision/core/result/AppResult
instanceKlass com/mapsupervision/data/db/entity/ChatHistoryEntity
instanceKlass androidx/room/util/MappedColumnsSQLiteStatementWrapper
instanceKlass androidx/room/util/SQLiteStatementUtil__StatementUtil_androidKt
instanceKlass androidx/room/util/SQLiteStatementUtil__StatementUtilKt
instanceKlass androidx/room/util/SQLiteStatementUtil
instanceKlass kotlin/jvm/internal/Ref$ObjectRef
instanceKlass kotlinx/coroutines/scheduling/WorkQueue
instanceKlass kotlin/collections/builders/ListBuilderKt
instanceKlass kotlin/collections/builders/MapBuilder$Companion
instanceKlass kotlin/collections/builders/MapBuilder
instanceKlass kotlin/jvm/internal/markers/KMutableMap
instanceKlass kotlin/collections/builders/SetBuilder$Companion
instanceKlass kotlinx/coroutines/internal/LimitedDispatcher$Worker
instanceKlass kotlinx/coroutines/internal/LockFreeTaskQueueCore$Placeholder
instanceKlass kotlin/jvm/internal/markers/KMutableSet
instanceKlass kotlin/jvm/internal/markers/KMutableCollection
instanceKlass kotlin/jvm/internal/markers/KMutableIterable
instanceKlass kotlin/collections/SetsKt__SetsJVMKt
instanceKlass kotlin/coroutines/jvm/internal/SpillingKt
instanceKlass com/mapsupervision/domain/model/ChatHistoryMessage
instanceKlass kotlin/coroutines/jvm/internal/CompletedContinuation
instanceKlass kotlinx/coroutines/internal/Removed
instanceKlass kotlinx/coroutines/InactiveNodeList
instanceKlass org/robolectric/shadows/ShadowLegacySQLiteConnection$Connections$11
instanceKlass org/robolectric/shadows/ShadowLegacySQLiteConnection$Connections$12
instanceKlass androidx/room/driver/SupportSQLitePooledConnection$SupportSQLiteTransactor
instanceKlass androidx/room/TransactionScope
instanceKlass androidx/room/driver/SupportSQLitePooledConnection$WhenMappings
instanceKlass kotlin/coroutines/jvm/internal/Boxing
instanceKlass org/robolectric/shadows/ShadowLegacySQLiteConnection$Connections$16
instanceKlass androidx/room/RoomMasterTable
instanceKlass androidx/sqlite/db/SupportSQLiteStatement
instanceKlass androidx/sqlite/SQLite
instanceKlass kotlin/jdk7/AutoCloseableKt
instanceKlass org/robolectric/shadows/ShadowLegacyCursorWindow$Value
instanceKlass org/robolectric/shadows/ShadowLegacyCursorWindow$Row
instanceKlass org/robolectric/shadows/ShadowLegacySQLiteConnection$Connections$18
instanceKlass com/android/internal/util/GrowingArrayUtils
instanceKlass org/robolectric/shadows/ShadowLegacyCursorWindow$Data
instanceKlass org/robolectric/res/android/DynamicRefTable$1
instanceKlass org/robolectric/res/android/StringPoolRef
instanceKlass org/robolectric/res/android/ResTable$Entry
instanceKlass org/robolectric/shadows/ShadowCursorWindow$CursorWindowReflector$$Reflector15
instanceKlass org/robolectric/shadows/ShadowCursorWindow$CursorWindowReflector
instanceKlass org/robolectric/shadows/ShadowLegacyCursorWindow$WindowData
instanceKlass android/database/CharArrayBuffer
instanceKlass android/database/CursorWindow$1
instanceKlass org/robolectric/shadows/ShadowCursorWindow
instanceKlass android/os/StrictMode$6
instanceKlass org/robolectric/shadows/ShadowStrictModeVmPolicy
instanceKlass android/os/StrictMode$VmPolicy
instanceKlass android/os/StrictMode$ThreadPolicy
instanceKlass android/os/StrictMode$ViolationInfo
instanceKlass android/util/Singleton
instanceKlass android/os/StrictMode$Span
instanceKlass android/os/StrictMode
instanceKlass android/database/Observable
instanceKlass androidx/sqlite/db/framework/FrameworkSQLiteProgram
instanceKlass androidx/sqlite/db/SupportSQLiteProgram
instanceKlass android/database/sqlite/SQLiteDirectCursorDriver
instanceKlass android/database/AbstractCursor
instanceKlass android/database/CrossProcessCursor
instanceKlass kotlin/jvm/functions/Function4
instanceKlass androidx/room/driver/SupportSQLiteStatement$SupportAndroidSQLiteStatement$ensureCursor$1
instanceKlass androidx/sqlite/db/SupportSQLiteQuery
instanceKlass androidx/room/driver/SupportSQLiteStatement$SupportAndroidSQLiteStatement$Companion
instanceKlass kotlin/text/CharsKt__CharJVMKt
instanceKlass androidx/room/driver/SupportSQLiteStatement$Companion
instanceKlass androidx/room/driver/SupportSQLiteStatement
instanceKlass androidx/sqlite/SQLiteStatement
instanceKlass android/database/sqlite/SQLiteSession$1
instanceKlass kotlin/UnsafeLazyImpl
instanceKlass androidx/sqlite/db/framework/FrameworkSQLiteDatabase$Companion
instanceKlass androidx/sqlite/db/framework/FrameworkSQLiteDatabase
instanceKlass androidx/sqlite/db/SupportSQLiteDatabase
instanceKlass org/robolectric/shadows/ShadowLegacySQLiteConnection$Connections$10
instanceKlass org/robolectric/shadows/ShadowLegacySQLiteConnection$Connections$9
instanceKlass android/database/sqlite/SQLiteSession$Transaction
instanceKlass org/robolectric/shadows/ShadowLegacySQLiteConnection$Connections$14
instanceKlass org/robolectric/shadows/ShadowLegacySQLiteConnection$Connections$19
instanceKlass org/robolectric/shadows/ShadowLegacySQLiteConnection$Connections$8
instanceKlass org/robolectric/shadows/ShadowLegacySQLiteConnection$Connections$7
instanceKlass com/almworks/sqlite4java/SWIGTYPE_p_direct_buffer
instanceKlass com/almworks/sqlite4java/ProgressHandler
instanceKlass org/robolectric/shadows/ShadowLegacySQLiteConnection$Connections$6
instanceKlass org/robolectric/shadows/ShadowLegacySQLiteConnection$Connections$5
instanceKlass android/database/DatabaseUtils$InsertHelper
instanceKlass android/database/DatabaseUtils
instanceKlass org/robolectric/shadows/ShadowLegacySQLiteConnection$Connections$4
instanceKlass com/almworks/sqlite4java/SQLiteStatement
instanceKlass com/almworks/sqlite4java/SWIGTYPE_p_sqlite3_stmt
instanceKlass com/almworks/sqlite4java/SQLParts
instanceKlass org/robolectric/shadows/ShadowLegacySQLiteConnection$Connections$2
instanceKlass android/os/SystemClock
instanceKlass org/robolectric/shadows/ShadowSystem
instanceKlass com/almworks/sqlite4java/SWIGTYPE_p_sqlite3
instanceKlass javolution/util/stripped/FastComparator
instanceKlass javolution/util/stripped/FastMap$Entry
instanceKlass javolution/util/stripped/FastCollection$Record
instanceKlass javolution/util/stripped/FastMap
instanceKlass com/almworks/sqlite4java/SQLiteController
instanceKlass com/almworks/sqlite4java/SQLiteConnection
instanceKlass com/google/common/util/concurrent/Uninterruptibles
instanceKlass org/robolectric/shadows/ShadowLegacySQLiteConnection$Connections$1
instanceKlass com/almworks/sqlite4java/_SQLiteManualJNI
instanceKlass com/almworks/sqlite4java/_SQLiteManual
instanceKlass java/net/URLEncoder
instanceKlass java/net/URLDecoder
instanceKlass com/almworks/sqlite4java/_SQLiteSwiggedJNI
instanceKlass com/almworks/sqlite4java/_SQLiteSwigged
instanceKlass com/almworks/sqlite4java/Internal
instanceKlass java/util/logging/Formatter
instanceKlass com/almworks/sqlite4java/SQLite
instanceKlass com/google/common/io/ByteArrayDataInput
instanceKlass com/google/common/io/ByteArrayDataOutput
instanceKlass com/google/common/io/ByteStreams
instanceKlass com/google/common/io/Closer$Suppressor
instanceKlass com/google/common/io/Closer
instanceKlass com/google/common/io/CharSource
instanceKlass com/google/common/hash/PrimitiveSink
instanceKlass com/google/common/base/MoreObjects
instanceKlass com/google/common/io/Resources
instanceKlass com/google/common/io/TempFileCreator$JavaNioCreator$PermissionSupplier
instanceKlass com/google/common/io/TempFileCreator$JavaNioCreator$1
instanceKlass java/util/RegularEnumSet$EnumSetIterator
instanceKlass java/nio/file/attribute/AclEntry$Builder
instanceKlass java/nio/file/attribute/AclEntry
instanceKlass sun/nio/fs/WindowsUserPrincipals$User
instanceKlass java/nio/file/attribute/UserPrincipal
instanceKlass sun/nio/fs/WindowsUserPrincipals
instanceKlass java/lang/ProcessHandleImpl$Info
instanceKlass java/lang/ProcessHandleImpl
instanceKlass java/util/concurrent/CompletableFuture
instanceKlass java/util/concurrent/CompletionStage
instanceKlass java/lang/ProcessHandle$Info
instanceKlass java/lang/ProcessHandle
instanceKlass java/nio/file/attribute/UserPrincipalLookupService
instanceKlass sun/nio/fs/WindowsFileSystem$LookupService
instanceKlass com/google/common/io/TempFileCreator
instanceKlass com/google/common/io/Files$2
instanceKlass com/google/common/io/ByteSink
instanceKlass com/google/common/io/LineProcessor
instanceKlass com/google/common/io/ByteSource
instanceKlass com/google/common/graph/SuccessorsFunction
instanceKlass com/google/common/io/Files
instanceKlass org/robolectric/shadows/util/SQLiteLibraryLoader$LibraryNameMapper
instanceKlass org/robolectric/shadows/util/SQLiteLibraryLoader
instanceKlass android/util/Log$1
instanceKlass android/util/Log$TerribleFailureHandler
instanceKlass android/util/Log
instanceKlass android/database/sqlite/SQLiteDebug$PagerStats
instanceKlass android/database/sqlite/SQLiteDebug
instanceKlass android/util/LruCache
instanceKlass android/database/sqlite/SQLiteConnection$1
instanceKlass android/database/sqlite/SQLiteConnection$Operation
instanceKlass android/database/sqlite/SQLiteConnection$OperationLog
instanceKlass org/robolectric/shadows/ShadowSQLiteConnection$SQLiteConnectionReflector$$Reflector14
instanceKlass com/google/common/collect/ImmutableCollection$Builder
instanceKlass org/robolectric/shadows/ShadowLegacySQLiteConnection$Connections$StatementOperation
instanceKlass org/robolectric/shadows/ShadowSQLiteConnection$SQLiteConnectionReflector
instanceKlass org/robolectric/shadows/ShadowLegacySQLiteConnection$Connections
instanceKlass android/database/sqlite/SQLiteDebug$DbStats
instanceKlass android/database/sqlite/SQLiteConnection$PreparedStatement
instanceKlass android/database/sqlite/SQLiteStatementInfo
instanceKlass android/database/sqlite/SQLiteCustomFunction
instanceKlass org/robolectric/shadows/ShadowSQLiteConnection
instanceKlass com/google/common/collect/ObjectArrays
instanceKlass org/robolectric/shadows/SQLiteShadowPicker
instanceKlass android/database/sqlite/SQLiteConnection
instanceKlass android/database/sqlite/SQLiteConnectionPool$ConnectionWaiter
instanceKlass android/os/CancellationSignal$OnCancelListener
instanceKlass android/database/sqlite/SQLiteConnectionPool
instanceKlass android/database/sqlite/SQLiteDatabaseConfiguration
instanceKlass android/database/DefaultDatabaseErrorHandler
instanceKlass dalvik/system/CloseGuard$1
instanceKlass dalvik/system/CloseGuard$DefaultReporter
instanceKlass org/robolectric/shadows/ShadowCloseGuard$CloseGuardReflector$$Reflector13
instanceKlass org/robolectric/shadows/ShadowCloseGuard$CloseGuardReflector
instanceKlass org/robolectric/shadows/ShadowCloseGuard
instanceKlass dalvik/system/CloseGuard$Reporter
instanceKlass dalvik/system/CloseGuard
instanceKlass android/database/sqlite/SQLiteDatabase$CustomFunction
instanceKlass android/database/sqlite/SQLiteSession
instanceKlass android/database/sqlite/SQLiteTransactionListener
instanceKlass java/io/FileFilter
instanceKlass android/database/sqlite/SQLiteCursorDriver
instanceKlass dalvik/system/BlockGuard$1
instanceKlass dalvik/system/BlockGuard$Policy
instanceKlass dalvik/system/BlockGuard
instanceKlass org/robolectric/shadows/ShadowBlockGuardOs
instanceKlass org/robolectric/shadows/ShadowPosix
instanceKlass libcore/io/Posix
instanceKlass libcore/io/ForwardingOs
instanceKlass libcore/io/Os
instanceKlass libcore/io/Libcore
instanceKlass org/robolectric/shadows/ShadowOs
instanceKlass android/system/Os
instanceKlass org/robolectric/shadows/ShadowFileUtils
instanceKlass android/os/FileUtils
instanceKlass java/util/UUID$Holder
instanceKlass androidx/sqlite/util/ProcessLock$Companion
instanceKlass androidx/sqlite/util/ProcessLock
instanceKlass androidx/sqlite/db/framework/FrameworkSQLiteOpenHelper$DBRefHolder
instanceKlass androidx/sqlite/db/framework/FrameworkSQLiteOpenHelper$OpenHelper$Companion
instanceKlass org/robolectric/shadows/ShadowSQLiteOpenHelper
instanceKlass androidx/room/driver/SupportSQLiteConnection
instanceKlass androidx/room/driver/SupportSQLitePooledConnection
instanceKlass androidx/room/coroutines/RawConnectionAccessor
instanceKlass androidx/room/Transactor
instanceKlass androidx/room/PooledConnection
instanceKlass androidx/arch/core/executor/DefaultTaskExecutor$1
instanceKlass kotlinx/coroutines/JobKt__JobKt
instanceKlass kotlinx/coroutines/JobKt
instanceKlass kotlinx/coroutines/BuildersKt__Builders_commonKt
instanceKlass androidx/room/TransactionElement$Key
instanceKlass androidx/room/TransactionElement
instanceKlass androidx/room/util/DBUtil__DBUtil_androidKt
instanceKlass androidx/room/util/DBUtil
instanceKlass androidx/sqlite/SQLiteConnection
instanceKlass com/mapsupervision/data/db/entity/ProjectEntity
instanceKlass com/mapsupervision/data/db/DbTypeConverters
instanceKlass kotlin/ResultKt
instanceKlass kotlinx/coroutines/DispatchedTaskKt
instanceKlass kotlinx/coroutines/CompletedExceptionally
instanceKlass kotlinx/coroutines/UndispatchedMarker
instanceKlass kotlinx/coroutines/CoroutineName$Key
instanceKlass kotlinx/coroutines/EventLoop_commonKt
instanceKlass kotlinx/coroutines/AbstractTimeSourceKt
instanceKlass kotlinx/coroutines/CompletionStateKt
instanceKlass kotlinx/coroutines/internal/ThreadState
instanceKlass kotlinx/coroutines/internal/ThreadContextKt
instanceKlass kotlinx/coroutines/internal/DispatchedContinuationKt
instanceKlass kotlinx/coroutines/scheduling/Task
instanceKlass kotlin/coroutines/jvm/internal/DebugProbesKt
instanceKlass kotlin/coroutines/intrinsics/IntrinsicsKt__IntrinsicsJvmKt
instanceKlass kotlinx/coroutines/intrinsics/CancellableKt
instanceKlass kotlinx/coroutines/CoroutineStart$WhenMappings
instanceKlass kotlinx/coroutines/CoroutineId$Key
instanceKlass kotlinx/coroutines/CopyableThreadContextElement
instanceKlass kotlinx/coroutines/CoroutineContextKt
instanceKlass kotlinx/coroutines/GlobalScope
instanceKlass kotlinx/coroutines/EventLoopKt
instanceKlass kotlinx/coroutines/internal/ThreadLocalKt
instanceKlass kotlinx/coroutines/ThreadLocalEventLoop
instanceKlass kotlinx/coroutines/BuildersKt__BuildersKt
instanceKlass kotlinx/coroutines/BuildersKt
instanceKlass kotlin/coroutines/jvm/internal/BaseContinuationImpl
instanceKlass kotlin/coroutines/jvm/internal/CoroutineStackFrame
instanceKlass kotlin/coroutines/jvm/internal/SuspendFunction
instanceKlass androidx/room/EntityInsertAdapter
instanceKlass kotlinx/coroutines/DefaultExecutorKt
instanceKlass kotlinx/coroutines/internal/LimitedDispatcherKt
instanceKlass kotlinx/coroutines/internal/LockFreeTaskQueueCore$Companion
instanceKlass kotlinx/coroutines/internal/LockFreeTaskQueueCore
instanceKlass kotlinx/coroutines/internal/ResizableAtomicArray
instanceKlass kotlinx/coroutines/internal/LockFreeTaskQueue
instanceKlass kotlinx/coroutines/scheduling/CoroutineScheduler$Companion
instanceKlass kotlinx/coroutines/scheduling/CoroutineScheduler
instanceKlass kotlinx/coroutines/scheduling/SchedulerTimeSource
instanceKlass kotlin/ranges/RangesKt__RangesKt
instanceKlass kotlinx/coroutines/scheduling/TasksKt
instanceKlass kotlinx/coroutines/Dispatchers
instanceKlass kotlinx/coroutines/selects/SelectInstance
instanceKlass kotlinx/coroutines/sync/SemaphoreKt
instanceKlass java/util/concurrent/atomic/AtomicReferenceArray
instanceKlass kotlinx/coroutines/internal/ConcurrentLinkedListNode
instanceKlass kotlinx/coroutines/NotCompleted
instanceKlass java/util/concurrent/atomic/AtomicIntegerFieldUpdater$AtomicIntegerFieldUpdaterImpl$1
instanceKlass java/util/concurrent/atomic/AtomicLongFieldUpdater$CASUpdater$1
instanceKlass java/util/concurrent/atomic/AtomicIntegerFieldUpdater
instanceKlass java/util/concurrent/atomic/AtomicLongFieldUpdater
instanceKlass kotlin/jvm/functions/Function3
instanceKlass kotlinx/coroutines/sync/SemaphoreAndMutexImpl
instanceKlass kotlinx/coroutines/sync/Mutex
instanceKlass kotlinx/coroutines/sync/MutexKt
instanceKlass androidx/room/support/AutoClosingRoomOpenHelper
instanceKlass androidx/room/support/PrePackagedCopyOpenHelper
instanceKlass androidx/room/DelegatingOpenHelper
instanceKlass kotlinx/coroutines/internal/ContextScope
instanceKlass kotlinx/coroutines/CoroutineScope
instanceKlass kotlinx/coroutines/CoroutineScopeKt
instanceKlass kotlin/coroutines/CombinedContext
instanceKlass kotlin/coroutines/ContinuationInterceptor$DefaultImpls
instanceKlass kotlinx/coroutines/Job$Key
instanceKlass kotlinx/coroutines/Job$DefaultImpls
instanceKlass kotlin/coroutines/EmptyCoroutineContext
instanceKlass kotlin/coroutines/CoroutineContext$DefaultImpls
instanceKlass kotlin/coroutines/CoroutineContext$Element$DefaultImpls
instanceKlass kotlinx/coroutines/internal/LockFreeLinkedListNode
instanceKlass kotlinx/coroutines/NonDisposableHandle
instanceKlass kotlinx/coroutines/ChildHandle
instanceKlass kotlinx/coroutines/DisposableHandle
instanceKlass kotlinx/coroutines/internal/SystemPropsKt__SystemProps_commonKt
instanceKlass kotlinx/coroutines/internal/SystemPropsKt__SystemPropsKt
instanceKlass kotlinx/coroutines/internal/SystemPropsKt
instanceKlass kotlinx/coroutines/ThreadContextElement
instanceKlass kotlinx/coroutines/DebugKt
instanceKlass kotlinx/coroutines/Empty
instanceKlass kotlinx/coroutines/Incomplete
instanceKlass kotlinx/coroutines/JobSupportKt
instanceKlass kotlinx/coroutines/JobSupport
instanceKlass kotlinx/coroutines/ParentJob
instanceKlass kotlinx/coroutines/ChildJob
instanceKlass kotlinx/coroutines/CompletableJob
instanceKlass kotlinx/coroutines/Job
instanceKlass kotlinx/coroutines/SupervisorKt
instanceKlass kotlin/coroutines/ContinuationInterceptor$Key
instanceKlass kotlin/coroutines/AbstractCoroutineContextKey
instanceKlass kotlin/coroutines/CoroutineContext$Key
instanceKlass kotlin/coroutines/AbstractCoroutineContextElement
instanceKlass kotlin/coroutines/ContinuationInterceptor
instanceKlass kotlin/coroutines/CoroutineContext$Element
instanceKlass kotlin/coroutines/CoroutineContext
instanceKlass kotlinx/coroutines/Delay
instanceKlass kotlinx/coroutines/DispatcherExecutor
instanceKlass kotlinx/coroutines/ExecutorsKt
instanceKlass androidx/room/TransactionExecutor
instanceKlass kotlin/collections/EmptyIterator
instanceKlass com/mapsupervision/data/db/dao/RagDocumentEmbeddingDao_Impl$Companion
instanceKlass com/mapsupervision/data/db/dao/MaterialDeclarationDao_Impl$Companion
instanceKlass com/mapsupervision/data/db/dao/MaterialHandoverDao_Impl$Companion
instanceKlass com/mapsupervision/data/db/dao/WorkPlanDao_Impl$Companion
instanceKlass com/mapsupervision/data/db/dao/AiActionLogDao_Impl$Companion
instanceKlass com/mapsupervision/data/db/dao/ReportDraftDao_Impl$Companion
instanceKlass com/mapsupervision/data/db/dao/ChatHistoryDao_Impl$Companion
instanceKlass com/mapsupervision/data/db/dao/AiDecisionCacheDao_Impl$Companion
instanceKlass com/mapsupervision/data/db/dao/WorkCategoryDao_Impl$Companion
instanceKlass com/mapsupervision/data/db/dao/TaskDao_Impl$Companion
instanceKlass com/mapsupervision/data/db/dao/PhotoTagDao_Impl$Companion
instanceKlass com/mapsupervision/data/db/dao/NoteDao_Impl$Companion
instanceKlass com/mapsupervision/data/db/dao/MaterialProgressDao_Impl$Companion
instanceKlass com/mapsupervision/data/db/dao/ImportedFileDao_Impl$Companion
instanceKlass com/mapsupervision/data/db/dao/GisRouteDao_Impl$Companion
instanceKlass com/mapsupervision/data/db/dao/GisNodeDao_Impl$Companion
instanceKlass com/mapsupervision/data/db/dao/DailyLogPhotoDao_Impl$Companion
instanceKlass com/mapsupervision/data/db/dao/DailyLogNodeDao_Impl$Companion
instanceKlass com/mapsupervision/data/db/dao/DailyLogDao_Impl$Companion
instanceKlass com/mapsupervision/data/db/dao/SitePhotoDao_Impl$Companion
instanceKlass com/mapsupervision/data/db/dao/NodeProgressDao_Impl$Companion
instanceKlass kotlin/collections/EmptyList
instanceKlass com/mapsupervision/data/db/dao/ProjectDao_Impl$Companion
instanceKlass androidx/room/InvalidationLiveDataContainer
instanceKlass kotlin/Unit
instanceKlass kotlinx/coroutines/flow/internal/AbstractSharedFlow
instanceKlass kotlinx/coroutines/flow/internal/FusibleFlow
instanceKlass kotlinx/coroutines/flow/CancellableFlow
instanceKlass kotlinx/coroutines/flow/MutableStateFlow
instanceKlass kotlinx/coroutines/flow/MutableSharedFlow
instanceKlass kotlinx/coroutines/flow/FlowCollector
instanceKlass kotlinx/coroutines/flow/StateFlow
instanceKlass kotlinx/coroutines/flow/SharedFlow
instanceKlass kotlinx/coroutines/flow/Flow
instanceKlass kotlinx/coroutines/internal/Symbol
instanceKlass kotlinx/coroutines/flow/StateFlowKt
instanceKlass androidx/room/ObservedTableVersions
instanceKlass androidx/room/ObservedTableStates
instanceKlass androidx/room/TriggerBasedInvalidationTracker$Companion
instanceKlass androidx/room/TriggerBasedInvalidationTracker
instanceKlass androidx/room/InvalidationTracker$Companion
instanceKlass androidx/room/InvalidationTracker
instanceKlass android/database/sqlite/SQLiteOpenHelper
instanceKlass androidx/sqlite/db/framework/FrameworkSQLiteOpenHelper$Companion
instanceKlass androidx/sqlite/db/framework/FrameworkSQLiteOpenHelper
instanceKlass androidx/sqlite/db/SupportSQLiteOpenHelper
instanceKlass androidx/room/driver/SupportSQLiteDriver
instanceKlass androidx/sqlite/SQLiteDriver
instanceKlass androidx/room/driver/SupportSQLiteConnectionPool
instanceKlass androidx/room/coroutines/ConnectionPool
instanceKlass androidx/sqlite/db/SupportSQLiteOpenHelper$Callback$Companion
instanceKlass androidx/sqlite/db/SupportSQLiteOpenHelper$Callback
instanceKlass androidx/sqlite/db/SupportSQLiteOpenHelper$Configuration$Builder
instanceKlass androidx/sqlite/db/SupportSQLiteOpenHelper$Configuration$Companion
instanceKlass androidx/sqlite/db/SupportSQLiteOpenHelper$Configuration
instanceKlass androidx/room/BaseRoomConnectionManager$Companion
instanceKlass androidx/room/BaseRoomConnectionManager
instanceKlass androidx/room/RoomOpenDelegate
instanceKlass androidx/room/RoomOpenDelegateMarker
instanceKlass com/mapsupervision/data/db/dao/RagDocumentEmbeddingDao_Impl
instanceKlass com/mapsupervision/data/db/dao/RagDocumentEmbeddingDao
instanceKlass com/mapsupervision/data/db/dao/MaterialDeclarationDao_Impl
instanceKlass com/mapsupervision/data/db/dao/MaterialDeclarationDao
instanceKlass com/mapsupervision/data/db/dao/MaterialHandoverDao_Impl
instanceKlass com/mapsupervision/data/db/dao/MaterialHandoverDao
instanceKlass com/mapsupervision/data/db/dao/WorkPlanDao_Impl
instanceKlass com/mapsupervision/data/db/dao/WorkPlanDao
instanceKlass com/mapsupervision/data/db/dao/AiActionLogDao_Impl
instanceKlass com/mapsupervision/data/db/dao/AiActionLogDao
instanceKlass com/mapsupervision/data/db/dao/ReportDraftDao_Impl
instanceKlass com/mapsupervision/data/db/dao/ReportDraftDao
instanceKlass com/mapsupervision/data/db/dao/ChatHistoryDao_Impl
instanceKlass com/mapsupervision/data/db/dao/ChatHistoryDao
instanceKlass com/mapsupervision/data/db/dao/AiDecisionCacheDao_Impl
instanceKlass com/mapsupervision/data/db/dao/AiDecisionCacheDao
instanceKlass com/mapsupervision/data/db/dao/WorkCategoryDao_Impl
instanceKlass com/mapsupervision/data/db/dao/WorkCategoryDao
instanceKlass com/mapsupervision/data/db/dao/TaskDao_Impl
instanceKlass com/mapsupervision/data/db/dao/TaskDao
instanceKlass com/mapsupervision/data/db/dao/PhotoTagDao_Impl
instanceKlass com/mapsupervision/data/db/dao/PhotoTagDao
instanceKlass com/mapsupervision/data/db/dao/NoteDao_Impl
instanceKlass com/mapsupervision/data/db/dao/NoteDao
instanceKlass com/mapsupervision/data/db/dao/MaterialProgressDao_Impl
instanceKlass com/mapsupervision/data/db/dao/MaterialProgressDao
instanceKlass com/mapsupervision/data/db/dao/ImportedFileDao_Impl
instanceKlass com/mapsupervision/data/db/dao/ImportedFileDao
instanceKlass com/mapsupervision/data/db/dao/GisRouteDao_Impl
instanceKlass com/mapsupervision/data/db/dao/GisRouteDao
instanceKlass com/mapsupervision/data/db/dao/GisNodeDao_Impl
instanceKlass com/mapsupervision/data/db/dao/GisNodeDao
instanceKlass com/mapsupervision/data/db/dao/DailyLogPhotoDao_Impl
instanceKlass com/mapsupervision/data/db/dao/DailyLogPhotoDao
instanceKlass com/mapsupervision/data/db/dao/DailyLogNodeDao_Impl
instanceKlass com/mapsupervision/data/db/dao/DailyLogNodeDao
instanceKlass com/mapsupervision/data/db/dao/DailyLogDao_Impl
instanceKlass com/mapsupervision/data/db/dao/DailyLogDao
instanceKlass com/mapsupervision/data/db/dao/SitePhotoDao_Impl
instanceKlass com/mapsupervision/data/db/dao/SitePhotoDao
instanceKlass com/mapsupervision/data/db/dao/NodeProgressDao_Impl
instanceKlass com/mapsupervision/data/db/dao/NodeProgressDao
instanceKlass kotlin/SynchronizedLazyImpl
instanceKlass com/mapsupervision/data/db/dao/ProjectDao_Impl
instanceKlass com/mapsupervision/data/db/dao/ProjectDao
instanceKlass kotlin/jvm/internal/CallableReference$NoReceiver
instanceKlass androidx/room/concurrent/CloseBarrier
instanceKlass androidx/room/migration/Migration
instanceKlass com/mapsupervision/data/db/MapSupervisionDatabase$Companion
instanceKlass androidx/room/RoomDatabase$Companion
instanceKlass kotlin/text/StringsKt__AppendableKt
instanceKlass androidx/room/util/KClassUtil
instanceKlass org/robolectric/shadows/ShadowActivityManager$ActivityManagerReflector$$Reflector12
instanceKlass org/robolectric/shadows/ShadowActivityManager$ActivityManagerReflector
instanceKlass android/app/ActivityManager$RunningAppProcessInfo$1
instanceKlass android/app/ActivityManager$1
instanceKlass android/util/SparseIntArray
instanceKlass android/app/PendingIntent
instanceKlass android/app/ActivityManager$TaskThumbnail
instanceKlass android/app/ActivityManager$TaskDescription
instanceKlass android/content/pm/ConfigurationInfo
instanceKlass android/app/ActivityManager$RunningAppProcessInfo
instanceKlass android/app/ActivityManager$MemoryInfo
instanceKlass android/app/IActivityManager
instanceKlass org/robolectric/shadows/ShadowActivityManager
instanceKlass android/app/ActivityManager
instanceKlass androidx/room/DatabaseConfiguration
instanceKlass androidx/sqlite/db/framework/FrameworkSQLiteOpenHelperFactory
instanceKlass androidx/sqlite/db/SupportSQLiteOpenHelper$Factory
instanceKlass kotlin/coroutines/Continuation
instanceKlass androidx/room/RoomDatabaseKt__RoomDatabaseKt
instanceKlass androidx/room/RoomDatabaseKt
instanceKlass androidx/arch/core/executor/TaskExecutor
instanceKlass kotlin/UNINITIALIZED_VALUE
instanceKlass java/util/concurrent/atomic/AtomicReferenceFieldUpdater$AtomicReferenceFieldUpdaterImpl$1
instanceKlass java/util/concurrent/atomic/AtomicReferenceFieldUpdater
instanceKlass kotlin/SafePublicationLazyImpl$Companion
instanceKlass kotlin/SafePublicationLazyImpl
instanceKlass kotlin/Lazy
instanceKlass kotlin/LazyKt__LazyJVMKt$WhenMappings
instanceKlass kotlin/LazyKt__LazyJVMKt
instanceKlass kotlin/reflect/jvm/internal/KClassImpl$$Lambda$0
instanceKlass kotlin/_Assertions
instanceKlass kotlin/reflect/jvm/internal/impl/name/ClassId$Companion
instanceKlass kotlin/reflect/jvm/internal/impl/name/ClassId
instanceKlass kotlin/collections/ArraysUtilJVM
instanceKlass kotlin/collections/ArraysKt__ArraysJVMKt
instanceKlass kotlin/collections/CollectionsKt__CollectionsJVMKt
instanceKlass java/lang/Override
instanceKlass kotlin/reflect/jvm/internal/impl/resolve/jvm/JvmClassName
instanceKlass kotlin/reflect/jvm/internal/impl/name/Name
instanceKlass kotlin/reflect/jvm/internal/impl/name/FqNameUnsafe$Companion
instanceKlass kotlin/reflect/jvm/internal/impl/name/FqNameUnsafe
instanceKlass kotlin/reflect/jvm/internal/impl/name/FqName$Companion
instanceKlass kotlin/reflect/jvm/internal/impl/load/java/JvmAnnotationNames
instanceKlass kotlin/reflect/jvm/internal/impl/name/FqName
instanceKlass kotlin/reflect/jvm/internal/impl/SpecialJvmAnnotations
instanceKlass kotlin/reflect/jvm/internal/KClassImpl$Companion
instanceKlass kotlin/text/Regex$Companion
instanceKlass kotlin/text/Regex
instanceKlass kotlin/jvm/internal/DefaultConstructorMarker
instanceKlass kotlin/reflect/jvm/internal/KDeclarationContainerImpl$Companion
instanceKlass kotlin/reflect/jvm/internal/KTypeParameterOwnerImpl
instanceKlass kotlin/reflect/jvm/internal/KClassifierImpl
instanceKlass kotlin/reflect/jvm/internal/CachesKt$$Lambda$4
instanceKlass kotlin/reflect/jvm/internal/CachesKt$$Lambda$3
instanceKlass kotlin/reflect/jvm/internal/CachesKt$$Lambda$2
instanceKlass kotlin/reflect/jvm/internal/CachesKt$$Lambda$1
instanceKlass kotlin/reflect/jvm/internal/CacheByClass
instanceKlass kotlin/Result$Failure
instanceKlass kotlin/Result$Companion
instanceKlass kotlin/Result
instanceKlass kotlin/reflect/jvm/internal/CacheByClassKt
instanceKlass kotlin/reflect/jvm/internal/CachesKt$$Lambda$0
instanceKlass kotlin/reflect/jvm/internal/CachesKt
instanceKlass kotlin/reflect/jvm/internal/KDeclarationContainerImpl
instanceKlass kotlin/jvm/internal/ClassBasedDeclarationContainer
instanceKlass kotlin/jvm/internal/CallableReference
instanceKlass kotlin/reflect/KMutableProperty1
instanceKlass kotlin/reflect/KMutableProperty2
instanceKlass kotlin/reflect/KProperty2
instanceKlass kotlin/jvm/functions/Function2
instanceKlass kotlin/reflect/KProperty1
instanceKlass kotlin/jvm/functions/Function1
instanceKlass kotlin/reflect/KTypeParameter
instanceKlass kotlin/reflect/KMutableProperty0
instanceKlass kotlin/reflect/KMutableProperty
instanceKlass kotlin/reflect/KProperty0
instanceKlass kotlin/jvm/functions/Function0
instanceKlass kotlin/reflect/KProperty
instanceKlass kotlin/reflect/KClass
instanceKlass kotlin/jvm/internal/FunctionBase
instanceKlass kotlin/reflect/KDeclarationContainer
instanceKlass kotlin/reflect/KType
instanceKlass kotlin/reflect/KFunction
instanceKlass kotlin/Function
instanceKlass kotlin/reflect/KCallable
instanceKlass kotlin/reflect/KAnnotatedElement
instanceKlass kotlin/jvm/internal/ReflectionFactory
instanceKlass kotlin/reflect/KClassifier
instanceKlass kotlin/jvm/internal/Reflection
instanceKlass kotlin/jvm/JvmClassMappingKt
instanceKlass androidx/room/RoomDatabase$MigrationContainer
instanceKlass androidx/room/RoomDatabase$Builder
instanceKlass androidx/room/Room
instanceKlass androidx/test/core/app/ApplicationProvider
instanceKlass org/junit/rules/MethodRule
instanceKlass org/junit/rules/TestRule
instanceKlass org/junit/runners/BlockJUnit4ClassRunner$RuleCollector
instanceKlass org/junit/runners/RuleContainer$1
instanceKlass org/junit/runners/RuleContainer
instanceKlass org/junit/internal/runners/model/ReflectiveCallable
instanceKlass org/robolectric/TestLifecycleApplication
instanceKlass android/content/pm/PackageStats$1
instanceKlass android/content/pm/PackageInfo$1
instanceKlass android/content/pm/PackageParser$1
instanceKlass android/content/pm/PackageParser$SplitNameComparator
instanceKlass android/content/pm/PackageParser$SplitPermissionInfo
instanceKlass android/content/pm/PackageParser$NewPermissionInfo
instanceKlass android/content/pm/VerifierInfo
instanceKlass android/content/pm/PackageParser$PackageLite
instanceKlass android/content/pm/PackageParser$ApkLite
instanceKlass android/util/Pair
instanceKlass android/content/pm/PackageParser$Component
instanceKlass org/robolectric/shadows/ShadowPackageParser
instanceKlass org/robolectric/shadows/ShadowPackageParser$_PackageParser_$$Reflector11
instanceKlass android/content/pm/PackageUserState
instanceKlass org/robolectric/shadows/ShadowPackageParser$_PackageParser_
instanceKlass android/content/pm/Signature
instanceKlass org/robolectric/shadows/ShadowPackageManager$PackageSetting
instanceKlass android/content/pm/SigningInfo
instanceKlass org/objectweb/asm/ConstantDynamic
instanceKlass org/objectweb/asm/signature/SignatureReader
instanceKlass org/objectweb/asm/signature/SignatureVisitor
instanceKlass com/google/common/collect/PeekingIterator
instanceKlass com/google/common/collect/Iterators
instanceKlass org/objectweb/asm/tree/InsnList$InsnListIterator
instanceKlass org/objectweb/asm/tree/LocalVariableNode
instanceKlass java/util/BitSet
instanceKlass org/objectweb/asm/tree/InsnList
instanceKlass org/objectweb/asm/tree/InnerClassNode
instanceKlass org/objectweb/asm/tree/Util
instanceKlass org/objectweb/asm/Opcodes
instanceKlass org/robolectric/internal/bytecode/MutableClass
instanceKlass android/content/pm/PermissionGroupInfo$1
instanceKlass com/google/common/collect/Platform
instanceKlass com/google/common/collect/Multiset
instanceKlass com/google/common/collect/AbstractMultimap
instanceKlass com/google/common/collect/SetMultimap
instanceKlass org/robolectric/shadows/ShadowPackageManager$IntentComparator
instanceKlass org/robolectric/shadows/SystemFeatureListInitializer
instanceKlass android/content/IntentSender$1
instanceKlass android/content/IntentSender$OnFinished
instanceKlass android/content/IIntentSender
instanceKlass android/content/pm/PackageCleanItem$1
instanceKlass android/content/pm/PermissionInfo$1
instanceKlass android/content/pm/KeySet$1
instanceKlass android/content/pm/VerificationParams$1
instanceKlass android/content/IntentFilter$AuthorityEntry
instanceKlass android/os/PatternMatcher
instanceKlass android/content/IntentFilter$1
instanceKlass android/content/pm/PackageCleanItem
instanceKlass android/content/pm/IPackageDeleteObserver2
instanceKlass android/content/pm/IPackageInstaller
instanceKlass android/content/pm/IPackageInstallObserver2
instanceKlass android/content/pm/ParceledListSlice
instanceKlass org/robolectric/shadows/ShadowActivityThread$1
instanceKlass android/util/ContainerHelpers
instanceKlass android/content/res/ResourcesKey
instanceKlass org/robolectric/shadows/ShadowLoadedApk$_LoadedApk_$$Reflector10
instanceKlass org/robolectric/shadows/ShadowLoadedApk$_LoadedApk_
instanceKlass org/robolectric/shadows/ShadowActivityThread$_AppBindData_$$Reflector9
instanceKlass org/robolectric/shadows/ShadowActivityThread$_AppBindData_
instanceKlass android/content/pm/IPackageMoveObserver
instanceKlass android/content/pm/UserInfo
instanceKlass android/content/pm/VerificationParams
instanceKlass android/content/pm/IPackageStatsObserver
instanceKlass android/content/pm/KeySet
instanceKlass android/app/ApplicationPackageManager$ResourceName
instanceKlass android/content/pm/PackageInstaller
instanceKlass android/os/UserManager
instanceKlass android/content/pm/IPackageInstallObserver
instanceKlass android/content/pm/ContainerEncryptionParams
instanceKlass android/content/pm/ManifestDigest
instanceKlass android/content/pm/PackageStats
instanceKlass android/content/pm/ResolveInfo
instanceKlass android/content/pm/VerifierDeviceIdentity
instanceKlass android/content/pm/FeatureInfo
instanceKlass android/content/pm/IPackageDataObserver
instanceKlass android/content/pm/IPackageDeleteObserver
instanceKlass android/content/pm/PackageInfo
instanceKlass com/google/common/collect/Multimap
instanceKlass org/robolectric/shadows/ShadowPackageManager
instanceKlass android/app/PackageInstallObserver
instanceKlass android/os/PerformanceCollector
instanceKlass org/robolectric/util/ReflectionHelpers$InsideTraversal
instanceKlass android/content/pm/PackageParser
instanceKlass android/content/pm/PackageParser$Package
instanceKlass android/app/Application$OnProvideAssistDataListener
instanceKlass android/app/Application$ActivityLifecycleCallbacks
instanceKlass org/robolectric/shadows/ShadowDisplay$_Display_$$Reflector8
instanceKlass org/robolectric/shadows/ShadowDisplay$_Display_
instanceKlass org/robolectric/android/internal/DisplayConfig
instanceKlass org/robolectric/shadows/ShadowDisplay
instanceKlass android/view/DisplayInfo$1
instanceKlass android/hardware/display/DisplayManagerGlobal$1
instanceKlass org/robolectric/shadows/ShadowDisplayManager
instanceKlass org/robolectric/shadows/ShadowDisplayManagerGlobal$DisplayManagerGlobalReflector$$Reflector7
instanceKlass org/robolectric/shadows/ShadowDisplayManagerGlobal$DisplayManagerGlobalReflector
instanceKlass android/view/Surface$1
instanceKlass android/graphics/Matrix
instanceKlass android/view/SurfaceControl
instanceKlass android/graphics/SurfaceTexture
instanceKlass org/robolectric/shadows/ShadowNativeSurface
instanceKlass org/robolectric/shadows/ShadowSurface
instanceKlass org/robolectric/shadows/GraphicsShadowPicker
instanceKlass android/view/Surface
instanceKlass android/media/projection/IMediaProjection
instanceKlass org/robolectric/shadows/ShadowDisplayManagerGlobal$DisplayManagerProxyDelegate
instanceKlass android/graphics/Point
instanceKlass android/hardware/display/WifiDisplayStatus
instanceKlass android/view/DisplayInfo
instanceKlass android/hardware/display/IDisplayManager
instanceKlass android/hardware/display/IVirtualDisplayCallback
instanceKlass android/hardware/display/IDisplayManagerCallback
instanceKlass android/hardware/display/DisplayManagerGlobal
instanceKlass com/android/internal/util/Preconditions
instanceKlass android/content/Intent$1
instanceKlass android/content/ClipData
instanceKlass android/graphics/Rect
instanceKlass android/content/ClipData$Item
instanceKlass org/robolectric/shadows/ShadowIntent
instanceKlass android/content/SyncInfo
instanceKlass android/content/IContentService
instanceKlass android/content/SyncStatusObserver
instanceKlass android/content/SyncRequest
instanceKlass android/content/SyncStatusInfo
instanceKlass android/content/ContentResolver$OpenResourceIdResult
instanceKlass org/robolectric/fakes/BaseCursor
instanceKlass android/content/ContentProviderResult
instanceKlass android/content/SyncAdapterType
instanceKlass android/database/ContentObserver
instanceKlass android/content/ContentProviderClient
instanceKlass org/robolectric/shadows/ShadowContentResolver$Status
instanceKlass android/accounts/Account
instanceKlass android/os/CancellationSignal
instanceKlass android/content/ContentValues
instanceKlass org/robolectric/util/NamedStream
instanceKlass org/robolectric/shadows/ShadowContentResolver
instanceKlass android/database/Cursor
instanceKlass android/content/ISyncStatusObserver
instanceKlass android/os/UserHandle$1
instanceKlass org/robolectric/shadows/ShadowProcess
instanceKlass android/os/Process
instanceKlass org/robolectric/res/android/LocaleDataTables
instanceKlass org/robolectric/res/android/LocaleData
instanceKlass org/robolectric/res/android/ResTable_config$LocaleParserState
instanceKlass org/robolectric/shadows/ShadowBuild
instanceKlass android/os/Build
instanceKlass android/os/Build$VERSION
instanceKlass org/robolectric/interceptors/AndroidInterceptors
instanceKlass org/robolectric/shadows/ShadowResources$ResourcesReflector$$Reflector6
instanceKlass org/robolectric/shadows/ShadowResources$ResourcesReflector
instanceKlass android/util/Pools
instanceKlass android/util/Pools$SimplePool
instanceKlass android/util/Pools$Pool
instanceKlass org/robolectric/shadows/ShadowBaseStringBlock
instanceKlass android/text/style/UpdateLayout
instanceKlass android/text/style/UpdateAppearance
instanceKlass android/text/ParcelableSpan
instanceKlass android/text/style/CharacterStyle
instanceKlass com/google/common/primitives/UnsignedBytes
instanceKlass org/robolectric/res/android/IdmapEntries
instanceKlass org/robolectric/res/android/ResTable$Type
instanceKlass org/robolectric/res/android/ResTable$Function
instanceKlass org/robolectric/res/android/DynamicRefTable
instanceKlass org/robolectric/res/android/ResTable$TypeCacheEntry
instanceKlass org/robolectric/res/android/ByteBucketArray
instanceKlass org/robolectric/res/android/ResTable$PackageGroup
instanceKlass org/robolectric/res/android/ResTable$ResTablePackage
instanceKlass org/robolectric/res/android/ResourceTypes$ResStringPool_ref
instanceKlass org/robolectric/res/android/CppAssetManager2$Theme
instanceKlass org/robolectric/res/android/ResXMLParser
instanceKlass org/robolectric/res/android/ResXMLTree
instanceKlass org/robolectric/res/android/ResTableTheme
instanceKlass org/robolectric/res/android/CppApkAssets
instanceKlass org/robolectric/res/android/CppAssetManager2
instanceKlass org/robolectric/res/android/Registries
instanceKlass org/robolectric/res/android/ResStringPool
instanceKlass org/robolectric/res/android/ResTable$Header
instanceKlass org/robolectric/res/android/ZipFileRO$ZipEntryRO
instanceKlass com/google/common/primitives/ShortsMethodsForWeb
instanceKlass org/robolectric/res/android/FileMap
instanceKlass org/robolectric/res/android/ZipArchiveHandle
instanceKlass org/robolectric/res/android/Ref
instanceKlass org/robolectric/res/android/ZipFileRO
instanceKlass org/robolectric/res/android/CppAssetManager$SharedZip
instanceKlass java/util/concurrent/Semaphore
instanceKlass org/robolectric/res/android/ResourceTypes
instanceKlass org/robolectric/res/android/ResourceTypes$WithOffset
instanceKlass org/robolectric/res/android/ResTable$bag_entry
instanceKlass org/robolectric/res/android/ResTable$bag_set
instanceKlass org/robolectric/util/PerfStatsCollector$ThrowingRunnable
instanceKlass org/robolectric/res/android/Util
instanceKlass org/robolectric/res/android/CppAssetManager$asset_path
instanceKlass org/robolectric/res/android/String8
instanceKlass org/robolectric/res/Fs
instanceKlass org/robolectric/res/android/CppAssetManager$ZipSet
instanceKlass com/google/common/collect/Hashing
instanceKlass com/google/common/collect/CollectPreconditions
instanceKlass com/google/common/primitives/IntsMethodsForWeb
instanceKlass com/google/common/math/IntMath
instanceKlass com/google/common/collect/ImmutableMap$Builder
instanceKlass com/google/common/base/Converter
instanceKlass com/google/common/collect/ImmutableMap
instanceKlass com/google/common/collect/BiMap
instanceKlass com/google/common/collect/Maps$EntryTransformer
instanceKlass com/google/common/collect/UnmodifiableIterator
instanceKlass com/google/common/collect/SortedMapDifference
instanceKlass com/google/common/collect/MapDifference
instanceKlass com/google/common/collect/Maps
instanceKlass com/google/common/collect/Lists
instanceKlass org/objectweb/asm/TypePath
instanceKlass com/google/common/collect/Ordering
instanceKlass android/content/res/StringBlock
instanceKlass android/content/res/XmlBlock
instanceKlass org/robolectric/res/android/CppAssetManager
instanceKlass org/robolectric/res/android/Asset
instanceKlass org/robolectric/res/android/ResourceTypes$Res_value
instanceKlass org/robolectric/res/android/ResTable
instanceKlass org/robolectric/shadows/ShadowAssetManager
instanceKlass org/robolectric/shadows/ResourceModeShadowPicker
instanceKlass javax/annotation/Nullable
instanceKlass org/robolectric/shadows/ShadowVMRuntime
instanceKlass dalvik/system/VMRuntime
instanceKlass android/util/ArraySet
instanceKlass com/android/internal/util/ArrayUtils
instanceKlass android/content/pm/ActivityInfo$1
instanceKlass android/content/res/AssetFileDescriptor
instanceKlass libcore/icu/NativePluralRules
instanceKlass android/graphics/drawable/Drawable$ConstantState
instanceKlass android/content/res/TypedArray
instanceKlass android/util/LongSparseArray
instanceKlass android/graphics/Movie
instanceKlass android/content/res/ColorStateList
instanceKlass android/util/TypedValue
instanceKlass org/robolectric/shadows/ShadowResources$OnConfigurationChangeListener
instanceKlass android/content/res/XmlResourceParser
instanceKlass org/robolectric/shadows/ShadowResources
instanceKlass android/util/AttributeSet
instanceKlass android/content/pm/ApplicationInfo$1
instanceKlass android/content/res/CompatibilityInfo$2
instanceKlass android/content/res/CompatibilityInfo$Translator
instanceKlass android/content/IIntentReceiver
instanceKlass android/app/IServiceConnection
instanceKlass org/robolectric/shadows/ShadowLoadedApk
instanceKlass java/lang/invoke/MethodHandleImpl$CountingWrapper$1
instanceKlass org/robolectric/shadows/ShadowContextImpl
instanceKlass android/os/DropBoxManager
instanceKlass android/app/WallpaperManager
instanceKlass android/view/DisplayAdjustments
instanceKlass android/database/DatabaseErrorHandler
instanceKlass android/database/sqlite/SQLiteClosable
instanceKlass android/database/sqlite/SQLiteDatabase$CursorFactory
instanceKlass android/content/res/Resources$Theme
instanceKlass android/graphics/drawable/Drawable
instanceKlass android/content/IntentSender
instanceKlass android/net/Uri
instanceKlass android/content/res/AssetManager
instanceKlass android/view/Display
instanceKlass android/content/pm/PackageManager
instanceKlass android/content/ContentResolver
instanceKlass android/app/ContextImpl$ServiceFetcher
instanceKlass org/robolectric/shadows/ShadowContextImpl$_ContextImpl_$$Reflector5
instanceKlass android/content/SharedPreferences
instanceKlass org/robolectric/shadows/ShadowContextImpl$_ContextImpl_
instanceKlass com/google/common/base/Suppliers$MemoizingSupplier
instanceKlass com/google/common/base/Suppliers$NonSerializableMemoizingSupplier
instanceKlass com/google/common/base/Function
instanceKlass com/google/common/base/Suppliers
instanceKlass androidx/test/runner/intent/IntentMonitorRegistry
instanceKlass androidx/test/runner/lifecycle/ApplicationLifecycleMonitorRegistry
instanceKlass androidx/test/runner/lifecycle/ActivityLifecycleMonitorRegistry
instanceKlass android/app/IAppTask
instanceKlass android/app/Instrumentation$ActivityMonitor
instanceKlass org/robolectric/shadows/ShadowInstrumentation$_Instrumentation_$$Reflector4
instanceKlass android/app/IUiAutomationConnection
instanceKlass android/app/IInstrumentationWatcher
instanceKlass org/robolectric/util/reflector/WithType
instanceKlass org/robolectric/shadows/ShadowInstrumentation$_Instrumentation_
instanceKlass android/content/ComponentName$1
instanceKlass android/os/PowerManager$WakeLock
instanceKlass android/appwidget/AppWidgetManager
instanceKlass android/bluetooth/BluetoothAdapter
instanceKlass org/robolectric/shadows/ShadowDialog
instanceKlass org/robolectric/shadows/Provider
instanceKlass android/widget/ListPopupWindow
instanceKlass android/widget/PopupWindow
instanceKlass org/robolectric/shadows/ShadowPopupMenu
instanceKlass org/robolectric/shadows/ShadowContextWrapper
instanceKlass android/graphics/Canvas
instanceKlass android/app/ActivityThread$Profiler
instanceKlass org/robolectric/shadows/ShadowResourcesManager
instanceKlass android/app/ActivityThread$GcIdler
instanceKlass java/lang/invoke/MethodHandle$1
instanceKlass android/app/ActivityThread$1
instanceKlass android/os/IBinder$DeathRecipient
instanceKlass org/robolectric/shadows/ShadowBinder
instanceKlass org/robolectric/shadows/ShadowActivityThread$_ActivityThread_$$Reflector3
instanceKlass org/robolectric/shadows/ShadowActivityThread$_ActivityThread_
instanceKlass android/app/ActivityThread$DumpHeapData
instanceKlass android/os/Debug$MemoryInfo
instanceKlass android/app/Activity$NonConfigurationInstances
instanceKlass android/app/ActivityOptions
instanceKlass android/os/Binder
instanceKlass android/app/ActivityThread$ProviderRefCount
instanceKlass android/app/ProfilerInfo
instanceKlass android/graphics/Bitmap
instanceKlass android/app/ActivityThread$StopInfo
instanceKlass android/app/ActivityThread$ProviderClientRecord
instanceKlass android/app/IActivityManager$ContentProviderHolder
instanceKlass android/content/ContentProvider
instanceKlass android/content/IContentProvider
instanceKlass android/app/ActivityThread$UpdateCompatibilityData
instanceKlass android/app/OnActivityPausedListener
instanceKlass android/app/ActivityThread$RequestAssistContextExtras
instanceKlass android/content/pm/IPackageManager
instanceKlass android/app/ActivityThread$CreateServiceData
instanceKlass android/app/ActivityThread$BindServiceData
instanceKlass android/app/ActivityThread$CreateBackupAgentData
instanceKlass android/app/ActivityThread$ServiceArgsData
instanceKlass android/app/ActivityThread$DumpComponentInfo
instanceKlass android/app/ActivityThread$NewIntentData
instanceKlass android/app/ActivityThread$ResultData
instanceKlass android/app/ActivityThread$AppBindData
instanceKlass android/app/ActivityThread$ActivityClientRecord
instanceKlass android/app/ResourcesManager
instanceKlass android/app/LoadedApk
instanceKlass android/content/res/CompatibilityInfo
instanceKlass android/content/pm/PackageItemInfo
instanceKlass org/robolectric/shadows/ShadowActivityThread
instanceKlass libcore/io/EventLogger$Reporter
instanceKlass libcore/io/DropBox$Reporter
instanceKlass android/content/BroadcastReceiver$PendingResult
instanceKlass android/app/IApplicationThread
instanceKlass android/view/ViewManager
instanceKlass android/view/ViewGroup$LayoutParams
instanceKlass android/app/ActivityThread
instanceKlass java/util/concurrent/CountDownLatch
instanceKlass androidx/test/internal/runner/intent/IntentMonitorImpl
instanceKlass androidx/test/internal/runner/lifecycle/ApplicationLifecycleMonitorImpl
instanceKlass androidx/test/internal/runner/lifecycle/ActivityLifecycleMonitorImpl
instanceKlass com/google/common/util/concurrent/ListenableFuture
instanceKlass org/robolectric/shadows/ShadowActivity$IntentForResult
instanceKlass org/robolectric/shadows/ShadowInstrumentation$TargetAndRequestCode
instanceKlass org/robolectric/shadows/ShadowApplication$Wrapper
instanceKlass android/app/Fragment
instanceKlass android/app/Instrumentation$ActivityResult
instanceKlass android/os/UserHandle
instanceKlass android/content/IntentFilter
instanceKlass android/content/ComponentName
instanceKlass android/content/BroadcastReceiver
instanceKlass android/content/ServiceConnection
instanceKlass android/content/Intent
instanceKlass android/app/UiAutomation
instanceKlass org/robolectric/shadows/ShadowInstrumentation$ServiceConnectionDataWrapper
instanceKlass com/google/common/util/concurrent/AsyncFunction
instanceKlass org/robolectric/shadows/ShadowInstrumentation$ServiceCallbackScheduler
instanceKlass org/robolectric/shadows/ShadowInstrumentation
instanceKlass androidx/test/runner/intent/IntentMonitor
instanceKlass androidx/test/runner/lifecycle/ApplicationLifecycleMonitor
instanceKlass androidx/test/runner/lifecycle/ActivityLifecycleMonitor
instanceKlass android/view/Window$OnWindowDismissedCallback
instanceKlass android/view/View$OnCreateContextMenuListener
instanceKlass android/view/KeyEvent$Callback
instanceKlass android/view/Window$Callback
instanceKlass android/view/LayoutInflater$Factory2
instanceKlass android/view/LayoutInflater$Factory
instanceKlass android/view/InputEvent
instanceKlass java/util/WeakHashMap$HashIterator
instanceKlass org/robolectric/shadows/ShadowChoreographer
instanceKlass android/os/Handler$Callback
instanceKlass android/os/IMessenger
instanceKlass org/robolectric/shadows/ShadowPausedLooper$HandlerExecutor
instanceKlass org/robolectric/shadows/ShadowSystemClock
instanceKlass org/robolectric/shadows/ShadowPausedMessageQueue$MessageQueueReflector$$Reflector2
instanceKlass org/robolectric/shadows/ShadowPausedMessageQueue$MessageQueueReflector
instanceKlass android/os/MessageQueue$IdleHandler
instanceKlass com/google/common/base/Predicate
instanceKlass org/robolectric/shadows/ShadowPausedSystemClock$Listener
instanceKlass org/robolectric/shadows/ShadowPausedLooper$LooperReflector$$Reflector1
instanceKlass org/robolectric/util/reflector/Direct
instanceKlass org/robolectric/shadows/ShadowPausedLooper$LooperReflector
instanceKlass org/robolectric/shadows/ShadowPausedLooper$2
instanceKlass android/os/MessageQueue
instanceKlass android/os/Handler
instanceKlass org/robolectric/shadows/ShadowMessageQueue
instanceKlass org/robolectric/shadows/ShadowMessage
instanceKlass android/os/Message
instanceKlass org/robolectric/shadows/LooperShadowPicker$1
instanceKlass org/robolectric/shadows/LooperShadowPicker
instanceKlass android/os/Looper
instanceKlass org/robolectric/shadows/ShadowPausedLooper$ControlRunnable
instanceKlass java/util/Locale$1
instanceKlass org/robolectric/shadows/ShadowView
instanceKlass android/content/res/Resources
instanceKlass android/text/format/Time
instanceKlass org/robolectric/shadows/ShadowDateUtils$DateUtilsReflector$$Reflector0
instanceKlass org/robolectric/util/reflector/UnsafeAccess$Danger11Plus
instanceKlass org/robolectric/util/reflector/UnsafeAccess$Danger
instanceKlass org/robolectric/util/reflector/UnsafeAccess
instanceKlass org/objectweb/asm/Handler
instanceKlass org/objectweb/asm/Edge
instanceKlass org/robolectric/util/reflector/Constructor
instanceKlass org/robolectric/util/reflector/Static
instanceKlass org/robolectric/util/reflector/Accessor
instanceKlass org/objectweb/asm/Label
instanceKlass org/objectweb/asm/Frame
instanceKlass org/objectweb/asm/ByteVector
instanceKlass org/objectweb/asm/Symbol
instanceKlass org/objectweb/asm/SymbolTable
instanceKlass org/objectweb/asm/commons/Method
instanceKlass org/objectweb/asm/FieldVisitor
instanceKlass org/objectweb/asm/MethodVisitor
instanceKlass org/objectweb/asm/AnnotationVisitor
instanceKlass org/objectweb/asm/ModuleVisitor
instanceKlass org/objectweb/asm/RecordComponentVisitor
instanceKlass android/text/format/DateUtils
instanceKlass org/robolectric/util/reflector/ForType
instanceKlass org/robolectric/util/reflector/Reflector
instanceKlass org/robolectric/shadows/ShadowDateUtils$DateUtilsReflector
instanceKlass org/robolectric/shadows/ShadowDateUtils
instanceKlass libcore/util/BasicLruCache
instanceKlass libcore/icu/LocaleData
instanceKlass org/robolectric/shadows/ShadowICU
instanceKlass libcore/icu/ICU
instanceKlass android/text/TextUtils$1
instanceKlass android/text/MeasuredText
instanceKlass android/util/Printer
instanceKlass android/text/TextDirectionHeuristic
instanceKlass android/text/TextUtils$EllipsizeCallback
instanceKlass android/graphics/Paint
instanceKlass org/robolectric/shadows/ShadowTextUtils
instanceKlass android/text/Spannable
instanceKlass android/text/Spanned
instanceKlass android/text/TextUtils
instanceKlass com/google/common/base/CommonPattern
instanceKlass com/google/common/base/Platform$JdkPatternCompiler
instanceKlass com/google/common/base/PatternCompiler
instanceKlass com/google/common/base/Platform
instanceKlass com/google/common/base/Strings
instanceKlass org/robolectric/android/DeviceConfig
instanceKlass org/robolectric/res/android/ResTable_config
instanceKlass org/robolectric/res/Qualifiers
instanceKlass org/bouncycastle/internal/asn1/isara/IsaraObjectIdentifiers
instanceKlass org/bouncycastle/pqc/asn1/PQCObjectIdentifiers
instanceKlass org/bouncycastle/jcajce/provider/drbg/EntropyDaemon
instanceKlass org/bouncycastle/crypto/prng/EntropySourceProvider
instanceKlass org/bouncycastle/crypto/prng/EntropySource
instanceKlass org/bouncycastle/crypto/Digest
instanceKlass org/bouncycastle/jcajce/provider/drbg/DRBG
instanceKlass org/bouncycastle/asn1/x509/X509ObjectIdentifiers
instanceKlass org/bouncycastle/jcajce/provider/asymmetric/RSA
instanceKlass org/bouncycastle/internal/asn1/eac/EACObjectIdentifiers
instanceKlass org/bouncycastle/internal/asn1/cms/CMSObjectIdentifiers
instanceKlass org/bouncycastle/util/Properties$2
instanceKlass org/bouncycastle/util/Properties$1
instanceKlass org/bouncycastle/util/Properties
instanceKlass org/bouncycastle/internal/asn1/bsi/BSIObjectIdentifiers
instanceKlass org/bouncycastle/jcajce/provider/asymmetric/EC
instanceKlass org/bouncycastle/jcajce/provider/asymmetric/DH
instanceKlass org/bouncycastle/jcajce/provider/asymmetric/dsa/DSAUtil
instanceKlass org/bouncycastle/crypto/params/AsymmetricKeyParameter
instanceKlass org/bouncycastle/asn1/sec/SECObjectIdentifiers
instanceKlass org/bouncycastle/asn1/ASN1Choice
instanceKlass org/bouncycastle/internal/asn1/edec/EdECObjectIdentifiers
instanceKlass org/bouncycastle/jcajce/provider/asymmetric/compositesignatures/CompositeSignaturesConstants
instanceKlass org/bouncycastle/jcajce/provider/asymmetric/EXTERNAL
instanceKlass org/bouncycastle/jcajce/provider/asymmetric/EXTERNAL$ExternalKeyInfoConverter
instanceKlass org/bouncycastle/jcajce/provider/asymmetric/COMPOSITE
instanceKlass org/bouncycastle/jcajce/provider/asymmetric/COMPOSITE$CompositeKeyInfoConverter
instanceKlass org/bouncycastle/jcajce/provider/symmetric/Zuc
instanceKlass org/bouncycastle/jcajce/provider/symmetric/GOST3412_2015
instanceKlass org/bouncycastle/jcajce/provider/symmetric/DSTU7624
instanceKlass org/bouncycastle/jcajce/provider/symmetric/OpenSSLPBKDF
instanceKlass org/bouncycastle/jcajce/provider/symmetric/XSalsa20
instanceKlass org/bouncycastle/jcajce/provider/symmetric/XTEA
instanceKlass org/bouncycastle/jcajce/provider/symmetric/VMPCKSA3
instanceKlass org/bouncycastle/jcajce/provider/symmetric/VMPC
instanceKlass org/bouncycastle/jcajce/provider/symmetric/Threefish
instanceKlass org/bouncycastle/jcajce/provider/symmetric/Twofish
instanceKlass org/bouncycastle/jcajce/provider/symmetric/TEA
instanceKlass org/bouncycastle/jcajce/provider/symmetric/SM4
instanceKlass org/bouncycastle/jcajce/provider/symmetric/Skipjack
instanceKlass org/bouncycastle/jcajce/provider/symmetric/Shacal2
instanceKlass org/bouncycastle/internal/asn1/gnu/GNUObjectIdentifiers
instanceKlass org/bouncycastle/jcajce/provider/symmetric/Serpent
instanceKlass org/bouncycastle/internal/asn1/kisa/KISAObjectIdentifiers
instanceKlass org/bouncycastle/jcajce/provider/symmetric/SEED
instanceKlass org/bouncycastle/jcajce/provider/symmetric/Salsa20
instanceKlass org/bouncycastle/jcajce/provider/symmetric/Rijndael
instanceKlass org/bouncycastle/jcajce/provider/symmetric/RC6
instanceKlass org/bouncycastle/jcajce/provider/symmetric/RC5
instanceKlass org/bouncycastle/jcajce/provider/symmetric/RC2
instanceKlass org/bouncycastle/jcajce/provider/symmetric/Noekeon
instanceKlass org/bouncycastle/jcajce/provider/symmetric/IDEA
instanceKlass org/bouncycastle/jcajce/provider/symmetric/HC256
instanceKlass org/bouncycastle/jcajce/provider/symmetric/HC128
instanceKlass org/bouncycastle/jcajce/provider/symmetric/Grain128
instanceKlass org/bouncycastle/jcajce/provider/symmetric/Grainv1
instanceKlass org/bouncycastle/jcajce/provider/symmetric/GOST28147
instanceKlass org/bouncycastle/jcajce/provider/symmetric/DESede
instanceKlass org/bouncycastle/jcajce/provider/symmetric/DES
instanceKlass org/bouncycastle/jcajce/provider/symmetric/ChaCha
instanceKlass org/bouncycastle/jcajce/provider/symmetric/CAST6
instanceKlass org/bouncycastle/jcajce/provider/symmetric/CAST5
instanceKlass org/bouncycastle/internal/asn1/ntt/NTTObjectIdentifiers
instanceKlass org/bouncycastle/jcajce/provider/symmetric/Camellia
instanceKlass org/bouncycastle/jcajce/provider/symmetric/Blowfish
instanceKlass org/bouncycastle/internal/asn1/nsri/NSRIObjectIdentifiers
instanceKlass org/bouncycastle/jcajce/provider/symmetric/ARIA
instanceKlass org/bouncycastle/jcajce/provider/symmetric/ARC4
instanceKlass org/bouncycastle/asn1/bc/BCObjectIdentifiers
instanceKlass org/bouncycastle/jcajce/provider/symmetric/AES
instanceKlass org/bouncycastle/crypto/params/DHValidationParameters
instanceKlass org/bouncycastle/crypto/params/DHParameters
instanceKlass org/bouncycastle/asn1/x9/X9ObjectIdentifiers
instanceKlass org/bouncycastle/crypto/CryptoServicesRegistrar$Property
instanceKlass org/bouncycastle/util/encoders/HexEncoder
instanceKlass org/bouncycastle/util/encoders/Encoder
instanceKlass org/bouncycastle/util/encoders/Hex
instanceKlass org/bouncycastle/crypto/params/DSAValidationParameters
instanceKlass org/bouncycastle/crypto/params/DSAParameters
instanceKlass org/bouncycastle/crypto/CipherParameters
instanceKlass org/bouncycastle/crypto/CryptoServicesRegistrar$1
instanceKlass org/bouncycastle/crypto/CryptoServicesRegistrar$ThreadLocalSecureRandomProvider
instanceKlass org/bouncycastle/crypto/CryptoServicesConstraints
instanceKlass org/bouncycastle/crypto/SecureRandomProvider
instanceKlass org/bouncycastle/crypto/CryptoServicesRegistrar
instanceKlass org/bouncycastle/jcajce/provider/symmetric/Poly1305
instanceKlass org/bouncycastle/jcajce/provider/symmetric/SipHash128
instanceKlass org/bouncycastle/jcajce/provider/symmetric/SipHash
instanceKlass org/bouncycastle/jcajce/provider/symmetric/SCRYPT
instanceKlass org/bouncycastle/jcajce/provider/symmetric/TLSKDF
instanceKlass org/bouncycastle/jcajce/provider/symmetric/PBEPKCS12
instanceKlass org/bouncycastle/jcajce/provider/symmetric/PBEPBKDF2
instanceKlass org/bouncycastle/jcajce/provider/symmetric/PBEPBKDF1
instanceKlass org/bouncycastle/jcajce/provider/digest/Blake3
instanceKlass org/bouncycastle/jcajce/provider/digest/Haraka
instanceKlass org/bouncycastle/asn1/ua/UAObjectIdentifiers
instanceKlass org/bouncycastle/jcajce/provider/digest/DSTU7564
instanceKlass org/bouncycastle/jcajce/provider/digest/Blake2s
instanceKlass org/bouncycastle/internal/asn1/misc/MiscObjectIdentifiers
instanceKlass org/bouncycastle/jcajce/provider/digest/Blake2b
instanceKlass org/bouncycastle/internal/asn1/iso/ISOIECObjectIdentifiers
instanceKlass org/bouncycastle/jcajce/provider/digest/Whirlpool
instanceKlass org/bouncycastle/jcajce/provider/digest/Tiger
instanceKlass org/bouncycastle/asn1/gm/GMObjectIdentifiers
instanceKlass org/bouncycastle/jcajce/provider/digest/SM3
instanceKlass org/bouncycastle/jcajce/provider/digest/Skein
instanceKlass org/bouncycastle/jcajce/provider/digest/SHA3
instanceKlass org/bouncycastle/jcajce/provider/digest/SHA512
instanceKlass org/bouncycastle/jcajce/provider/digest/SHA384
instanceKlass org/bouncycastle/jcajce/provider/digest/SHA256
instanceKlass org/bouncycastle/asn1/nist/NISTObjectIdentifiers
instanceKlass org/bouncycastle/jcajce/provider/digest/SHA224
instanceKlass org/bouncycastle/jcajce/provider/digest/RIPEMD320
instanceKlass org/bouncycastle/jcajce/provider/digest/RIPEMD256
instanceKlass org/bouncycastle/jcajce/provider/digest/RIPEMD160
instanceKlass org/bouncycastle/asn1/teletrust/TeleTrusTObjectIdentifiers
instanceKlass org/bouncycastle/jcajce/provider/digest/RIPEMD128
instanceKlass org/bouncycastle/internal/asn1/oiw/OIWObjectIdentifiers
instanceKlass org/bouncycastle/jcajce/provider/digest/SHA1
instanceKlass org/bouncycastle/internal/asn1/iana/IANAObjectIdentifiers
instanceKlass org/bouncycastle/jcajce/provider/digest/MD5
instanceKlass org/bouncycastle/jcajce/provider/digest/MD4
instanceKlass org/bouncycastle/asn1/ASN1ObjectIdentifier$OidHandle
instanceKlass org/bouncycastle/asn1/pkcs/PKCSObjectIdentifiers
instanceKlass org/bouncycastle/jcajce/provider/digest/MD2
instanceKlass org/bouncycastle/jcajce/provider/digest/Keccak
instanceKlass org/bouncycastle/internal/asn1/rosstandart/RosstandartObjectIdentifiers
instanceKlass org/bouncycastle/util/Arrays
instanceKlass org/bouncycastle/asn1/OIDTokenizer
instanceKlass org/bouncycastle/asn1/ASN1Tag
instanceKlass org/bouncycastle/asn1/ASN1Type
instanceKlass org/bouncycastle/asn1/ASN1Object
instanceKlass org/bouncycastle/util/Encodable
instanceKlass org/bouncycastle/asn1/ASN1Encodable
instanceKlass org/bouncycastle/asn1/cryptopro/CryptoProObjectIdentifiers
instanceKlass org/bouncycastle/jcajce/provider/digest/GOST3411
instanceKlass org/bouncycastle/jcajce/provider/util/AlgorithmProvider
instanceKlass java/lang/invoke/LambdaFormEditor$1
instanceKlass org/bouncycastle/jce/provider/BouncyCastleProvider$1
instanceKlass org/bouncycastle/jce/provider/BouncyCastleProvider$JcaCryptoService
instanceKlass java/security/cert/PKIXCertPathChecker
instanceKlass java/security/cert/CertPathChecker
instanceKlass org/bouncycastle/jcajce/provider/symmetric/util/ClassUtil
instanceKlass org/bouncycastle/util/Strings$1
instanceKlass org/bouncycastle/util/StringList
instanceKlass org/bouncycastle/util/Iterable
instanceKlass org/bouncycastle/util/Strings
instanceKlass javax/crypto/spec/DHParameterSpec
instanceKlass org/bouncycastle/jce/provider/BouncyCastleProviderConfiguration
instanceKlass org/bouncycastle/jcajce/provider/util/AsymmetricKeyInfoConverter
instanceKlass org/bouncycastle/crypto/CryptoServiceProperties
instanceKlass org/bouncycastle/jcajce/provider/config/ProviderConfiguration
instanceKlass javax/net/ssl/HttpsURLConnection$DefaultHostnameVerifier
instanceKlass org/conscrypt/OkHostnameVerifier
instanceKlass org/robolectric/android/internal/AndroidTestEnvironment$1
instanceKlass javax/net/ssl/TrustManagerFactorySpi
instanceKlass java/security/Provider$1
instanceKlass java/io/DeleteOnExitHook$1
instanceKlass java/io/DeleteOnExitHook
instanceKlass org/conscrypt/NativeLibraryLoader$LoadResult
instanceKlass org/conscrypt/NativeRef
instanceKlass org/conscrypt/CryptoUpcalls
instanceKlass org/conscrypt/NativeLibraryLoader$1
instanceKlass org/conscrypt/NativeLibraryUtil
instanceKlass java/io/FileOutputStream$1
instanceKlass jdk/internal/misc/ThreadTracker
instanceKlass jdk/internal/event/EventHelper$ThreadTrackHolder
instanceKlass org/conscrypt/NativeLibraryLoader
instanceKlass org/conscrypt/HostProperties
instanceKlass org/conscrypt/NativeCryptoJni
instanceKlass org/conscrypt/NativeCrypto
instanceKlass jdk/internal/math/FDBigInteger
instanceKlass javax/net/ssl/SSLSession
instanceKlass javax/net/ssl/SSLEngine
instanceKlass org/conscrypt/ConscryptHostnameVerifier
instanceKlass org/conscrypt/SSLParametersImpl$AliasChooser
instanceKlass org/conscrypt/SSLParametersImpl$PSKCallbacks
instanceKlass org/conscrypt/NativeCrypto$SSLHandshakeCallbacks
instanceKlass javax/net/SocketFactory
instanceKlass org/conscrypt/Platform
instanceKlass org/robolectric/shadows/ShadowLog
instanceKlass org/robolectric/shadows/ShadowLooper
instanceKlass org/robolectric/shadows/ShadowDisplayManagerGlobal
instanceKlass java/lang/invoke/DirectMethodHandle$1
instanceKlass org/robolectric/shadows/ShadowSystemProperties
instanceKlass android/os/SystemProperties
instanceKlass android/util/DisplayMetrics
instanceKlass org/xmlpull/v1/XmlPullParser
instanceKlass org/xmlpull/v1/XmlSerializer
instanceKlass android/content/res/Configuration$1
instanceKlass android/content/res/Configuration
instanceKlass org/robolectric/android/Bootstrap
instanceKlass androidx/test/platform/app/InstrumentationRegistry
instanceKlass android/os/Bundle$1
instanceKlass libcore/util/EmptyArray
instanceKlass android/util/MapCollections
instanceKlass org/robolectric/shadows/ShadowParcel$ByteBuffer$FakeEncodedItem
instanceKlass org/robolectric/shadows/ShadowParcel$ByteBuffer
instanceKlass org/robolectric/annotation/ReflectorObject
instanceKlass org/robolectric/annotation/RealObject
instanceKlass org/robolectric/res/android/NativeObjRegistry
instanceKlass sun/invoke/util/ValueConversions$Handles
instanceKlass java/lang/invoke/ClassSpecializer$Factory$1Var
instanceKlass sun/invoke/util/ValueConversions$1
instanceKlass java/lang/invoke/MethodHandleImpl$Makers$2
instanceKlass java/lang/invoke/MethodHandleImpl$Makers$1
instanceKlass java/lang/invoke/MethodHandleImpl$Makers
instanceKlass java/util/AbstractList$SubList$1
instanceKlass android/os/Parcel$1
instanceKlass android/util/ArrayMap
instanceKlass android/util/Size
instanceKlass android/util/SparseArray
instanceKlass android/util/SizeF
instanceKlass android/os/IInterface
instanceKlass android/util/SparseBooleanArray
instanceKlass android/os/ParcelFileDescriptor
instanceKlass org/robolectric/annotation/HiddenApi
instanceKlass org/robolectric/annotation/Resetter
instanceKlass android/os/IBinder
instanceKlass org/robolectric/annotation/Implements$DefaultShadowPicker
instanceKlass org/robolectric/shadow/api/ShadowPicker
instanceKlass org/robolectric/annotation/Implements
instanceKlass org/robolectric/shadows/ShadowParcel
instanceKlass android/os/Parcel
instanceKlass android/os/Parcelable$Creator
instanceKlass com/android/internal/util/XmlUtils$WriteMapCallback
instanceKlass android/os/BaseBundle
instanceKlass android/os/Parcelable
instanceKlass org/robolectric/config/ConfigurationRegistry
instanceKlass com/google/common/base/Preconditions
instanceKlass org/robolectric/DefaultTestLifecycle
instanceKlass org/robolectric/DefaultTestLifecycle
instanceKlass org/robolectric/TestLifecycle
instanceKlass org/robolectric/AndroidMetadata
instanceKlass java/util/stream/Nodes$ArrayNode
instanceKlass com/mapsupervision/data/db/ProjectScopedDatabaseProvider
instanceKlass androidx/room/RoomDatabase
instanceKlass com/mapsupervision/data/repository/ChatHistoryRepositoryImpl
instanceKlass com/mapsupervision/domain/repository/ChatHistoryRepository
instanceKlass com/mapsupervision/data/db/ChatHistoryRepositoryTest
instanceKlass sun/net/DefaultProgressMeteringPolicy
instanceKlass sun/net/ProgressMeteringPolicy
instanceKlass sun/net/ProgressMonitor
instanceKlass java/util/IdentityHashMap$IdentityHashMapIterator
instanceKlass org/robolectric/shadow/api/Shadow
instanceKlass sun/invoke/util/VerifyAccess$1
instanceKlass org/robolectric/internal/bytecode/InvokeDynamicSupport
instanceKlass org/robolectric/internal/bytecode/RobolectricInternals
instanceKlass org/robolectric/internal/bytecode/ShadowWrangler$ShadowMetadata
instanceKlass org/robolectric/internal/bytecode/ShadowInfo
instanceKlass org/robolectric/internal/bytecode/ShadowWrangler$1
instanceKlass org/robolectric/internal/bytecode/ShadowWrangler
instanceKlass org/robolectric/annotation/Implementation
instanceKlass org/robolectric/android/AndroidSdkShadowMatcher
instanceKlass sun/invoke/util/ValueConversions$WrapperCache
instanceKlass java/lang/invoke/MethodHandles$1
instanceKlass java/lang/invoke/SwitchPoint
instanceKlass org/robolectric/internal/bytecode/ShadowInvalidator
instanceKlass org/robolectric/internal/bytecode/ShadowMap$Builder
instanceKlass com/google/common/collect/Sets
instanceKlass sun/nio/fs/WindowsSecurityDescriptor
instanceKlass java/nio/file/Files$1
instanceKlass sun/nio/fs/WindowsFileSystem$2
instanceKlass java/nio/file/PathMatcher
instanceKlass sun/nio/fs/WindowsPath$1
instanceKlass sun/nio/fs/Globs
instanceKlass java/nio/file/TempFileHelper
instanceKlass java/nio/file/FileVisitor
instanceKlass com/google/common/base/Supplier
instanceKlass org/robolectric/util/TempDirectory
instanceKlass org/robolectric/RuntimeEnvironment
instanceKlass org/robolectric/pluginapi/TestEnvironmentLifecyclePlugin
instanceKlass android/app/Instrumentation
instanceKlass android/content/ComponentCallbacks2
instanceKlass android/content/ComponentCallbacks
instanceKlass android/content/Context
instanceKlass org/robolectric/util/Scheduler
instanceKlass org/bouncycastle/jcajce/provider/config/ConfigurableProvider
instanceKlass java/security/spec/DSAParameterSpec
instanceKlass java/security/interfaces/DSAParams
instanceKlass java/security/interfaces/DSAPrivateKey
instanceKlass java/security/Timestamp
instanceKlass sun/security/timestamp/TimestampToken
instanceKlass sun/security/pkcs/ESSCertId
instanceKlass sun/security/pkcs/SigningCertificateInfo
instanceKlass sun/security/x509/AccessDescription
instanceKlass sun/security/x509/DNSName
instanceKlass sun/security/x509/URIName
instanceKlass sun/security/x509/GeneralName
instanceKlass sun/security/x509/DistributionPoint
instanceKlass sun/security/x509/CertificatePolicyId
instanceKlass sun/security/x509/PolicyInformation
instanceKlass sun/security/pkcs/PKCS9Attributes
instanceKlass java/security/interfaces/DSAPublicKey
instanceKlass java/security/interfaces/DSAKey
instanceKlass java/security/spec/DSAPublicKeySpec
instanceKlass java/security/AlgorithmParametersSpi
instanceKlass java/security/AlgorithmParameters
instanceKlass sun/security/util/MemoryCache$QueueCacheEntry
instanceKlass javax/net/ssl/HostnameVerifier
instanceKlass sun/security/util/ManifestEntryVerifier$SunProviderHolder
instanceKlass java/util/Base64$Encoder
instanceKlass java/util/Base64$Decoder
instanceKlass java/util/Base64
instanceKlass javax/crypto/SecretKey
instanceKlass sun/security/util/Length
instanceKlass sun/security/util/KeyUtil
instanceKlass java/security/interfaces/XECKey
instanceKlass java/security/interfaces/ECKey
instanceKlass sun/security/util/JarConstraintsParameters
instanceKlass sun/security/util/ConstraintsParameters
instanceKlass java/security/cert/CertPath
instanceKlass java/math/MutableBigInteger
instanceKlass sun/security/rsa/RSAPadding
instanceKlass sun/security/rsa/RSACore
instanceKlass java/security/interfaces/RSAPrivateCrtKey
instanceKlass sun/security/pkcs/PKCS8Key
instanceKlass java/security/interfaces/RSAPrivateKey
instanceKlass java/security/PrivateKey
instanceKlass javax/security/auth/Destroyable
instanceKlass java/security/Signature$1
instanceKlass jdk/internal/access/JavaSecuritySignatureAccess
instanceKlass java/security/SignatureSpi
instanceKlass jdk/internal/icu/util/CodePointTrie$Data
instanceKlass jdk/internal/icu/util/CodePointTrie$1
instanceKlass jdk/internal/icu/util/CodePointMap
instanceKlass jdk/internal/icu/util/VersionInfo
instanceKlass jdk/internal/icu/impl/ICUBinary$1
instanceKlass jdk/internal/icu/impl/ICUBinary
instanceKlass jdk/internal/icu/impl/NormalizerImpl$IsAcceptable
instanceKlass jdk/internal/icu/impl/ICUBinary$Authenticate
instanceKlass jdk/internal/icu/impl/NormalizerImpl
instanceKlass jdk/internal/icu/impl/Norm2AllModes$Norm2AllModesSingleton
instanceKlass jdk/internal/icu/impl/Norm2AllModes$NFKCSingleton
instanceKlass jdk/internal/icu/impl/Norm2AllModes
instanceKlass jdk/internal/icu/text/Normalizer2
instanceKlass jdk/internal/icu/text/NormalizerBase$ModeImpl
instanceKlass jdk/internal/icu/text/NormalizerBase$NFKDModeImpl
instanceKlass jdk/internal/icu/text/NormalizerBase$1
instanceKlass jdk/internal/icu/text/NormalizerBase$Mode
instanceKlass jdk/internal/icu/text/NormalizerBase
instanceKlass java/text/Normalizer
instanceKlass sun/security/pkcs/PKCS9Attribute
instanceKlass sun/security/x509/AVAKeyword
instanceKlass sun/security/util/SignatureUtil
instanceKlass java/time/Instant
instanceKlass java/time/zone/ZoneOffsetTransition
instanceKlass java/time/LocalTime
instanceKlass java/time/temporal/ValueRange
instanceKlass java/time/Duration
instanceKlass java/time/temporal/TemporalAmount
instanceKlass java/time/temporal/TemporalUnit
instanceKlass java/time/temporal/TemporalField
instanceKlass java/time/LocalDate
instanceKlass java/time/chrono/ChronoLocalDate
instanceKlass java/time/ZonedDateTime
instanceKlass java/time/chrono/ChronoZonedDateTime
instanceKlass java/time/LocalDateTime
instanceKlass java/time/chrono/ChronoLocalDateTime
instanceKlass java/time/temporal/Temporal
instanceKlass java/time/zone/ZoneOffsetTransitionRule
instanceKlass java/time/zone/ZoneRules
instanceKlass java/time/temporal/TemporalAdjuster
instanceKlass java/time/temporal/TemporalAccessor
instanceKlass java/time/ZoneId
instanceKlass sun/security/util/DisabledAlgorithmConstraints$Constraints$Holder
instanceKlass sun/security/util/DisabledAlgorithmConstraints$1
instanceKlass sun/security/util/DisabledAlgorithmConstraints$Constraint
instanceKlass sun/security/util/DisabledAlgorithmConstraints$Constraints
instanceKlass sun/security/util/AbstractAlgorithmConstraints$1
instanceKlass sun/security/util/AlgorithmDecomposer
instanceKlass sun/security/util/DisabledAlgorithmConstraints$JarHolder
instanceKlass java/util/regex/ASCII
instanceKlass sun/security/pkcs/SignerInfo
instanceKlass jdk/internal/event/EventHelper
instanceKlass sun/security/jca/JCAUtil
instanceKlass sun/security/util/MemoryCache$CacheEntry
instanceKlass sun/security/x509/X509AttributeName
instanceKlass sun/security/x509/GeneralNames
instanceKlass sun/security/x509/KeyIdentifier
instanceKlass sun/security/x509/OIDMap$OIDInfo
instanceKlass sun/security/x509/PKIXExtensions
instanceKlass sun/security/x509/OIDMap
instanceKlass sun/security/x509/Extension
instanceKlass java/security/cert/Extension
instanceKlass sun/security/x509/CertificateExtensions
instanceKlass sun/security/rsa/RSAUtil
instanceKlass sun/security/util/IOUtils
instanceKlass java/security/interfaces/RSAPublicKey
instanceKlass java/security/interfaces/RSAKey
instanceKlass java/security/spec/PSSParameterSpec
instanceKlass java/security/spec/RSAPrivateKeySpec
instanceKlass java/security/spec/RSAPublicKeySpec
instanceKlass java/security/KeyFactorySpi
instanceKlass sun/security/jca/ProviderList$ServiceList$1
instanceKlass java/security/KeyFactory
instanceKlass java/security/spec/EncodedKeySpec$1
instanceKlass jdk/internal/access/JavaSecuritySpecAccess
instanceKlass java/security/spec/EncodedKeySpec
instanceKlass java/security/spec/KeySpec
instanceKlass sun/security/util/BitArray
instanceKlass sun/security/x509/X509Key
instanceKlass java/security/PublicKey
instanceKlass java/security/Key
instanceKlass sun/security/x509/CertificateX509Key
instanceKlass sun/security/x509/CertificateValidity
instanceKlass sun/security/x509/AVA
instanceKlass sun/security/x509/RDN
instanceKlass javax/security/auth/x500/X500Principal
instanceKlass sun/security/x509/X500Name$1
instanceKlass sun/security/x509/X500Name
instanceKlass sun/security/x509/GeneralNameInterface
instanceKlass sun/security/x509/CertificateAlgorithmId
instanceKlass sun/security/x509/SerialNumber
instanceKlass sun/security/x509/CertificateSerialNumber
instanceKlass sun/security/x509/CertificateVersion
instanceKlass sun/security/x509/X509CertInfo
instanceKlass sun/security/x509/CertAttrSet
instanceKlass sun/security/util/Cache$EqualByteArray
instanceKlass java/security/cert/X509Extension
instanceKlass sun/security/util/Cache
instanceKlass java/security/cert/CertificateFactorySpi
instanceKlass java/security/cert/CertificateFactory
instanceKlass sun/security/x509/AlgorithmId
instanceKlass sun/security/util/DerValue
instanceKlass sun/security/pkcs/ContentInfo
instanceKlass sun/security/util/DerInputStream
instanceKlass sun/security/pkcs/PKCS7
instanceKlass sun/security/util/ManifestDigester$Section
instanceKlass sun/security/util/ManifestDigester$Entry
instanceKlass sun/security/util/ManifestDigester$Position
instanceKlass sun/security/util/ManifestDigester
instanceKlass sun/security/util/ManifestEntryVerifier
instanceKlass java/security/CodeSigner
instanceKlass java/util/jar/JarVerifier
instanceKlass java/util/concurrent/FutureTask$WaitNode
instanceKlass java/util/concurrent/FutureTask
instanceKlass java/util/concurrent/RunnableFuture
instanceKlass java/util/concurrent/Future
instanceKlass org/robolectric/Shadows
instanceKlass org/robolectric/android/internal/AndroidTestEnvironment
instanceKlass org/robolectric/annotation/internal/Instrument
instanceKlass org/objectweb/asm/Context
instanceKlass org/objectweb/asm/Attribute
instanceKlass org/robolectric/annotation/internal/DoNotInstrument
instanceKlass org/objectweb/asm/ClassReader
instanceKlass org/robolectric/internal/bytecode/InstrumentedInterface
instanceKlass org/robolectric/internal/bytecode/ShadowedObject
instanceKlass org/robolectric/internal/bytecode/ClassDetails
instanceKlass java/net/URLClassLoader$2
instanceKlass java/util/concurrent/Executors$DelegatedExecutorService
instanceKlass com/google/common/collect/ImmutableCollection$Builder
instanceKlass sun/nio/fs/WindowsUriSupport
instanceKlass java/io/RandomAccessFile$1
instanceKlass org/robolectric/internal/dependency/MavenJarArtifact
instanceKlass sun/nio/ch/FileKey
instanceKlass sun/nio/ch/FileLockTable
instanceKlass java/nio/channels/FileLock
instanceKlass sun/nio/ch/NativeThreadSet
instanceKlass java/nio/file/attribute/FileAttribute
instanceKlass java/nio/channels/SeekableByteChannel
instanceKlass org/robolectric/internal/dependency/DependencyJar
instanceKlass org/robolectric/internal/bytecode/ClassNodeProvider
instanceKlass org/robolectric/android/internal/AndroidTestEnvironment
instanceKlass org/robolectric/internal/TestEnvironment
instanceKlass org/robolectric/internal/AndroidSandbox$TestEnvironmentSpec
instanceKlass javax/inject/Qualifier
instanceKlass org/robolectric/internal/SandboxManager$SandboxKey
instanceKlass java/util/Collections$UnmodifiableMap$UnmodifiableEntrySet$UnmodifiableEntry
instanceKlass java/util/Collections$UnmodifiableMap$UnmodifiableEntrySet$1
instanceKlass org/robolectric/internal/bytecode/TypeMapper
instanceKlass java/util/HashMap$HashMapSpliterator
instanceKlass org/robolectric/internal/bytecode/SandboxConfig
instanceKlass com/google/common/base/NullnessCasts
instanceKlass com/google/common/base/Splitter$5
instanceKlass com/google/common/base/AbstractIterator
instanceKlass com/google/common/base/Splitter$1
instanceKlass com/google/common/base/CharMatcher
instanceKlass com/google/common/base/Predicate
instanceKlass com/google/common/base/Splitter$Strategy
instanceKlass com/google/common/base/Splitter
instanceKlass org/robolectric/internal/bytecode/InstrumentationConfiguration$Builder
instanceKlass java/util/regex/IntHashSet
instanceKlass java/util/regex/Matcher
instanceKlass java/util/regex/MatchResult
instanceKlass org/junit/runners/ParentRunner$4
instanceKlass org/junit/runner/notification/RunNotifier$SafeNotifier
instanceKlass org/junit/internal/runners/model/EachTestNotifier
instanceKlass org/gradle/api/NonNullApi
instanceKlass org/junit/runner/notification/RunListener$ThreadSafe
instanceKlass org/junit/runner/notification/RunNotifier
instanceKlass org/junit/runner/OrderWith
instanceKlass java/util/Formattable
instanceKlass java/util/Formatter$FixedString
instanceKlass java/util/Formatter$Flags
instanceKlass java/util/Formatter$FormatSpecifier
instanceKlass java/util/Formatter$FormatString
instanceKlass java/util/Formatter$Conversion
instanceKlass java/util/Formatter
instanceKlass com/google/common/collect/Lists
instanceKlass org/robolectric/manifest/AndroidManifest
instanceKlass org/robolectric/internal/ManifestIdentifier
instanceKlass org/robolectric/internal/MavenManifestFactory
instanceKlass org/robolectric/plugins/HierarchicalConfigurationStrategy$ConfigurationImpl
instanceKlass org/robolectric/annotation/GetInstallerPackageNameMode
instanceKlass org/robolectric/plugins/HierarchicalConfigurationStrategy$GetConfig
instanceKlass org/robolectric/plugins/HierarchicalConfigurationStrategy$Counter
instanceKlass java/util/regex/Pattern$BitClass
instanceKlass org/junit/runner/Description
instanceKlass org/robolectric/config/AndroidConfigurer
instanceKlass org/robolectric/annotation/TextLayoutMode
instanceKlass org/robolectric/annotation/SQLiteMode
instanceKlass org/robolectric/annotation/ResourcesMode
instanceKlass org/robolectric/annotation/LooperMode
instanceKlass org/robolectric/annotation/experimental/LazyApplication
instanceKlass org/robolectric/annotation/GraphicsMode
instanceKlass org/robolectric/util/OsUtil
instanceKlass org/robolectric/annotation/ConscryptMode
instanceKlass org/robolectric/plugins/PackagePropertiesLoader
instanceKlass org/robolectric/plugins/GetInstallerPackageNameModeConfigurer
instanceKlass org/robolectric/plugins/config/SingleValueConfigurer
instanceKlass org/robolectric/plugins/ConfigConfigurer
instanceKlass java/lang/reflect/AnnotatedArrayType
instanceKlass sun/reflect/generics/reflectiveObjects/GenericArrayTypeImpl
instanceKlass sun/reflect/generics/tree/ArrayTypeSignature
instanceKlass sun/reflect/generics/tree/Wildcard
instanceKlass sun/reflect/generics/tree/BottomSignature
instanceKlass org/robolectric/pluginapi/config/Configurer
instanceKlass org/robolectric/pluginapi/config/ConfigurationStrategy$Configuration
instanceKlass org/robolectric/plugins/HierarchicalConfigurationStrategy
instanceKlass org/robolectric/pluginapi/config/ConfigurationStrategy
instanceKlass javax/inject/Named
instanceKlass javax/annotation/meta/TypeQualifier
instanceKlass javax/annotation/Nonnull
instanceKlass org/robolectric/plugins/DefaultSdkPicker
instanceKlass org/robolectric/pluginapi/SdkPicker
instanceKlass org/robolectric/util/Util
instanceKlass com/google/common/util/concurrent/AsyncCallable
instanceKlass org/robolectric/internal/dependency/MavenArtifactFetcher
instanceKlass com/google/common/base/CommonPattern
instanceKlass com/google/common/base/Platform$JdkPatternCompiler
instanceKlass com/google/common/base/PatternCompiler
instanceKlass com/google/common/base/Platform
instanceKlass com/google/common/base/Strings
instanceKlass java/util/concurrent/Executors$DefaultThreadFactory
instanceKlass org/robolectric/MavenRoboSettings
instanceKlass java/lang/Byte$ByteCache
instanceKlass java/lang/Short$ShortCache
instanceKlass org/robolectric/util/ReflectionHelpers
instanceKlass org/robolectric/util/ReflectionHelpers$ClassParameter
instanceKlass org/robolectric/internal/dependency/MavenDependencyResolver
instanceKlass org/robolectric/plugins/LegacyDependencyResolver$MaybeAClassLoader
instanceKlass org/robolectric/plugins/LegacyDependencyResolver$DefinitelyNotAClassLoader
instanceKlass org/robolectric/plugins/LegacyDependencyResolver
instanceKlass org/robolectric/internal/dependency/DependencyResolver
instanceKlass javax/annotation/Priority
instanceKlass org/robolectric/plugins/DefaultSdkProvider
instanceKlass org/robolectric/pluginapi/SdkProvider
instanceKlass org/robolectric/shadow/api/Shadow
instanceKlass org/robolectric/internal/bytecode/RobolectricInternals
instanceKlass org/robolectric/pluginapi/Sdk
instanceKlass org/robolectric/internal/bytecode/InstrumentationConfiguration
instanceKlass org/robolectric/plugins/SdkCollection
instanceKlass org/robolectric/internal/SandboxManager$SandboxBuilder
instanceKlass org/robolectric/internal/SandboxManager
instanceKlass org/robolectric/annotation/Config$Implementation
instanceKlass org/robolectric/annotation/Config$Builder
instanceKlass org/robolectric/RobolectricTestRunner$DeprecatedTestRunnerDefaultConfigProvider
instanceKlass org/robolectric/pluginapi/config/GlobalConfigProvider
instanceKlass jdk/internal/misc/ScopedMemoryAccess$Scope
instanceKlass org/robolectric/util/inject/Injector$ArrayProvider
instanceKlass org/robolectric/pluginapi/perf/PerfStatsReporter
instanceKlass org/robolectric/sandbox/AlwaysTrueShadowMatcher
instanceKlass org/robolectric/internal/bytecode/ClassHandler
instanceKlass org/robolectric/util/inject/Injector$ScopeBuilderProvider
instanceKlass org/robolectric/internal/bytecode/ClassHandlerBuilder
instanceKlass com/google/common/collect/AbstractMapBasedMultimap$WrappedCollection$WrappedIterator
instanceKlass com/google/common/base/Converter
instanceKlass com/google/common/collect/BiMap
instanceKlass com/google/common/collect/Maps$EntryTransformer
instanceKlass com/google/common/base/Function
instanceKlass com/google/common/collect/SortedMapDifference
instanceKlass com/google/common/collect/MapDifference
instanceKlass com/google/common/collect/Maps
instanceKlass com/google/common/collect/AbstractMapEntry
instanceKlass com/google/common/collect/CompactHashMap$Itr
instanceKlass com/google/common/collect/AbstractMapBasedMultimap$AsMap$AsMapIterator
instanceKlass com/google/common/base/ExtraObjectsMethodsForWeb
instanceKlass com/google/common/collect/Hashing
instanceKlass com/google/common/collect/CompactHashing
instanceKlass org/robolectric/util/Logger
instanceKlass com/google/common/collect/CollectPreconditions
instanceKlass com/google/common/primitives/IntsMethodsForWeb
instanceKlass com/google/common/collect/Platform
instanceKlass com/google/common/collect/ImmutableMap$Builder
instanceKlass com/google/common/collect/ImmutableMap
instanceKlass com/google/common/collect/Multiset
instanceKlass com/google/common/collect/AbstractMultimap
instanceKlass com/google/common/collect/ListMultimap
instanceKlass com/google/common/collect/Multimap
instanceKlass org/robolectric/internal/bytecode/ShadowMap
instanceKlass com/google/common/collect/ObjectArrays
instanceKlass com/google/common/collect/Iterables
instanceKlass com/google/common/base/Preconditions
instanceKlass com/google/common/collect/UnmodifiableIterator
instanceKlass org/robolectric/util/inject/Supercedes
instanceKlass org/robolectric/util/inject/Supersedes
instanceKlass org/robolectric/Shadows
instanceKlass sun/net/www/protocol/jar/JarFileFactory
instanceKlass sun/net/www/protocol/jar/URLJarFile$URLJarFileCloseController
instanceKlass org/robolectric/util/inject/Injector$ListProvider
instanceKlass java/lang/reflect/AnnotatedParameterizedType
instanceKlass sun/reflect/generics/tree/TypeVariableSignature
instanceKlass org/robolectric/internal/ShadowProvider
instanceKlass sun/reflect/generics/tree/VoidDescriptor
instanceKlass org/robolectric/internal/bytecode/ShadowProviders
instanceKlass org/robolectric/internal/bytecode/MethodRef
instanceKlass org/robolectric/util/Function
instanceKlass org/robolectric/internal/bytecode/Interceptor
instanceKlass org/robolectric/interceptors/AndroidInterceptors
instanceKlass org/robolectric/internal/bytecode/Interceptors
instanceKlass org/robolectric/internal/bytecode/ShadowDecorator
instanceKlass org/objectweb/asm/Handle
instanceKlass org/robolectric/internal/bytecode/InvokeDynamicSupport
instanceKlass org/robolectric/internal/bytecode/ProxyMaker$MethodMapper
instanceKlass jdk/internal/vm/annotation/ForceInline
instanceKlass sun/misc/Unsafe
instanceKlass org/robolectric/internal/bytecode/ProxyMaker$Factory
instanceKlass org/robolectric/internal/bytecode/ClassValueMap
instanceKlass org/robolectric/internal/bytecode/ProxyMaker
instanceKlass org/robolectric/internal/bytecode/ShadowImpl
instanceKlass org/robolectric/internal/IShadow
instanceKlass org/objectweb/asm/Type
instanceKlass sun/reflect/annotation/TypeAnnotation$LocationInfo$Location
instanceKlass sun/reflect/annotation/TypeAnnotation$LocationInfo
instanceKlass sun/reflect/annotation/AnnotatedTypeFactory$AnnotatedTypeBaseImpl
instanceKlass sun/reflect/annotation/AnnotatedTypeFactory
instanceKlass java/lang/reflect/AnnotatedType
instanceKlass sun/reflect/annotation/TypeAnnotation
instanceKlass sun/reflect/annotation/TypeAnnotationParser
instanceKlass javax/inject/Inject
instanceKlass org/objectweb/asm/ClassVisitor
instanceKlass org/objectweb/asm/commons/Remapper
instanceKlass org/objectweb/asm/tree/AbstractInsnNode
instanceKlass org/robolectric/internal/bytecode/ClassInstrumentor$Decorator
instanceKlass org/robolectric/util/inject/Injector$MemoizingProvider
instanceKlass java/util/Collections$ReverseComparator2
instanceKlass java/util/Collections$ReverseComparator
instanceKlass org/robolectric/pluginapi/perf/Metric
instanceKlass org/robolectric/util/PerfStatsCollector$MetricKey
instanceKlass org/robolectric/util/PerfStatsCollector$Event
instanceKlass org/robolectric/util/PerfStatsCollector$ThrowingSupplier
instanceKlass org/robolectric/util/Clock
instanceKlass org/robolectric/util/PerfStatsCollector
instanceKlass org/robolectric/util/inject/AutoFactory
instanceKlass org/robolectric/internal/bytecode/ClassInstrumentor
instanceKlass org/junit/Assert
instanceKlass kotlin/annotation/MustBeDocumented
instanceKlass kotlin/collections/AbstractList$Companion
instanceKlass kotlin/collections/AbstractCollection
instanceKlass kotlin/jvm/internal/Intrinsics
instanceKlass kotlin/enums/EnumEntriesKt
instanceKlass kotlin/enums/EnumEntries
instanceKlass kotlin/jvm/internal/markers/KMappedMarker
instanceKlass org/junit/validator/ValidateWith
instanceKlass org/junit/internal/runners/rules/RuleMemberValidator$MethodMustBeARule
instanceKlass org/junit/internal/runners/rules/RuleMemberValidator$MethodMustBeATestRule
instanceKlass org/junit/internal/runners/rules/RuleMemberValidator$FieldMustBeARule
instanceKlass org/junit/internal/runners/rules/RuleMemberValidator$MemberMustBeNonStaticOrAlsoClassRule
instanceKlass org/junit/Rule
instanceKlass org/junit/internal/runners/rules/RuleMemberValidator$FieldMustBeATestRule
instanceKlass org/junit/internal/runners/rules/RuleMemberValidator$MemberMustBePublic
instanceKlass org/junit/internal/runners/rules/RuleMemberValidator$MemberMustBeStatic
instanceKlass org/junit/internal/runners/rules/RuleMemberValidator$DeclaringClassMustBePublic
instanceKlass org/junit/ClassRule
instanceKlass org/junit/internal/runners/rules/RuleMemberValidator$Builder
instanceKlass org/junit/internal/runners/rules/RuleMemberValidator$RuleValidator
instanceKlass org/junit/internal/runners/rules/RuleMemberValidator
instanceKlass org/junit/AfterClass
instanceKlass java/lang/Deprecated
instanceKlass jdk/internal/vm/annotation/IntrinsicCandidate
instanceKlass com/mapsupervision/data/db/ProjectScopedDatabaseProvider
instanceKlass org/junit/Test
instanceKlass org/junit/BeforeClass
instanceKlass org/junit/Before
instanceKlass org/junit/After
instanceKlass androidx/room/RoomDatabase
instanceKlass com/mapsupervision/data/repository/ChatHistoryRepositoryImpl
instanceKlass com/mapsupervision/domain/repository/ChatHistoryRepository
instanceKlass org/junit/FixMethodOrder
instanceKlass org/junit/internal/MethodSorter$2
instanceKlass org/junit/internal/MethodSorter$1
instanceKlass org/junit/internal/MethodSorter
instanceKlass org/junit/runners/model/TestClass$MethodComparator
instanceKlass org/junit/runners/model/TestClass$FieldComparator
instanceKlass org/junit/runners/model/FrameworkMember
instanceKlass org/junit/runners/model/TestClass
instanceKlass org/junit/runners/model/Annotatable
instanceKlass org/junit/runners/ParentRunner$1
instanceKlass org/robolectric/util/inject/Injector$Key
instanceKlass javax/inject/Provider
instanceKlass org/robolectric/util/inject/Injector
instanceKlass java/io/Reader
instanceKlass org/robolectric/util/inject/PluginFinder$ServiceFinderAdapter
instanceKlass org/robolectric/util/inject/PluginFinder
instanceKlass org/robolectric/util/inject/Injector$Builder
instanceKlass org/junit/validator/PublicClassValidator
instanceKlass org/junit/validator/AnnotationValidatorFactory
instanceKlass org/junit/validator/AnnotationsValidator$AnnotatableValidator
instanceKlass org/junit/validator/AnnotationsValidator
instanceKlass org/robolectric/sandbox/ShadowMatcher
instanceKlass org/robolectric/internal/ManifestFactory
instanceKlass org/robolectric/internal/bytecode/Sandbox
instanceKlass org/robolectric/pluginapi/UsesSdk
instanceKlass org/robolectric/internal/bytecode/ResourceProvider
instanceKlass org/junit/validator/TestClassValidator
instanceKlass org/junit/runners/model/RunnerScheduler
instanceKlass org/hamcrest/SelfDescribing
instanceKlass org/junit/runners/model/MemberValueConsumer
instanceKlass org/junit/runners/model/Statement
instanceKlass java/lang/Class$AnnotationData
instanceKlass kotlin/annotation/Target
instanceKlass kotlin/annotation/Retention
instanceKlass kotlin/Metadata
instanceKlass java/lang/annotation/Documented
instanceKlass android/content/Context
instanceKlass android/content/ComponentCallbacks2
instanceKlass android/content/ComponentCallbacks
instanceKlass org/robolectric/annotation/Config
instanceKlass org/junit/runner/RunWith
instanceKlass org/junit/Ignore
instanceKlass org/junit/runner/manipulation/Orderable
instanceKlass org/junit/runner/manipulation/Sortable
instanceKlass org/junit/runner/manipulation/Filterable
instanceKlass org/junit/runners/model/RunnerBuilder
instanceKlass org/junit/runner/Request
instanceKlass com/mapsupervision/data/db/ChatHistoryRepositoryTest
instanceKlass org/junit/runner/Runner
instanceKlass org/junit/runner/Describable
instanceKlass org/gradle/api/internal/tasks/testing/junit/JUnitTestClassExecutor
instanceKlass java/util/regex/Pattern$TreeInfo
instanceKlass java/util/regex/CharPredicates
instanceKlass java/util/regex/Pattern$BmpCharPredicate
instanceKlass java/util/regex/Pattern$CharPredicate
instanceKlass java/util/regex/Pattern$Node
instanceKlass java/util/regex/Pattern
instanceKlass org/gradle/api/internal/tasks/testing/failure/DefaultThrowableToTestFailureMapper
instanceKlass org/gradle/api/internal/tasks/testing/failure/ThrowableToTestFailureMapper
instanceKlass org/gradle/api/internal/tasks/testing/failure/TestFailureMapper
instanceKlass org/gradle/api/internal/tasks/testing/worker/TestWorker$2
instanceKlass org/gradle/internal/actor/internal/DefaultActorFactory$BlockingActor
instanceKlass org/gradle/api/internal/tasks/testing/junit/TestClassExecutionEventGenerator
instanceKlass org/gradle/api/internal/tasks/testing/junit/TestClassExecutionListener
instanceKlass org/gradle/internal/serialize/DefaultSerializerRegistry$TypeInfo
instanceKlass org/apache/commons/lang/StringUtils
instanceKlass org/gradle/api/internal/tasks/testing/redirector/TestOutputRedirector$Forwarder
instanceKlass org/gradle/api/internal/tasks/testing/redirector/TestOutputRedirector
instanceKlass org/gradle/api/internal/tasks/testing/redirector/DefaultStandardOutputRedirector$WriteAction
instanceKlass org/gradle/api/internal/tasks/testing/redirector/StandardOutputRedirector$OutputListener
instanceKlass org/gradle/api/internal/tasks/testing/redirector/DefaultStandardOutputRedirector
instanceKlass org/gradle/api/internal/tasks/testing/processors/CaptureTestOutputTestResultProcessor
instanceKlass org/gradle/api/internal/tasks/testing/results/AttachParentTestResultProcessor
instanceKlass org/gradle/internal/remote/internal/hub/DefaultMethodArgsSerializer$ArraySerializer
instanceKlass java/util/AbstractMap$SimpleImmutableEntry
instanceKlass org/gradle/api/internal/tasks/testing/worker/TestWorker$1
instanceKlass java/util/concurrent/ConcurrentSkipListMap$Iter
instanceKlass org/gradle/internal/remote/internal/hub/queue/MultiEndPointQueue$1
instanceKlass org/gradle/internal/remote/internal/hub/DefaultMethodArgsSerializer$EmptyArraySerializer
instanceKlass org/gradle/internal/remote/internal/hub/MethodInvocationSerializer$MethodDetails
instanceKlass java/nio/channels/spi/AbstractSelector$1
instanceKlass org/gradle/internal/remote/internal/hub/MessageHub$ConnectionReceive
instanceKlass org/gradle/internal/remote/internal/hub/MessageHub$ConnectionDispatch
instanceKlass org/gradle/internal/remote/internal/hub/ConnectionState
instanceKlass org/gradle/internal/serialize/kryo/TypeSafeSerializer$2
instanceKlass org/gradle/internal/remote/internal/hub/MethodInvocationSerializer$MethodInvocationWriter
instanceKlass org/gradle/internal/remote/internal/hub/InterHubMessageSerializer$MessageWriter
instanceKlass org/gradle/internal/serialize/AbstractEncoder
instanceKlass org/gradle/internal/serialize/PositionAwareEncoder
instanceKlass org/gradle/internal/serialize/kryo/TypeSafeSerializer$1
instanceKlass org/gradle/internal/remote/internal/hub/MethodInvocationSerializer$MethodInvocationReader
instanceKlass org/gradle/internal/remote/internal/hub/InterHubMessageSerializer$MessageReader
instanceKlass org/gradle/internal/remote/internal/inet/SocketInetAddress$Serializer
instanceKlass org/gradle/internal/remote/internal/inet/SocketInetAddress
instanceKlass org/gradle/internal/io/BufferCaster
instanceKlass java/lang/invoke/ConstantBootstraps
instanceKlass java/nio/channels/SelectionKey
instanceKlass java/nio/BufferMismatch
instanceKlass sun/nio/ch/IOStatus
instanceKlass sun/nio/ch/Util$BufferCache
instanceKlass sun/security/provider/AbstractDrbg$NonceProvider
instanceKlass sun/nio/fs/BasicFileAttributesHolder
instanceKlass sun/nio/fs/WindowsDirectoryStream$WindowsDirectoryIterator
instanceKlass sun/nio/fs/WindowsDirectoryStream
instanceKlass java/nio/file/DirectoryStream
instanceKlass java/nio/file/Files$AcceptAllFilter
instanceKlass java/nio/file/DirectoryStream$Filter
instanceKlass java/net/NetworkInterface$1
instanceKlass java/net/DefaultInterface
instanceKlass java/net/InterfaceAddress
instanceKlass java/net/NetworkInterface
instanceKlass sun/security/provider/SeedGenerator$1
instanceKlass sun/security/provider/SeedGenerator
instanceKlass sun/security/provider/AbstractDrbg$SeederHolder
instanceKlass java/security/DrbgParameters$NextBytes
instanceKlass com/sun/security/sasl/Provider$1
instanceKlass java/security/spec/ECFieldF2m
instanceKlass sun/security/util/ObjectIdentifier
instanceKlass sun/security/util/ByteArrayTagOrder
instanceKlass sun/security/util/ByteArrayLexOrder
instanceKlass sun/security/util/DerEncoder
instanceKlass java/security/spec/ECParameterSpec
instanceKlass java/security/spec/AlgorithmParameterSpec
instanceKlass java/security/spec/ECPoint
instanceKlass java/security/spec/EllipticCurve
instanceKlass java/security/spec/ECFieldFp
instanceKlass java/security/spec/ECField
instanceKlass sun/security/util/CurveDB
instanceKlass sun/security/ec/SunEC$1
instanceKlass sun/security/pkcs11/SunPKCS11$Descriptor
instanceKlass javax/security/auth/Subject
instanceKlass javax/security/auth/callback/CallbackHandler
instanceKlass sun/security/jgss/SunProvider$1
instanceKlass sun/security/mscapi/SunMSCAPI$2
instanceKlass sun/security/mscapi/SunMSCAPI$1
instanceKlass org/jcp/xml/dsig/internal/dom/XMLDSigRI$2
instanceKlass org/jcp/xml/dsig/internal/dom/XMLDSigRI$1
instanceKlass com/sun/security/sasl/gsskerb/JdkSASL$1
instanceKlass sun/security/smartcardio/SunPCSC$1
instanceKlass sun/security/jca/ProviderConfig$ProviderLoader
instanceKlass sun/security/jca/ProviderConfig$3
instanceKlass sun/security/rsa/SunRsaSignEntries
instanceKlass sun/nio/ch/UnixDomainSocketsUtil
instanceKlass sun/nio/ch/UnixDomainSockets
instanceKlass sun/nio/ch/PipeImpl$Initializer$LoopbackConnector
instanceKlass sun/nio/ch/PipeImpl$Initializer
instanceKlass sun/security/provider/EntropySource
instanceKlass sun/security/provider/AbstractDrbg
instanceKlass java/security/DrbgParameters$Instantiation
instanceKlass java/security/DrbgParameters
instanceKlass sun/security/provider/MoreDrbgParameters
instanceKlass java/security/SecureRandomSpi
instanceKlass java/util/AbstractList$Itr
instanceKlass java/nio/channels/Pipe
instanceKlass sun/nio/ch/WEPoll
instanceKlass sun/nio/ch/Util$2
instanceKlass sun/nio/ch/Util
instanceKlass java/nio/channels/Selector
instanceKlass java/nio/DirectByteBuffer$Deallocator
instanceKlass org/gradle/internal/serialize/FlushableEncoder
instanceKlass org/gradle/internal/remote/internal/KryoBackedMessageSerializer
instanceKlass org/gradle/internal/serialize/Encoder
instanceKlass org/gradle/internal/remote/internal/inet/SocketConnection
instanceKlass org/gradle/internal/remote/internal/hub/MethodInvocationSerializer
instanceKlass org/gradle/internal/serialize/kryo/TypeSafeSerializer
instanceKlass java/util/concurrent/ForkJoinPool$WorkQueue
instanceKlass java/util/concurrent/ForkJoinPool$DefaultCommonPoolForkJoinWorkerThreadFactory
instanceKlass org/gradle/internal/serialize/ObjectReader
instanceKlass java/util/concurrent/ForkJoinPool$1
instanceKlass org/gradle/internal/serialize/ObjectWriter
instanceKlass java/util/concurrent/ForkJoinPool$DefaultForkJoinWorkerThreadFactory
instanceKlass java/util/concurrent/ForkJoinPool$ForkJoinWorkerThreadFactory
instanceKlass org/gradle/internal/remote/internal/hub/InterHubMessageSerializer
instanceKlass org/gradle/internal/remote/internal/hub/JavaSerializationBackedMethodArgsSerializer
instanceKlass org/gradle/internal/remote/internal/hub/DefaultMethodArgsSerializer
instanceKlass org/gradle/internal/concurrent/AbstractManagedExecutor$1
instanceKlass org/gradle/internal/remote/internal/hub/MessageHub$Handler
instanceKlass org/gradle/internal/remote/internal/hub/queue/EndPointQueue
instanceKlass org/gradle/internal/remote/internal/hub/MessageHubBackedObjectConnection$DispatchWrapper
instanceKlass org/gradle/api/tasks/testing/TestFailureDetails
instanceKlass org/gradle/api/internal/tasks/testing/worker/TestEventSerializer$DefaultTestFailureSerializer
instanceKlass org/gradle/api/tasks/testing/TestFailure
instanceKlass org/gradle/api/internal/tasks/testing/worker/TestEventSerializer$DefaultTestOutputEventSerializer
instanceKlass org/gradle/api/internal/tasks/testing/DefaultTestOutputEvent
instanceKlass org/gradle/api/tasks/testing/TestOutputEvent
instanceKlass org/gradle/api/internal/tasks/testing/worker/TestEventSerializer$TestCompleteEventSerializer
instanceKlass org/gradle/api/internal/tasks/testing/TestCompleteEvent
instanceKlass org/gradle/api/internal/tasks/testing/worker/TestEventSerializer$NullableSerializer
instanceKlass org/gradle/api/internal/tasks/testing/worker/TestEventSerializer$TestStartEventSerializer
instanceKlass org/gradle/api/internal/tasks/testing/TestStartEvent
instanceKlass org/gradle/api/internal/tasks/testing/worker/TestEventSerializer$DefaultTestDescriptorSerializer
instanceKlass org/gradle/api/internal/tasks/testing/worker/TestEventSerializer$DefaultTestMethodDescriptorSerializer
instanceKlass org/gradle/api/internal/tasks/testing/worker/TestEventSerializer$DefaultTestClassDescriptorSerializer
instanceKlass org/gradle/api/internal/tasks/testing/worker/TestEventSerializer$WorkerTestSuiteDescriptorSerializer
instanceKlass org/gradle/api/internal/tasks/testing/worker/TestEventSerializer$DefaultTestSuiteDescriptorSerializer
instanceKlass org/gradle/api/internal/tasks/testing/worker/TestEventSerializer$DefaultParameterizedTestDescriptorSerializer
instanceKlass org/gradle/api/internal/tasks/testing/worker/TestEventSerializer$DefaultNestedTestSuiteDescriptorSerializer
instanceKlass org/gradle/api/internal/tasks/testing/worker/TestEventSerializer$IdSerializer
instanceKlass org/gradle/api/internal/tasks/testing/worker/TestEventSerializer$DefaultTestClassRunInfoSerializer
instanceKlass org/gradle/api/internal/tasks/testing/DefaultTestClassRunInfo
instanceKlass org/gradle/api/internal/tasks/testing/worker/TestEventSerializer
instanceKlass org/gradle/internal/dispatch/ContextClassLoaderDispatch
instanceKlass org/gradle/internal/dispatch/ContextClassLoaderProxy
instanceKlass org/gradle/api/internal/tasks/testing/AbstractTestDescriptor
instanceKlass org/gradle/internal/id/CompositeIdGenerator$CompositeId
instanceKlass org/gradle/api/internal/tasks/testing/TestDescriptorInternal
instanceKlass org/gradle/api/tasks/testing/TestDescriptor
instanceKlass org/gradle/api/internal/tasks/testing/redirector/StandardOutputRedirector
instanceKlass org/gradle/api/internal/tasks/testing/SuiteTestClassProcessor
instanceKlass org/junit/runner/notification/RunListener
instanceKlass org/gradle/api/internal/tasks/testing/junit/AbstractJUnitTestClassProcessor
instanceKlass org/gradle/internal/actor/Actor
instanceKlass org/gradle/internal/actor/internal/DefaultActorFactory
instanceKlass org/gradle/internal/id/LongIdGenerator
instanceKlass org/gradle/internal/id/CompositeIdGenerator
instanceKlass sun/reflect/generics/tree/MethodTypeSignature
instanceKlass org/gradle/api/internal/tasks/testing/worker/TestWorker$TestFrameworkServiceRegistry
instanceKlass org/gradle/process/internal/worker/child/ActionExecutionWorker$1
instanceKlass org/gradle/process/internal/worker/child/SystemApplicationClassLoaderWorker$ContextImpl
instanceKlass org/gradle/process/internal/worker/child/ActionExecutionWorker
instanceKlass org/gradle/internal/logging/source/PrintStreamLoggingSystem$PrintStreamDestination
instanceKlass java/util/logging/ErrorManager
instanceKlass org/gradle/internal/logging/source/JavaUtilLoggingSystem$SnapshotImpl
instanceKlass org/gradle/internal/logging/config/LoggingSystemAdapter$SnapshotImpl
instanceKlass org/gradle/internal/logging/sink/OutputEventRenderer$SnapshotImpl
instanceKlass org/gradle/internal/SystemProperties
instanceKlass org/gradle/internal/logging/events/StyledTextOutputEvent$Span
instanceKlass org/gradle/internal/logging/events/operations/StyledTextBuildOperationProgressDetails$Span
instanceKlass org/gradle/internal/operations/logging/StyledTextBuildOperationProgressDetails$Span
instanceKlass org/gradle/internal/concurrent/ThreadSafe
instanceKlass org/gradle/internal/remote/internal/hub/protocol/ChannelIdentifier
instanceKlass org/gradle/internal/remote/internal/hub/MessageHub$ChannelDispatch
instanceKlass org/gradle/internal/dispatch/MethodInvocation
instanceKlass org/gradle/process/internal/worker/child/WorkerLoggingProtocol
instanceKlass org/gradle/internal/logging/serializer/LogLevelChangeEventSerializer
instanceKlass org/gradle/internal/logging/serializer/SpanSerializer
instanceKlass org/gradle/internal/serialize/AbstractCollectionSerializer
instanceKlass org/gradle/internal/logging/serializer/StyledTextOutputEventSerializer
instanceKlass java/util/concurrent/atomic/Striped64$1
instanceKlass jdk/internal/util/random/RandomSupport
instanceKlass java/util/Random
instanceKlass java/util/random/RandomGenerator
instanceKlass org/gradle/internal/serialize/DefaultSerializerRegistry$InstanceBasedSerializerFactory
instanceKlass org/gradle/internal/logging/serializer/LogEventSerializer
instanceKlass org/gradle/internal/serialize/AbstractSerializer
instanceKlass org/gradle/internal/serialize/BaseSerializerFactory
instanceKlass org/gradle/internal/serialize/DefaultSerializerRegistry$HierarchySerializerMatcher
instanceKlass org/gradle/internal/serialize/DefaultSerializerRegistry$StrictSerializerMatcher
instanceKlass org/gradle/internal/serialize/DefaultSerializerRegistry$SerializerClassMatcherStrategy
instanceKlass org/gradle/internal/serialize/DefaultSerializerRegistry$1
instanceKlass org/gradle/internal/serialize/DefaultSerializerRegistry$SerializerFactory
instanceKlass org/gradle/internal/serialize/DefaultSerializerRegistry
instanceKlass org/gradle/internal/serialize/SerializerRegistry
instanceKlass org/gradle/process/internal/worker/WorkerLoggingSerializer
instanceKlass org/gradle/internal/remote/internal/hub/MessageHubBackedObjectConnection$2
instanceKlass org/gradle/internal/concurrent/ExecutorPolicy$CatchAndRecordFailures
instanceKlass java/util/concurrent/SynchronousQueue$TransferStack$SNode
instanceKlass java/util/concurrent/SynchronousQueue$Transferer
instanceKlass java/util/concurrent/ThreadPoolExecutor$AbortPolicy
instanceKlass java/util/concurrent/RejectedExecutionHandler
instanceKlass java/util/concurrent/Executors
instanceKlass org/gradle/internal/concurrent/ThreadFactoryImpl
instanceKlass java/util/concurrent/AbstractExecutorService
instanceKlass org/gradle/internal/remote/internal/hub/ConnectionSet
instanceKlass org/gradle/internal/remote/internal/hub/protocol/Routable
instanceKlass org/gradle/internal/remote/internal/hub/queue/MultiEndPointQueue
instanceKlass org/gradle/internal/remote/internal/hub/queue/QueueInitializer
instanceKlass org/gradle/internal/remote/internal/hub/protocol/InterHubMessage
instanceKlass org/gradle/internal/remote/internal/hub/queue/MultiChannelQueue
instanceKlass org/gradle/internal/remote/internal/hub/MessageHub$Discard
instanceKlass org/gradle/internal/remote/internal/hub/StreamFailureHandler
instanceKlass org/gradle/internal/dispatch/BoundedDispatch
instanceKlass org/gradle/internal/dispatch/StreamCompletion
instanceKlass org/gradle/internal/remote/internal/hub/RejectedMessageListener
instanceKlass org/gradle/internal/remote/internal/hub/MessageHub
instanceKlass org/gradle/internal/remote/internal/hub/MessageHubBackedObjectConnection$1
instanceKlass org/gradle/internal/remote/internal/RemoteConnection
instanceKlass org/gradle/internal/remote/internal/Connection
instanceKlass org/gradle/internal/dispatch/Receive
instanceKlass org/gradle/internal/remote/internal/MessageSerializer
instanceKlass org/gradle/internal/remote/internal/inet/SocketConnectCompletion
instanceKlass org/gradle/internal/remote/internal/inet/SocketBlockingUtil
instanceKlass sun/nio/ch/NativeThread
instanceKlass sun/net/NetHooks
instanceKlass java/nio/channels/spi/AbstractInterruptibleChannel$1
instanceKlass sun/nio/ch/Interruptible
instanceKlass java/net/InetSocketAddress$InetSocketAddressHolder
instanceKlass sun/net/NetProperties$1
instanceKlass sun/net/NetProperties
instanceKlass java/net/SocketImpl
instanceKlass java/net/SocketOptions
instanceKlass java/net/Socket
instanceKlass jdk/net/ExtendedSocketOptions$PlatformSocketOptions$1
instanceKlass jdk/net/ExtendedSocketOptions$PlatformSocketOptions
instanceKlass jdk/net/ExtendedSocketOptions$ExtSocketOption
instanceKlass java/net/SocketOption
instanceKlass jdk/net/ExtendedSocketOptions
instanceKlass sun/net/ext/ExtendedSocketOptions
instanceKlass java/net/Inet6Address$Inet6AddressHolder
instanceKlass sun/nio/ch/Net$1
instanceKlass java/net/ProtocolFamily
instanceKlass sun/nio/ch/Net
instanceKlass sun/nio/ch/IOUtil
instanceKlass sun/nio/ch/NativeDispatcher
instanceKlass sun/nio/ch/SelChImpl
instanceKlass sun/nio/ch/DefaultSelectorProvider
instanceKlass java/nio/channels/spi/SelectorProvider$Holder
instanceKlass java/nio/channels/spi/SelectorProvider
instanceKlass java/nio/channels/spi/AbstractInterruptibleChannel
instanceKlass java/nio/channels/InterruptibleChannel
instanceKlass java/nio/channels/NetworkChannel
instanceKlass java/nio/channels/GatheringByteChannel
instanceKlass java/nio/channels/ScatteringByteChannel
instanceKlass java/nio/channels/ByteChannel
instanceKlass java/nio/channels/WritableByteChannel
instanceKlass java/nio/channels/ReadableByteChannel
instanceKlass java/nio/channels/Channel
instanceKlass org/gradle/internal/serialize/StatefulSerializer
instanceKlass org/gradle/internal/remote/internal/hub/MethodArgsSerializer
instanceKlass org/gradle/internal/classloader/ClassLoaderHierarchy
instanceKlass org/gradle/internal/classloader/DelegatingClassLoader
instanceKlass org/gradle/internal/remote/internal/hub/MessageHubBackedObjectConnection
instanceKlass org/gradle/internal/remote/ObjectConnection
instanceKlass org/gradle/internal/remote/ObjectConnectionBuilder
instanceKlass org/gradle/internal/remote/internal/hub/MessageHubBackedClient
instanceKlass java/net/SocketAddress
instanceKlass org/gradle/internal/remote/internal/ConnectCompletion
instanceKlass org/gradle/internal/remote/internal/inet/TcpOutgoingConnector
instanceKlass org/gradle/process/internal/worker/child/SystemApplicationClassLoaderWorker$PrintUnrecoverableErrorToFileHandler
instanceKlass java/text/DontCareFieldPosition$1
instanceKlass java/text/Format$FieldDelegate
instanceKlass java/text/DigitList
instanceKlass java/text/FieldPosition
instanceKlass java/lang/StringUTF16$CharsSpliterator
instanceKlass java/util/stream/Sink$ChainedInt
instanceKlass java/util/OptionalInt
instanceKlass java/util/stream/Sink$OfInt
instanceKlass java/util/function/IntConsumer
instanceKlass java/util/function/IntPredicate
instanceKlass java/util/stream/IntStream
instanceKlass java/lang/StringLatin1$CharsSpliterator
instanceKlass java/text/DecimalFormatSymbols
instanceKlass java/text/DateFormatSymbols
instanceKlass sun/util/calendar/CalendarUtils
instanceKlass sun/util/calendar/CalendarDate
instanceKlass sun/util/resources/Bundles$CacheKeyReference
instanceKlass java/util/ResourceBundle$ResourceBundleProviderHelper
instanceKlass sun/util/resources/Bundles$CacheKey
instanceKlass java/util/ResourceBundle$1
instanceKlass jdk/internal/access/JavaUtilResourceBundleAccess
instanceKlass sun/util/resources/Bundles
instanceKlass sun/util/resources/LocaleData$LocaleDataStrategy
instanceKlass sun/util/resources/Bundles$Strategy
instanceKlass sun/util/resources/LocaleData$1
instanceKlass sun/util/resources/LocaleData
instanceKlass sun/util/locale/provider/LocaleResources
instanceKlass java/util/LinkedList$Node
instanceKlass java/util/ResourceBundle
instanceKlass java/util/ResourceBundle$Control
instanceKlass sun/util/locale/provider/CalendarDataUtility$CalendarWeekParameterGetter
instanceKlass sun/util/locale/provider/LocaleServiceProviderPool$LocalizedObjectGetter
instanceKlass sun/util/locale/provider/LocaleServiceProviderPool
instanceKlass java/util/Locale$Builder
instanceKlass sun/util/locale/provider/CalendarDataUtility
instanceKlass sun/util/calendar/CalendarSystem$GregorianHolder
instanceKlass sun/util/calendar/CalendarSystem
instanceKlass java/util/Calendar$Builder
instanceKlass java/util/StringTokenizer
instanceKlass sun/util/locale/provider/AvailableLanguageTags
instanceKlass sun/util/resources/cldr/provider/CLDRLocaleDataMetaInfo
instanceKlass jdk/internal/module/ModulePatcher$PatchedModuleReader
instanceKlass sun/util/locale/LocaleObjectCache
instanceKlass sun/util/locale/BaseLocale$Key
instanceKlass sun/util/locale/InternalLocaleBuilder$CaseInsensitiveChar
instanceKlass sun/util/locale/InternalLocaleBuilder
instanceKlass sun/util/locale/StringTokenIterator
instanceKlass sun/util/locale/ParseStatus
instanceKlass sun/util/locale/LanguageTag
instanceKlass sun/util/cldr/CLDRBaseLocaleDataMetaInfo
instanceKlass sun/util/locale/provider/LocaleDataMetaInfo
instanceKlass sun/util/locale/provider/ResourceBundleBasedAdapter
instanceKlass sun/util/locale/provider/LocaleProviderAdapter$1
instanceKlass java/util/Collections$UnmodifiableCollection$1
instanceKlass sun/util/locale/provider/LocaleProviderAdapter
instanceKlass java/util/spi/LocaleServiceProvider
instanceKlass sun/util/calendar/ZoneInfoFile$ZoneOffsetTransitionRule
instanceKlass sun/util/calendar/ZoneInfoFile$1
instanceKlass sun/util/calendar/ZoneInfoFile
instanceKlass java/util/TimeZone
instanceKlass java/util/Calendar
instanceKlass java/text/AttributedCharacterIterator$Attribute
instanceKlass java/text/Format
instanceKlass org/gradle/process/internal/worker/child/DefaultWorkerDirectoryProvider
instanceKlass org/gradle/process/internal/worker/child/SystemApplicationClassLoaderWorker$WorkerServices$1
instanceKlass org/gradle/process/internal/worker/child/WorkerLogEventListener
instanceKlass org/gradle/process/internal/health/memory/OsMemoryInfo
instanceKlass org/gradle/internal/event/ScopedListenerManager
instanceKlass org/gradle/internal/event/ListenerManager
instanceKlass org/gradle/process/internal/health/memory/JvmMemoryInfo
instanceKlass org/gradle/process/internal/worker/child/WorkerDirectoryProvider
instanceKlass org/gradle/process/internal/health/memory/MemoryManager
instanceKlass org/gradle/process/internal/worker/child/SystemApplicationClassLoaderWorker$WorkerServices
instanceKlass org/gradle/internal/remote/internal/inet/InetAddressFactory
instanceKlass org/gradle/internal/concurrent/ManagedScheduledExecutor
instanceKlass org/gradle/internal/concurrent/ManagedThreadPoolExecutor
instanceKlass java/util/concurrent/ScheduledExecutorService
instanceKlass org/gradle/internal/concurrent/ManagedExecutor
instanceKlass java/util/concurrent/ExecutorService
instanceKlass java/util/concurrent/Executor
instanceKlass org/gradle/internal/concurrent/AsyncStoppable
instanceKlass org/gradle/internal/concurrent/ExecutorPolicy
instanceKlass org/gradle/internal/concurrent/DefaultExecutorFactory
instanceKlass org/gradle/internal/concurrent/ExecutorFactory
instanceKlass org/gradle/internal/service/DefaultServiceRegistry$CompositeServiceProvider
instanceKlass org/gradle/internal/service/DefaultServiceRegistry$ParentServices
instanceKlass org/gradle/internal/id/UUIDGenerator
instanceKlass org/gradle/internal/remote/MessagingClient
instanceKlass org/gradle/internal/remote/internal/OutgoingConnector
instanceKlass org/gradle/internal/remote/internal/IncomingConnector
instanceKlass org/gradle/internal/remote/MessagingServer
instanceKlass org/gradle/internal/remote/services/MessagingServices
instanceKlass org/gradle/process/internal/worker/child/SystemApplicationClassLoaderWorker$2
instanceKlass org/gradle/api/internal/file/temp/DefaultTemporaryFileProvider
instanceKlass java/lang/Class$EnclosingMethodInfo
instanceKlass net/rubygrapefruit/platform/file/FileSystems
instanceKlass net/rubygrapefruit/platform/Native
instanceKlass net/rubygrapefruit/platform/memory/Memory
instanceKlass net/rubygrapefruit/platform/SystemInfo
instanceKlass org/gradle/internal/jvm/Jvm
instanceKlass org/gradle/internal/jvm/JavaInfo
instanceKlass net/rubygrapefruit/platform/WindowsRegistry
instanceKlass org/gradle/internal/file/StatStatistics
instanceKlass org/gradle/internal/file/StatStatistics$Collector
instanceKlass org/gradle/internal/nativeintegration/filesystem/services/GenericFileSystem
instanceKlass org/gradle/internal/service/InjectUtil
instanceKlass java/lang/invoke/MethodHandleImpl$ArrayAccessor
instanceKlass java/lang/invoke/MethodHandleImpl$2
instanceKlass java/lang/invoke/MethodHandleImpl$LoopClauses
instanceKlass java/lang/invoke/MethodHandleImpl$CasesHolder
instanceKlass org/gradle/internal/service/DefaultServiceRegistry$1
instanceKlass org/gradle/internal/file/FileCanonicalizer
instanceKlass net/rubygrapefruit/platform/file/PosixFiles
instanceKlass net/rubygrapefruit/platform/file/Files
instanceKlass org/gradle/internal/os/OperatingSystem
instanceKlass org/gradle/internal/nativeintegration/filesystem/services/GenericFileSystem$Factory
instanceKlass org/gradle/api/internal/file/temp/TemporaryFileProvider
instanceKlass org/gradle/internal/nativeintegration/services/NativeServices$FileEventFunctionsProvider
instanceKlass org/gradle/internal/nativeintegration/services/NativeServices$NativeFeatures$1$2
instanceKlass org/gradle/internal/nativeintegration/services/NativeServices$1
instanceKlass org/gradle/internal/nativeintegration/filesystem/FileSystem
instanceKlass org/gradle/internal/file/FileSystem
instanceKlass org/gradle/internal/file/Stat
instanceKlass org/gradle/internal/file/Chmod
instanceKlass org/gradle/internal/file/FileModeMutator
instanceKlass org/gradle/internal/file/FileModeAccessor
instanceKlass org/gradle/internal/nativeintegration/filesystem/Symlink
instanceKlass org/gradle/internal/nativeintegration/filesystem/services/FileSystemServices
instanceKlass java/lang/ProcessEnvironment$CheckedEntry
instanceKlass java/lang/ProcessEnvironment$CheckedEntrySet$1
instanceKlass java/lang/ProcessEnvironment$EntryComparator
instanceKlass java/lang/ProcessEnvironment$NameComparator
instanceKlass org/gradle/internal/nativeintegration/jansi/DefaultJansiRuntimeResolver
instanceKlass org/gradle/internal/nativeintegration/jansi/JansiRuntimeResolver
instanceKlass org/gradle/internal/nativeintegration/jansi/JansiLibraryFactory
instanceKlass org/gradle/internal/nativeintegration/jansi/JansiStorageLocator
instanceKlass org/gradle/internal/nativeintegration/jansi/JansiBootPathConfigurer
instanceKlass org/gradle/internal/nativeintegration/network/HostnameLookup
instanceKlass net/rubygrapefruit/platform/ProcessLauncher
instanceKlass net/rubygrapefruit/platform/NativeIntegration
instanceKlass org/gradle/initialization/GradleUserHomeDirProvider
instanceKlass org/gradle/internal/file/FileMetadataAccessor
instanceKlass org/gradle/internal/nativeintegration/ProcessEnvironment
instanceKlass org/gradle/internal/nativeintegration/NativeCapabilities
instanceKlass org/gradle/internal/nativeintegration/console/ConsoleDetector
instanceKlass org/gradle/internal/nativeintegration/services/NativeServices
instanceKlass org/gradle/internal/logging/services/DefaultLoggingManager$StartableLoggingSystem
instanceKlass org/gradle/internal/logging/services/DefaultLoggingManager$StartableLoggingRouter
instanceKlass org/gradle/internal/logging/services/DefaultLoggingManager
instanceKlass java/util/logging/Logger$SystemLoggerHelper$1
instanceKlass java/util/logging/Logger$SystemLoggerHelper
instanceKlass java/util/logging/LogManager$4
instanceKlass jdk/internal/logger/BootstrapLogger$BootstrapExecutors
instanceKlass jdk/internal/logger/LoggerFinderLoader
instanceKlass java/util/stream/Stream$Builder
instanceKlass java/util/stream/Streams$AbstractStreamBuilderImpl
instanceKlass java/util/stream/FindOps$FindOp
instanceKlass java/util/stream/FindOps$FindSink
instanceKlass java/util/stream/FindOps
instanceKlass java/util/ArrayList$ArrayListSpliterator
instanceKlass java/util/Hashtable$Enumerator
instanceKlass java/util/Collections$SynchronizedCollection
instanceKlass java/util/Properties$EntrySet
instanceKlass java/util/Collections$3
instanceKlass java/util/logging/LogManager$LoggerContext$1
instanceKlass java/util/logging/LogManager$VisitedLoggers
instanceKlass java/util/logging/LogManager$2
instanceKlass java/util/logging/LogManager$LoggingProviderAccess
instanceKlass java/lang/Shutdown$Lock
instanceKlass java/lang/Shutdown
instanceKlass java/lang/ApplicationShutdownHooks$1
instanceKlass java/lang/ApplicationShutdownHooks
instanceKlass java/util/Collections$SynchronizedMap
instanceKlass java/util/logging/LogManager$LogNode
instanceKlass java/util/logging/LogManager$LoggerContext
instanceKlass java/util/logging/LogManager$1
instanceKlass java/util/logging/LogManager
instanceKlass java/util/logging/Logger$ConfigurationData
instanceKlass java/util/logging/Logger$LoggerBundle
instanceKlass java/util/logging/Handler
instanceKlass java/util/logging/Logger
instanceKlass java/util/logging/Level
instanceKlass org/gradle/internal/logging/source/JavaUtilLoggingSystem
instanceKlass org/gradle/internal/logging/slf4j/Slf4jLoggingConfigurer
instanceKlass org/gradle/internal/logging/config/LoggingSystemAdapter
instanceKlass org/gradle/internal/logging/source/StdErrLoggingSystem
instanceKlass org/gradle/internal/logging/source/PrintStreamLoggingSystem$SnapshotImpl
instanceKlass org/gradle/internal/logging/source/PrintStreamLoggingSystem$OutputEventDestination
instanceKlass org/gradle/internal/logging/source/PrintStreamLoggingSystem$1
instanceKlass org/gradle/internal/logging/events/operations/StyledTextBuildOperationProgressDetails
instanceKlass org/gradle/internal/operations/logging/StyledTextBuildOperationProgressDetails
instanceKlass org/gradle/internal/io/TextStream
instanceKlass org/gradle/internal/logging/source/PrintStreamLoggingSystem
instanceKlass org/gradle/internal/logging/source/StdOutLoggingSystem
instanceKlass org/gradle/internal/service/AnnotatedServiceLifecycleHandler
instanceKlass org/gradle/internal/service/DefaultServiceRegistry$SingletonService$NonFactoryMarker
instanceKlass java/lang/reflect/WildcardType
instanceKlass sun/reflect/generics/reflectiveObjects/LazyReflectiveObjectGenerator
instanceKlass sun/reflect/generics/reflectiveObjects/ParameterizedTypeImpl
instanceKlass sun/reflect/generics/tree/ClassSignature
instanceKlass sun/reflect/generics/tree/Signature
instanceKlass sun/reflect/generics/tree/FormalTypeParameter
instanceKlass java/lang/reflect/TypeVariable
instanceKlass sun/reflect/generics/repository/AbstractRepository
instanceKlass java/lang/reflect/ParameterizedType
instanceKlass org/gradle/internal/logging/LoggingManagerInternal
instanceKlass org/gradle/internal/logging/StandardOutputCapture
instanceKlass org/gradle/api/logging/LoggingManager
instanceKlass org/gradle/internal/service/DefaultServiceRegistry$ClassInspector$ClassDetails
instanceKlass org/gradle/util/internal/CollectionUtils
instanceKlass org/gradle/internal/service/DefaultServiceRegistry$SingletonService$1
instanceKlass java/util/concurrent/ConcurrentLinkedQueue$Node
instanceKlass org/gradle/internal/service/PrivateService
instanceKlass org/gradle/internal/reflect/JavaMethod
instanceKlass org/gradle/internal/service/AbstractServiceMethod
instanceKlass org/gradle/util/internal/ArrayUtils
instanceKlass java/lang/annotation/Target
instanceKlass sun/reflect/annotation/AnnotationInvocationHandler
instanceKlass sun/reflect/annotation/AnnotationParser$1
instanceKlass java/lang/annotation/Inherited
instanceKlass java/lang/annotation/Retention
instanceKlass sun/reflect/annotation/ExceptionProxy
instanceKlass sun/reflect/annotation/AnnotationType$1
instanceKlass sun/reflect/annotation/AnnotationType
instanceKlass java/lang/reflect/GenericArrayType
instanceKlass sun/reflect/generics/visitor/Reifier
instanceKlass sun/reflect/generics/visitor/TypeTreeVisitor
instanceKlass sun/reflect/generics/factory/CoreReflectionFactory
instanceKlass sun/reflect/generics/factory/GenericsFactory
instanceKlass sun/reflect/generics/scope/AbstractScope
instanceKlass sun/reflect/generics/scope/Scope
instanceKlass sun/reflect/generics/tree/ClassTypeSignature
instanceKlass sun/reflect/generics/tree/SimpleClassTypeSignature
instanceKlass sun/reflect/generics/tree/FieldTypeSignature
instanceKlass sun/reflect/generics/tree/BaseType
instanceKlass sun/reflect/generics/tree/TypeSignature
instanceKlass sun/reflect/generics/tree/ReturnType
instanceKlass sun/reflect/generics/tree/TypeArgument
instanceKlass sun/reflect/generics/tree/TypeTree
instanceKlass sun/reflect/generics/tree/Tree
instanceKlass sun/reflect/generics/parser/SignatureParser
instanceKlass org/gradle/internal/service/Provides
instanceKlass org/gradle/internal/logging/services/DefaultLoggingManagerFactory
instanceKlass org/gradle/internal/logging/services/TextStreamOutputEventListener
instanceKlass org/gradle/internal/service/TypeStringFormatter
instanceKlass org/gradle/internal/service/RelevantMethods$RelevantMethodsBuilder
instanceKlass org/gradle/internal/Cast
instanceKlass org/gradle/internal/service/ServiceMethod
instanceKlass org/gradle/internal/service/MethodHandleBasedServiceMethodFactory
instanceKlass org/gradle/internal/service/DefaultServiceMethodFactory
instanceKlass org/gradle/internal/service/ServiceMethodFactory
instanceKlass org/gradle/internal/service/RelevantMethods
instanceKlass org/gradle/internal/service/DefaultServiceAccessToken
instanceKlass org/gradle/internal/service/DefaultServiceRegistry$ClassInspector
instanceKlass org/gradle/internal/service/ServiceAccess$1
instanceKlass org/gradle/internal/service/ServiceAccessToken
instanceKlass org/gradle/internal/service/ServiceAccessScope
instanceKlass org/gradle/internal/service/ServiceAccess
instanceKlass org/gradle/internal/service/DefaultServiceRegistry$ThisAsService
instanceKlass org/gradle/internal/concurrent/CompositeStoppable$1
instanceKlass org/gradle/internal/concurrent/CompositeStoppable
instanceKlass org/gradle/internal/service/AnnotatedServiceLifecycleHandler$Registration
instanceKlass org/gradle/internal/service/DefaultServiceRegistry$OwnServices
instanceKlass org/gradle/internal/service/ServiceRegistration
instanceKlass org/gradle/internal/service/ServiceProvider$Visitor
instanceKlass org/gradle/internal/InternalTransformer
instanceKlass org/gradle/internal/service/DefaultServiceRegistry$ManagedObjectServiceProvider
instanceKlass org/gradle/internal/service/Service
instanceKlass org/gradle/internal/service/ServiceProvider
instanceKlass org/gradle/internal/logging/sink/OutputEventListenerManager$1
instanceKlass org/gradle/internal/logging/sink/OutputEventListenerManager
instanceKlass org/gradle/internal/service/DefaultServiceRegistry
instanceKlass org/gradle/internal/service/ContainsServices
instanceKlass org/gradle/internal/service/CloseableServiceRegistry
instanceKlass org/gradle/internal/service/ServiceRegistryBuilder
instanceKlass org/gradle/internal/logging/services/LoggingServiceRegistry$1
instanceKlass org/gradle/internal/logging/config/LoggingConfigurer
instanceKlass org/gradle/internal/logging/config/LoggingSourceSystem
instanceKlass org/gradle/internal/logging/text/StyledTextOutputFactory
instanceKlass org/gradle/internal/logging/services/LoggingServiceRegistry
instanceKlass org/gradle/process/internal/worker/messaging/WorkerConfig
instanceKlass java/util/Date
instanceKlass java/util/concurrent/ForkJoinPool$ManagedBlocker
instanceKlass java/util/concurrent/locks/AbstractQueuedSynchronizer$Node
instanceKlass java/io/ObjectStreamClass$ExceptionInfo
instanceKlass java/util/function/Predicate
instanceKlass java/util/concurrent/ArrayBlockingQueue$Itrs
instanceKlass java/io/SerialCallbackContext
instanceKlass jdk/internal/reflect/UnsafeFieldAccessorFactory
instanceKlass org/gradle/api/internal/tasks/testing/filter/TestFilterSpec
instanceKlass org/gradle/internal/actor/ActorFactory
instanceKlass org/gradle/internal/id/IdGenerator
instanceKlass org/gradle/api/internal/tasks/testing/junit/JUnitSpec
instanceKlass org/gradle/api/internal/tasks/testing/junit/JUnitTestClassProcessorFactory
instanceKlass java/io/ObjectInputStream$GetField
instanceKlass java/io/ObjectStreamClass$ClassDataSlot
instanceKlass java/lang/constant/DynamicConstantDesc
instanceKlass java/lang/constant/DirectMethodHandleDesc$1
instanceKlass java/lang/constant/DirectMethodHandleDescImpl$1
instanceKlass java/lang/constant/DirectMethodHandleDescImpl
instanceKlass java/lang/constant/DirectMethodHandleDesc
instanceKlass java/lang/constant/MethodHandleDesc$1
instanceKlass java/lang/constant/MethodHandleDesc
instanceKlass java/lang/constant/MethodTypeDescImpl
instanceKlass java/lang/constant/MethodTypeDesc
instanceKlass java/lang/constant/ReferenceClassDescImpl
instanceKlass java/lang/constant/ConstantUtils
instanceKlass java/lang/constant/ClassDesc
instanceKlass java/lang/constant/ConstantDescs
instanceKlass java/lang/invoke/VarHandle$2
instanceKlass java/lang/invoke/VarHandle$TypesAndInvokers
instanceKlass java/lang/invoke/VarHandle$AccessDescriptor
instanceKlass java/lang/invoke/VarHandleByteArrayBase
instanceKlass sun/security/provider/ByteArrayAccess$BE
instanceKlass sun/security/provider/ByteArrayAccess
instanceKlass sun/security/util/MessageDigestSpi2
instanceKlass sun/security/jca/GetInstance$Instance
instanceKlass sun/security/util/SecurityProviderConstants
instanceKlass java/security/Provider$UString
instanceKlass java/security/Provider$Service
instanceKlass sun/security/provider/NativePRNG$NonBlocking
instanceKlass sun/security/provider/NativePRNG$Blocking
instanceKlass sun/security/provider/NativePRNG
instanceKlass sun/security/provider/SunEntries$1
instanceKlass sun/security/provider/SunEntries
instanceKlass sun/security/util/SecurityConstants
instanceKlass sun/security/jca/ProviderList$2
instanceKlass jdk/internal/math/FloatingDecimal$ASCIIToBinaryBuffer
instanceKlass jdk/internal/math/FloatingDecimal$PreparedASCIIToBinaryBuffer
instanceKlass jdk/internal/math/FloatingDecimal$ASCIIToBinaryConverter
instanceKlass jdk/internal/math/FloatingDecimal$BinaryToASCIIBuffer
instanceKlass jdk/internal/math/FloatingDecimal$ExceptionalBinaryToASCIIBuffer
instanceKlass jdk/internal/math/FloatingDecimal$BinaryToASCIIConverter
instanceKlass jdk/internal/math/FloatingDecimal
instanceKlass javax/security/auth/login/Configuration$Parameters
instanceKlass java/security/Policy$Parameters
instanceKlass java/security/cert/CertStoreParameters
instanceKlass java/security/SecureRandomParameters
instanceKlass java/security/Provider$EngineDescription
instanceKlass java/security/Provider$ServiceKey
instanceKlass sun/security/jca/ProviderConfig
instanceKlass sun/security/jca/ProviderList
instanceKlass sun/security/jca/Providers
instanceKlass sun/security/jca/GetInstance
instanceKlass sun/security/util/CryptoAlgorithmConstraints$CryptoHolder
instanceKlass sun/security/util/AbstractAlgorithmConstraints
instanceKlass java/security/AlgorithmConstraints
instanceKlass java/security/MessageDigestSpi
instanceKlass java/io/ObjectStreamClass$5
instanceKlass java/io/ObjectStreamClass$4
instanceKlass java/util/TimSort
instanceKlass java/io/ObjectStreamClass$3
instanceKlass java/io/ObjectStreamClass$MemberSignature
instanceKlass java/io/ObjectStreamClass$1
instanceKlass java/lang/Long$LongCache
instanceKlass java/io/ObjectStreamClass$FieldReflector
instanceKlass java/io/ObjectStreamClass$FieldReflectorKey
instanceKlass java/util/stream/ReduceOps$AccumulatingSink
instanceKlass java/util/stream/TerminalSink
instanceKlass java/util/stream/ReduceOps$Box
instanceKlass java/util/stream/ReduceOps$ReduceOp
instanceKlass java/util/stream/TerminalOp
instanceKlass java/util/stream/ReduceOps
instanceKlass java/util/function/BiConsumer
instanceKlass java/util/stream/Collectors$CollectorImpl
instanceKlass java/util/stream/Collector
instanceKlass java/util/stream/Collectors
instanceKlass org/gradle/api/internal/tasks/testing/TestClassRunInfo
instanceKlass java/io/ObjectOutput
instanceKlass jdk/internal/reflect/ClassDefiner$1
instanceKlass jdk/internal/reflect/ClassDefiner
instanceKlass jdk/internal/reflect/MethodAccessorGenerator$1
instanceKlass jdk/internal/reflect/Label$PatchInfo
instanceKlass jdk/internal/reflect/Label
instanceKlass jdk/internal/reflect/UTF8
instanceKlass jdk/internal/reflect/ClassFileAssembler
instanceKlass jdk/internal/reflect/ByteVectorImpl
instanceKlass jdk/internal/reflect/ByteVector
instanceKlass jdk/internal/reflect/ByteVectorFactory
instanceKlass jdk/internal/reflect/AccessorGenerator
instanceKlass jdk/internal/reflect/ClassFileConstants
instanceKlass org/gradle/api/internal/tasks/testing/TestResultProcessor
instanceKlass org/gradle/api/internal/tasks/testing/TestClassProcessor
instanceKlass org/gradle/api/internal/tasks/testing/WorkerTestClassProcessorFactory
instanceKlass java/io/ObjectStreamClass$2
instanceKlass java/io/Externalizable
instanceKlass java/io/ClassCache
instanceKlass java/io/ObjectStreamClass$Caches
instanceKlass jdk/internal/event/Event
instanceKlass sun/reflect/misc/ReflectUtil
instanceKlass org/gradle/api/internal/tasks/testing/worker/TestWorker
instanceKlass org/gradle/internal/concurrent/Stoppable
instanceKlass org/gradle/api/internal/tasks/testing/worker/RemoteTestClassProcessor
instanceKlass java/io/ObjectStreamClass
instanceKlass java/io/Bits
instanceKlass sun/util/logging/PlatformLogger
instanceKlass sun/util/logging/PlatformLogger$ConfigurableBridge$LoggerConfiguration
instanceKlass jdk/internal/logger/BootstrapLogger$RedirectedLoggers
instanceKlass jdk/internal/access/JavaObjectInputFilterAccess
instanceKlass java/io/ObjectInputFilter$Config$BuiltinFilterFactory
instanceKlass java/util/function/BinaryOperator
instanceKlass java/io/ObjectInputFilter
instanceKlass jdk/internal/logger/LazyLoggers$LazyLoggerAccessor
instanceKlass jdk/internal/logger/LazyLoggers$LoggerAccessor
instanceKlass jdk/internal/logger/AbstractLoggerWrapper
instanceKlass java/util/ServiceLoader$ProviderImpl
instanceKlass java/util/ServiceLoader$Provider
instanceKlass java/util/ServiceLoader$1
instanceKlass sun/util/logging/internal/LoggingProviderImpl$LogManagerAccess
instanceKlass java/util/concurrent/CopyOnWriteArrayList$COWIterator
instanceKlass java/util/TreeMap$PrivateEntryIterator
instanceKlass java/util/TreeMap$Entry
instanceKlass java/nio/charset/CoderResult
instanceKlass java/lang/Readable
instanceKlass java/util/ServiceLoader$3
instanceKlass java/util/ServiceLoader$2
instanceKlass java/util/ServiceLoader$LazyClassPathLookupIterator
instanceKlass java/util/Spliterators$1Adapter
instanceKlass java/util/ServiceLoader$ModuleServicesLookupIterator
instanceKlass java/util/ServiceLoader
instanceKlass jdk/internal/logger/BootstrapLogger$DetectBackend$1
instanceKlass jdk/internal/logger/BootstrapLogger$DetectBackend
instanceKlass jdk/internal/logger/BootstrapLogger
instanceKlass sun/util/logging/PlatformLogger$ConfigurableBridge
instanceKlass sun/util/logging/PlatformLogger$Bridge
instanceKlass java/lang/System$Logger
instanceKlass jdk/internal/logger/DefaultLoggerFinder$1
instanceKlass java/lang/System$LoggerFinder
instanceKlass jdk/internal/logger/LazyLoggers$LazyLoggerFactories
instanceKlass jdk/internal/logger/LazyLoggers$1
instanceKlass jdk/internal/logger/LazyLoggers
instanceKlass java/util/concurrent/atomic/AtomicBoolean
instanceKlass java/io/ObjectInputFilter$Config
instanceKlass java/io/ObjectInputStream$ValidationList
instanceKlass java/io/ObjectInputStream$HandleTable$HandleList
instanceKlass java/io/ObjectInputStream$HandleTable
instanceKlass jdk/internal/access/JavaObjectInputStreamReadString
instanceKlass jdk/internal/access/JavaObjectInputStreamAccess
instanceKlass org/gradle/internal/remote/internal/inet/MultiChoiceAddress
instanceKlass org/gradle/internal/remote/internal/inet/InetEndpoint
instanceKlass java/net/InetAddress$PlatformNameService
instanceKlass java/net/InetAddress$NameService
instanceKlass java/net/Inet6AddressImpl
instanceKlass java/net/InetAddressImpl
instanceKlass java/net/InetAddressImplFactory
instanceKlass java/util/concurrent/ConcurrentSkipListMap$Node
instanceKlass java/util/concurrent/ConcurrentSkipListMap$Index
instanceKlass java/util/concurrent/ConcurrentNavigableMap
instanceKlass java/util/NavigableMap
instanceKlass java/util/SortedMap
instanceKlass java/util/NavigableSet
instanceKlass java/util/SortedSet
instanceKlass java/net/InetAddress$InetAddressHolder
instanceKlass java/net/InetAddress$1
instanceKlass jdk/internal/access/JavaNetInetAddressAccess
instanceKlass java/net/InetAddress
instanceKlass java/util/UUID
instanceKlass org/gradle/internal/remote/internal/inet/MultiChoiceAddressSerializer
instanceKlass org/gradle/internal/serialize/AbstractDecoder
instanceKlass org/gradle/internal/logging/events/operations/LogEventBuildOperationProgressDetails
instanceKlass org/gradle/internal/operations/logging/LogEventBuildOperationProgressDetails
instanceKlass org/gradle/internal/logging/slf4j/BuildOperationAwareLogger
instanceKlass org/gradle/internal/logging/sink/OutputEventRenderer$2
instanceKlass org/gradle/internal/dispatch/ReflectionDispatch
instanceKlass org/gradle/internal/logging/sink/OutputEventRenderer$1
instanceKlass org/gradle/internal/logging/sink/OutputEventRenderer$LazyListener
instanceKlass org/gradle/internal/logging/events/OutputEventListener$1
instanceKlass java/lang/reflect/Proxy$ProxyBuilder$1
instanceKlass jdk/internal/org/objectweb/asm/Edge
instanceKlass java/lang/reflect/ProxyGenerator$PrimitiveTypeInfo
instanceKlass java/util/StringJoiner
instanceKlass java/lang/reflect/ProxyGenerator$ProxyMethod
instanceKlass jdk/internal/module/Checks
instanceKlass java/lang/module/ModuleDescriptor$Builder
instanceKlass java/util/LinkedHashMap$LinkedHashIterator
instanceKlass java/lang/PublicMethods
instanceKlass java/util/Collections$1
instanceKlass java/lang/reflect/Proxy$ProxyBuilder
instanceKlass java/lang/ClassValue$Version
instanceKlass java/lang/ClassValue$Identity
instanceKlass java/lang/ClassValue
instanceKlass java/lang/reflect/Proxy
instanceKlass org/gradle/internal/dispatch/ProxyDispatchAdapter$DispatchingInvocationHandler
instanceKlass java/lang/reflect/InvocationHandler
instanceKlass org/gradle/internal/dispatch/ProxyDispatchAdapter
instanceKlass org/gradle/internal/logging/events/operations/ProgressStartBuildOperationProgressDetails
instanceKlass org/gradle/internal/operations/logging/ProgressStartBuildOperationProgressDetails
instanceKlass org/gradle/internal/logging/sink/OutputEventTransformer
instanceKlass org/gradle/internal/exceptions/NonGradleCauseExceptionsHolder
instanceKlass org/gradle/internal/exceptions/MultiCauseException
instanceKlass org/gradle/internal/exceptions/ResolutionProvider
instanceKlass org/gradle/internal/event/AbstractBroadcastDispatch
instanceKlass org/gradle/internal/event/ListenerBroadcast
instanceKlass org/gradle/internal/dispatch/Dispatch
instanceKlass org/gradle/internal/logging/console/ColorMap
instanceKlass org/gradle/internal/Factory
instanceKlass org/gradle/internal/logging/text/StyledTextOutput
instanceKlass org/gradle/api/logging/StandardOutputListener
instanceKlass org/gradle/internal/logging/format/LogHeaderFormatter
instanceKlass org/gradle/internal/nativeintegration/console/ConsoleMetaData
instanceKlass org/gradle/internal/logging/config/LoggingSystem$Snapshot
instanceKlass org/gradle/internal/logging/events/InteractiveEvent
instanceKlass org/gradle/internal/logging/events/OutputEvent
instanceKlass org/gradle/internal/logging/sink/OutputEventRenderer
instanceKlass org/gradle/internal/logging/config/LoggingRouter
instanceKlass org/gradle/internal/logging/LoggingOutputInternal
instanceKlass org/gradle/api/logging/LoggingOutput
instanceKlass org/gradle/internal/logging/config/LoggingSystem
instanceKlass org/gradle/internal/logging/console/UserInputReceiver$Normalizer
instanceKlass org/gradle/internal/logging/console/DefaultUserInputReceiver
instanceKlass org/gradle/internal/logging/slf4j/OutputEventListenerBackedLoggerContext$NoOpLogger
instanceKlass org/gradle/api/logging/Logger
instanceKlass java/lang/invoke/VarForm
instanceKlass java/lang/invoke/VarHandleGuards
instanceKlass jdk/internal/util/Preconditions$1
instanceKlass java/lang/invoke/VarHandle$1
instanceKlass java/lang/invoke/VarHandles
instanceKlass java/util/concurrent/atomic/AtomicReference
instanceKlass org/gradle/internal/time/TimeSource$1
instanceKlass org/gradle/internal/time/TimeSource
instanceKlass org/gradle/internal/time/MonotonicClock
instanceKlass org/gradle/internal/time/CountdownTimer
instanceKlass org/gradle/internal/time/Timer
instanceKlass org/gradle/internal/time/Clock
instanceKlass org/gradle/internal/time/Time
instanceKlass org/gradle/internal/logging/console/GlobalUserInputReceiver
instanceKlass org/gradle/internal/logging/slf4j/OutputEventListenerBackedLoggerContext
instanceKlass org/slf4j/impl/StaticLoggerBinder
instanceKlass org/slf4j/spi/LoggerFactoryBinder
instanceKlass java/net/URLClassLoader$3$1
instanceKlass java/net/URLClassLoader$3
instanceKlass jdk/internal/loader/URLClassPath$1
instanceKlass java/lang/CompoundEnumeration
instanceKlass jdk/internal/loader/BuiltinClassLoader$1
instanceKlass java/util/Collections$EmptyEnumeration
instanceKlass java/util/Collections$EmptyIterator
instanceKlass jdk/internal/jimage/ImageLocation
instanceKlass jdk/internal/jimage/decompressor/Decompressor
instanceKlass jdk/internal/jimage/ImageStringsReader
instanceKlass jdk/internal/jimage/ImageStrings
instanceKlass jdk/internal/jimage/ImageHeader
instanceKlass jdk/internal/jimage/NativeImageBuffer$1
instanceKlass jdk/internal/jimage/NativeImageBuffer
instanceKlass jdk/internal/jimage/BasicImageReader$1
instanceKlass jdk/internal/jimage/BasicImageReader
instanceKlass jdk/internal/jimage/ImageReader
instanceKlass jdk/internal/jimage/ImageReaderFactory$1
instanceKlass java/net/URI$Parser
instanceKlass java/nio/file/FileSystems$DefaultFileSystemHolder$1
instanceKlass java/nio/file/FileSystems$DefaultFileSystemHolder
instanceKlass java/nio/file/FileSystems
instanceKlass java/nio/file/Paths
instanceKlass jdk/internal/jimage/ImageReaderFactory
instanceKlass jdk/internal/module/SystemModuleFinders$SystemImage
instanceKlass jdk/internal/module/SystemModuleFinders$SystemModuleReader
instanceKlass java/lang/module/ModuleReader
instanceKlass jdk/internal/loader/BuiltinClassLoader$5
instanceKlass jdk/internal/loader/BuiltinClassLoader$2
instanceKlass jdk/internal/module/Resources
instanceKlass org/slf4j/helpers/Util
instanceKlass org/slf4j/helpers/NOPLoggerFactory
instanceKlass java/util/concurrent/LinkedBlockingQueue$Node
instanceKlass java/util/concurrent/locks/AbstractQueuedSynchronizer$ConditionObject
instanceKlass java/util/concurrent/locks/Condition
instanceKlass java/util/concurrent/BlockingQueue
instanceKlass org/slf4j/Logger
instanceKlass org/slf4j/helpers/SubstituteLoggerFactory
instanceKlass org/slf4j/event/LoggingEvent
instanceKlass org/slf4j/ILoggerFactory
instanceKlass org/slf4j/LoggerFactory
instanceKlass java/io/ObjectStreamConstants
instanceKlass java/io/ObjectInput
instanceKlass org/gradle/process/internal/worker/messaging/WorkerConfigSerializer
instanceKlass org/gradle/internal/serialize/Serializer
instanceKlass org/gradle/internal/service/ServiceRegistrationProvider
instanceKlass org/gradle/process/internal/health/memory/JvmMemoryStatusListener
instanceKlass org/gradle/internal/logging/events/OutputEventListener
instanceKlass org/gradle/process/internal/worker/WorkerProcessContext
instanceKlass org/gradle/api/Action
instanceKlass org/gradle/internal/remote/Address
instanceKlass org/gradle/internal/service/ServiceRegistry
instanceKlass org/gradle/internal/service/ServiceLookup
instanceKlass org/gradle/internal/serialize/Decoder
instanceKlass org/gradle/process/internal/worker/child/SystemApplicationClassLoaderWorker
instanceKlass java/util/concurrent/Callable
instanceKlass java/io/FilePermissionCollection$1
instanceKlass java/security/Security$2
instanceKlass jdk/internal/access/JavaSecurityPropertiesAccess
instanceKlass java/util/concurrent/ConcurrentHashMap$MapEntry
instanceKlass java/io/FileInputStream$1
instanceKlass java/util/Properties$LineReader
instanceKlass java/security/Security$1
instanceKlass java/security/Security
instanceKlass sun/security/util/SecurityProperties
instanceKlass sun/security/util/FilePermCompat
instanceKlass java/io/FilePermission$1
instanceKlass jdk/internal/access/JavaIOFilePermissionAccess
instanceKlass sun/net/www/MessageHeader
instanceKlass java/net/URLConnection
instanceKlass java/util/jar/Attributes$Name
instanceKlass java/util/jar/Attributes
instanceKlass sun/security/action/GetIntegerAction
instanceKlass sun/security/util/SignatureFileVerifier
instanceKlass java/net/URLClassLoader$1
instanceKlass java/util/ComparableTimSort
instanceKlass java/util/Arrays$LegacyMergeSort
instanceKlass worker/org/gradle/internal/util/Trie$Builder
instanceKlass worker/org/gradle/internal/util/Trie
instanceKlass worker/org/gradle/internal/classloader/FilteringClassLoader$TrieSet
instanceKlass jdk/internal/loader/BootLoader$PackageHelper
instanceKlass java/util/stream/Sink$ChainedReference
instanceKlass java/util/stream/StreamSpliterators
instanceKlass java/util/stream/AbstractSpinedBuffer
instanceKlass java/util/stream/Node$Builder
instanceKlass java/util/stream/Sink
instanceKlass java/util/function/Consumer
instanceKlass java/util/stream/Node$OfDouble
instanceKlass java/util/stream/Node$OfLong
instanceKlass java/util/stream/Node$OfInt
instanceKlass java/util/stream/Node$OfPrimitive
instanceKlass java/util/stream/Nodes$EmptyNode
instanceKlass java/util/stream/Node
instanceKlass java/util/stream/Nodes
instanceKlass java/util/function/IntFunction
instanceKlass java/util/Spliterators$ArraySpliterator
instanceKlass java/util/Spliterator$OfDouble
instanceKlass java/util/Spliterator$OfLong
instanceKlass java/util/Spliterator$OfInt
instanceKlass java/util/Spliterator$OfPrimitive
instanceKlass java/util/Spliterators$EmptySpliterator
instanceKlass java/util/Spliterators
instanceKlass java/util/stream/Streams$2
instanceKlass java/util/stream/Streams
instanceKlass java/util/stream/StreamSpliterators$AbstractWrappingSpliterator
instanceKlass java/util/stream/Streams$ConcatSpliterator
instanceKlass sun/reflect/annotation/AnnotationParser
instanceKlass java/lang/Class$3
instanceKlass java/util/EnumMap$1
instanceKlass java/util/stream/StreamOpFlag$MaskBuilder
instanceKlass java/util/stream/Stream
instanceKlass java/util/stream/BaseStream
instanceKlass java/util/stream/PipelineHelper
instanceKlass java/util/stream/StreamSupport
instanceKlass java/util/Spliterator
instanceKlass worker/org/gradle/internal/classloader/ClassLoaderUtils$Java9PackagesFetcher
instanceKlass worker/org/gradle/internal/classloader/ClassLoaderUtils$AbstractClassLoaderLookuper
instanceKlass worker/org/gradle/api/internal/jvm/JavaVersionParser
instanceKlass worker/org/gradle/internal/classloader/ClassLoaderUtils$ClassLoaderPackagesFetcher
instanceKlass worker/org/gradle/internal/classloader/ClassLoaderUtils$ClassDefiner
instanceKlass worker/org/gradle/internal/classloader/ClassLoaderUtils
instanceKlass worker/org/gradle/internal/classloader/ClassLoaderSpec
instanceKlass java/lang/PublicMethods$Key
instanceKlass java/lang/PublicMethods$MethodList
instanceKlass worker/org/gradle/internal/classloader/ClassLoaderHierarchy
instanceKlass worker/org/gradle/process/internal/worker/GradleWorkerMain
instanceKlass sun/security/util/Debug
instanceKlass java/security/SecureClassLoader$DebugHolder
instanceKlass java/security/PermissionCollection
instanceKlass java/security/SecureClassLoader$1
instanceKlass java/security/SecureClassLoader$CodeSourceKey
instanceKlass java/util/zip/Checksum$1
instanceKlass java/util/zip/CRC32
instanceKlass java/util/zip/Checksum
instanceKlass sun/nio/ByteBuffered
instanceKlass java/util/zip/ZipFile$InflaterCleanupAction
instanceKlass java/util/zip/Inflater$InflaterZStreamRef
instanceKlass java/util/zip/Inflater
instanceKlass java/lang/Package$VersionInfo
instanceKlass java/lang/NamedPackage
instanceKlass jdk/internal/loader/Resource
instanceKlass java/util/zip/ZipEntry
instanceKlass jdk/internal/util/jar/JarIndex
instanceKlass java/nio/Bits$1
instanceKlass jdk/internal/misc/VM$BufferPool
instanceKlass java/nio/Bits
instanceKlass sun/nio/ch/DirectBuffer
instanceKlass jdk/internal/perf/PerfCounter$CoreCounters
instanceKlass jdk/internal/perf/Perf
instanceKlass jdk/internal/perf/Perf$GetPerfAction
instanceKlass jdk/internal/perf/PerfCounter
instanceKlass java/nio/file/attribute/FileTime
instanceKlass java/util/zip/ZipUtils
instanceKlass java/util/zip/ZipFile$Source$End
instanceKlass java/io/RandomAccessFile$2
instanceKlass jdk/internal/access/JavaIORandomAccessFileAccess
instanceKlass java/io/RandomAccessFile
instanceKlass java/io/DataInput
instanceKlass java/io/DataOutput
instanceKlass sun/nio/fs/WindowsNativeDispatcher$CompletionStatus
instanceKlass sun/nio/fs/WindowsNativeDispatcher$AclInformation
instanceKlass sun/nio/fs/WindowsNativeDispatcher$Account
instanceKlass sun/nio/fs/WindowsNativeDispatcher$DiskFreeSpace
instanceKlass sun/nio/fs/WindowsNativeDispatcher$VolumeInformation
instanceKlass sun/nio/fs/WindowsNativeDispatcher$FirstStream
instanceKlass sun/nio/fs/WindowsNativeDispatcher$FirstFile
instanceKlass java/util/Enumeration
instanceKlass java/util/concurrent/ConcurrentHashMap$Traverser
instanceKlass java/util/concurrent/ConcurrentHashMap$CollectionView
instanceKlass jdk/internal/loader/NativeLibraries$NativeLibraryImpl
instanceKlass jdk/internal/loader/NativeLibrary
instanceKlass java/util/ArrayDeque$DeqIterator
instanceKlass jdk/internal/loader/NativeLibraries$1
instanceKlass jdk/internal/loader/NativeLibraries$LibraryPaths
instanceKlass sun/nio/fs/WindowsNativeDispatcher
instanceKlass sun/nio/fs/NativeBuffer$Deallocator
instanceKlass sun/nio/fs/NativeBuffer
instanceKlass java/lang/ThreadLocal$ThreadLocalMap
instanceKlass sun/nio/fs/NativeBuffers
instanceKlass sun/nio/fs/WindowsFileAttributes
instanceKlass java/nio/file/attribute/DosFileAttributes
instanceKlass sun/nio/fs/AbstractBasicFileAttributeView
instanceKlass sun/nio/fs/DynamicFileAttributeView
instanceKlass sun/nio/fs/WindowsFileAttributeViews
instanceKlass sun/nio/fs/Util
instanceKlass java/nio/file/attribute/BasicFileAttributeView
instanceKlass java/nio/file/attribute/FileAttributeView
instanceKlass java/nio/file/attribute/AttributeView
instanceKlass java/nio/file/Files
instanceKlass java/nio/file/CopyOption
instanceKlass java/nio/file/attribute/BasicFileAttributes
instanceKlass sun/nio/fs/WindowsPath
instanceKlass java/nio/file/Path
instanceKlass java/nio/file/Watchable
instanceKlass java/util/zip/ZipFile$Source$Key
instanceKlass sun/nio/fs/WindowsPathParser$Result
instanceKlass sun/nio/fs/WindowsPathParser
instanceKlass java/util/Collections$UnmodifiableCollection
instanceKlass java/util/Arrays$ArrayItr
instanceKlass java/nio/file/FileSystem
instanceKlass java/nio/file/OpenOption
instanceKlass java/nio/file/spi/FileSystemProvider
instanceKlass sun/nio/fs/DefaultFileSystemProvider
instanceKlass java/util/zip/ZipFile$Source
instanceKlass java/util/zip/ZipCoder
instanceKlass java/util/zip/ZipFile$CleanableResource
instanceKlass java/lang/Runtime$Version
instanceKlass java/util/jar/JavaUtilJarAccessImpl
instanceKlass jdk/internal/access/JavaUtilJarAccess
instanceKlass jdk/internal/loader/FileURLMapper
instanceKlass jdk/internal/loader/URLClassPath$JarLoader$1
instanceKlass java/util/zip/ZipFile$1
instanceKlass jdk/internal/access/JavaUtilZipFileAccess
instanceKlass java/util/zip/ZipFile
instanceKlass java/util/zip/ZipConstants
instanceKlass jdk/internal/loader/URLClassPath$Loader
instanceKlass jdk/internal/loader/URLClassPath$3
instanceKlass java/security/PrivilegedExceptionAction
instanceKlass sun/util/locale/LocaleUtils
instanceKlass sun/util/locale/BaseLocale
instanceKlass java/util/Locale
instanceKlass sun/net/util/URLUtil
instanceKlass java/lang/StringCoding
instanceKlass sun/nio/cs/SingleByte
instanceKlass sun/nio/cs/MS1252$Holder
instanceKlass sun/nio/cs/ArrayDecoder
instanceKlass java/nio/charset/CharsetDecoder
instanceKlass java/lang/Class$1
instanceKlass java/nio/charset/StandardCharsets
instanceKlass sun/launcher/LauncherHelper
instanceKlass java/lang/invoke/StringConcatFactory$3
instanceKlass java/lang/invoke/StringConcatFactory$2
instanceKlass java/lang/invoke/StringConcatFactory$1
instanceKlass java/lang/invoke/StringConcatFactory
instanceKlass java/util/function/BiFunction
instanceKlass java/lang/WeakPairMap$Pair$Lookup
instanceKlass java/lang/WeakPairMap$Pair
instanceKlass java/lang/WeakPairMap
instanceKlass java/lang/Module$ReflectionData
instanceKlass java/lang/ref/Cleaner$Cleanable
instanceKlass jdk/internal/ref/CleanerImpl
instanceKlass java/lang/ref/Cleaner$1
instanceKlass java/lang/ref/Cleaner
instanceKlass jdk/internal/ref/CleanerFactory$1
instanceKlass java/util/concurrent/ThreadFactory
instanceKlass jdk/internal/ref/CleanerFactory
instanceKlass jdk/internal/org/objectweb/asm/FieldVisitor
instanceKlass java/util/ArrayList$Itr
instanceKlass java/lang/invoke/InvokerBytecodeGenerator$ClassData
instanceKlass jdk/internal/org/objectweb/asm/Frame
instanceKlass java/lang/invoke/LambdaFormBuffer
instanceKlass java/lang/invoke/LambdaFormEditor$TransformKey
instanceKlass java/lang/invoke/LambdaFormEditor
instanceKlass sun/invoke/util/Wrapper$1
instanceKlass java/lang/invoke/DelegatingMethodHandle$Holder
instanceKlass java/lang/invoke/DirectMethodHandle$2
instanceKlass sun/invoke/empty/Empty
instanceKlass sun/invoke/util/VerifyType
instanceKlass java/lang/invoke/ClassSpecializer$Factory
instanceKlass java/lang/invoke/ClassSpecializer$SpeciesData
instanceKlass java/lang/invoke/ClassSpecializer$1
instanceKlass java/lang/invoke/ClassSpecializer
instanceKlass java/lang/Class$Atomic
instanceKlass java/lang/Class$ReflectionData
instanceKlass java/lang/invoke/InnerClassLambdaMetafactory$1
instanceKlass java/lang/invoke/MethodHandles$Lookup$ClassDefiner
instanceKlass jdk/internal/org/objectweb/asm/ClassReader
instanceKlass java/lang/invoke/MethodHandles$Lookup$ClassFile
instanceKlass jdk/internal/org/objectweb/asm/AnnotationVisitor
instanceKlass jdk/internal/org/objectweb/asm/Attribute
instanceKlass jdk/internal/org/objectweb/asm/Handler
instanceKlass jdk/internal/org/objectweb/asm/Label
instanceKlass jdk/internal/org/objectweb/asm/MethodVisitor
instanceKlass java/lang/invoke/LambdaProxyClassArchive
instanceKlass jdk/internal/org/objectweb/asm/ByteVector
instanceKlass jdk/internal/org/objectweb/asm/Symbol
instanceKlass jdk/internal/org/objectweb/asm/SymbolTable
instanceKlass jdk/internal/org/objectweb/asm/ClassVisitor
instanceKlass java/lang/invoke/InfoFromMemberName
instanceKlass java/lang/invoke/MethodHandleInfo
instanceKlass jdk/internal/org/objectweb/asm/ConstantDynamic
instanceKlass sun/invoke/util/BytecodeDescriptor
instanceKlass jdk/internal/org/objectweb/asm/Handle
instanceKlass sun/security/action/GetBooleanAction
instanceKlass jdk/internal/org/objectweb/asm/Type
instanceKlass java/lang/invoke/AbstractValidatingLambdaMetafactory
instanceKlass java/lang/invoke/MethodHandleImpl$1
instanceKlass jdk/internal/access/JavaLangInvokeAccess
instanceKlass java/lang/invoke/Invokers$Holder
instanceKlass java/lang/invoke/BootstrapMethodInvoker
instanceKlass java/lang/invoke/InvokerBytecodeGenerator$2
instanceKlass java/lang/invoke/InvokerBytecodeGenerator
instanceKlass java/lang/invoke/LambdaForm$Holder
instanceKlass java/lang/invoke/LambdaForm$Name
instanceKlass java/lang/reflect/Array
instanceKlass java/lang/invoke/Invokers
instanceKlass java/lang/invoke/MethodHandleImpl
instanceKlass sun/invoke/util/ValueConversions
instanceKlass java/lang/invoke/DirectMethodHandle$Holder
instanceKlass java/lang/invoke/LambdaForm$NamedFunction
instanceKlass sun/invoke/util/Wrapper$Format
instanceKlass java/lang/invoke/MethodTypeForm
instanceKlass java/lang/Void
instanceKlass java/lang/invoke/MethodType$ConcurrentWeakInternSet
instanceKlass java/lang/invoke/LambdaMetafactory
instanceKlass java/lang/ModuleLayer$Controller
instanceKlass java/util/concurrent/CopyOnWriteArrayList
instanceKlass jdk/internal/module/ServicesCatalog$ServiceProvider
instanceKlass jdk/internal/loader/AbstractClassLoaderValue$Memoizer
instanceKlass java/util/ImmutableCollections$ListItr
instanceKlass java/util/ListIterator
instanceKlass java/lang/ModuleLayer
instanceKlass jdk/internal/module/ModuleLoaderMap$Modules
instanceKlass jdk/internal/module/ModuleLoaderMap$Mapper
instanceKlass java/util/function/Function
instanceKlass jdk/internal/module/ModuleLoaderMap
instanceKlass java/util/AbstractMap$1$1
instanceKlass java/lang/module/ResolvedModule
instanceKlass java/lang/module/Configuration
instanceKlass jdk/internal/loader/BuiltinClassLoader$LoadedModule
instanceKlass jdk/internal/loader/AbstractClassLoaderValue
instanceKlass jdk/internal/module/ServicesCatalog
instanceKlass jdk/internal/util/Preconditions
instanceKlass sun/net/util/IPAddressUtil
instanceKlass java/net/URLStreamHandler
instanceKlass java/lang/StringUTF16
instanceKlass java/util/HexFormat
instanceKlass sun/net/www/ParseUtil
instanceKlass java/net/URL$3
instanceKlass jdk/internal/access/JavaNetURLAccess
instanceKlass java/net/URL$DefaultFactory
instanceKlass java/net/URLStreamHandlerFactory
instanceKlass jdk/internal/loader/URLClassPath
instanceKlass java/security/Principal
instanceKlass java/security/ProtectionDomain$Key
instanceKlass java/security/ProtectionDomain$JavaSecurityAccessImpl
instanceKlass jdk/internal/access/JavaSecurityAccess
instanceKlass java/lang/ClassLoader$ParallelLoaders
instanceKlass java/security/cert/Certificate
instanceKlass jdk/internal/loader/ArchivedClassLoaders
instanceKlass java/util/Deque
instanceKlass java/util/Queue
instanceKlass jdk/internal/loader/ClassLoaderHelper
instanceKlass jdk/internal/loader/NativeLibraries
instanceKlass jdk/internal/loader/BootLoader
instanceKlass java/util/Optional
instanceKlass jdk/internal/module/SystemModuleFinders$SystemModuleFinder
instanceKlass java/lang/module/ModuleFinder
instanceKlass jdk/internal/module/SystemModuleFinders$3
instanceKlass jdk/internal/module/ModuleHashes$HashSupplier
instanceKlass jdk/internal/module/SystemModuleFinders$2
instanceKlass java/util/function/Supplier
instanceKlass java/lang/module/ModuleReference
instanceKlass jdk/internal/module/ModuleResolution
instanceKlass java/util/Collections$UnmodifiableMap
instanceKlass jdk/internal/module/ModuleHashes$Builder
instanceKlass jdk/internal/module/ModuleHashes
instanceKlass jdk/internal/module/ModuleTarget
instanceKlass java/util/ImmutableCollections$Set12$1
instanceKlass java/lang/Enum
instanceKlass java/lang/module/ModuleDescriptor$Version
instanceKlass java/lang/module/ModuleDescriptor$Provides
instanceKlass java/lang/module/ModuleDescriptor$Opens
instanceKlass java/util/ImmutableCollections$SetN$SetNIterator
instanceKlass java/lang/module/ModuleDescriptor$Exports
instanceKlass java/lang/module/ModuleDescriptor$Requires
instanceKlass jdk/internal/module/Builder
instanceKlass jdk/internal/module/SystemModules$default
instanceKlass jdk/internal/module/SystemModules
instanceKlass jdk/internal/module/SystemModulesMap
instanceKlass java/net/URI$1
instanceKlass jdk/internal/access/JavaNetUriAccess
instanceKlass java/net/URI
instanceKlass jdk/internal/module/SystemModuleFinders
instanceKlass jdk/internal/module/ArchivedModuleGraph
instanceKlass jdk/internal/module/ArchivedBootLayer
instanceKlass jdk/internal/module/ModuleBootstrap$Counters
instanceKlass jdk/internal/module/ModulePatcher
instanceKlass jdk/internal/util/ArraysSupport
instanceKlass java/io/FileSystem
instanceKlass java/io/DefaultFileSystem
instanceKlass java/io/File
instanceKlass java/lang/module/ModuleDescriptor$1
instanceKlass jdk/internal/access/JavaLangModuleAccess
instanceKlass java/lang/reflect/Modifier
instanceKlass sun/invoke/util/VerifyAccess
instanceKlass java/lang/module/ModuleDescriptor
instanceKlass jdk/internal/module/ModuleBootstrap
instanceKlass java/lang/invoke/MethodHandleStatics
instanceKlass java/util/Collections
instanceKlass sun/io/Win32ErrorMode
instanceKlass jdk/internal/misc/OSEnvironment
instanceKlass jdk/internal/misc/Signal$NativeHandler
instanceKlass java/util/Hashtable$Entry
instanceKlass jdk/internal/misc/Signal
instanceKlass java/lang/Terminator$1
instanceKlass jdk/internal/misc/Signal$Handler
instanceKlass java/lang/Terminator
instanceKlass java/nio/ByteOrder
instanceKlass java/nio/Buffer$1
instanceKlass jdk/internal/access/JavaNioAccess
instanceKlass jdk/internal/misc/ScopedMemoryAccess
instanceKlass java/nio/charset/CodingErrorAction
instanceKlass java/nio/charset/CharsetEncoder
instanceKlass sun/nio/cs/HistoricallyNamedCharset
instanceKlass sun/security/action/GetPropertyAction
instanceKlass java/lang/ThreadLocal
instanceKlass java/nio/charset/spi/CharsetProvider
instanceKlass java/nio/charset/Charset
instanceKlass java/io/Writer
instanceKlass java/io/OutputStream
instanceKlass java/io/Flushable
instanceKlass java/io/FileDescriptor$1
instanceKlass jdk/internal/access/JavaIOFileDescriptorAccess
instanceKlass java/io/FileDescriptor
instanceKlass jdk/internal/util/StaticProperty
instanceKlass java/util/HashMap$HashIterator
instanceKlass java/lang/Integer$IntegerCache
instanceKlass java/lang/CharacterData
instanceKlass java/util/Arrays
instanceKlass java/lang/VersionProps
instanceKlass java/lang/StringConcatHelper
instanceKlass jdk/internal/misc/VM
instanceKlass jdk/internal/util/SystemProps$Raw
instanceKlass jdk/internal/util/SystemProps
instanceKlass java/lang/System$2
instanceKlass jdk/internal/access/JavaLangAccess
instanceKlass java/lang/ref/Reference$1
instanceKlass jdk/internal/access/JavaLangRefAccess
instanceKlass java/lang/ref/ReferenceQueue$Lock
instanceKlass java/lang/ref/ReferenceQueue
instanceKlass jdk/internal/reflect/ReflectionFactory
instanceKlass jdk/internal/reflect/ReflectionFactory$GetReflectionFactoryAction
instanceKlass java/security/PrivilegedAction
instanceKlass java/util/concurrent/locks/LockSupport
instanceKlass java/util/concurrent/ConcurrentHashMap$Node
instanceKlass java/util/concurrent/ConcurrentHashMap$CounterCell
instanceKlass java/util/concurrent/locks/ReentrantLock
instanceKlass java/util/concurrent/locks/Lock
instanceKlass java/lang/Runtime
instanceKlass java/util/HashMap$Node
instanceKlass java/util/KeyValueHolder
instanceKlass java/util/Map$Entry
instanceKlass java/util/ImmutableCollections$MapN$MapNIterator
instanceKlass java/lang/Math
instanceKlass jdk/internal/reflect/Reflection
instanceKlass java/lang/invoke/MethodHandles$Lookup
instanceKlass java/lang/StringLatin1
instanceKlass java/security/Permission
instanceKlass java/security/Guard
instanceKlass java/lang/invoke/MemberName$Factory
instanceKlass java/lang/invoke/MethodHandles
instanceKlass jdk/internal/access/SharedSecrets
instanceKlass java/lang/reflect/ReflectAccess
instanceKlass jdk/internal/access/JavaLangReflectAccess
instanceKlass java/util/ImmutableCollections
instanceKlass java/util/Objects
instanceKlass java/util/Set
instanceKlass jdk/internal/misc/CDS
instanceKlass java/lang/Module$ArchivedData
instanceKlass java/lang/String$CaseInsensitiveComparator
instanceKlass java/util/Comparator
instanceKlass java/io/ObjectStreamField
instanceKlass jdk/internal/vm/vector/VectorSupport$VectorPayload
instanceKlass jdk/internal/vm/vector/VectorSupport
instanceKlass java/lang/reflect/RecordComponent
instanceKlass java/util/Iterator
instanceKlass java/lang/Number
instanceKlass java/lang/Character
instanceKlass java/lang/Boolean
instanceKlass java/util/concurrent/locks/AbstractOwnableSynchronizer
instanceKlass java/lang/LiveStackFrame
instanceKlass java/lang/StackFrameInfo
instanceKlass java/lang/StackWalker$StackFrame
instanceKlass java/lang/StackStreamFactory$AbstractStackWalker
instanceKlass java/lang/StackWalker
instanceKlass java/nio/Buffer
instanceKlass java/lang/StackTraceElement
instanceKlass java/util/RandomAccess
instanceKlass java/util/List
instanceKlass java/util/AbstractCollection
instanceKlass java/util/Collection
instanceKlass java/lang/Iterable
instanceKlass java/util/concurrent/ConcurrentMap
instanceKlass java/util/AbstractMap
instanceKlass java/security/CodeSource
instanceKlass jdk/internal/loader/ClassLoaders
instanceKlass java/util/jar/Manifest
instanceKlass java/net/URL
instanceKlass java/io/InputStream
instanceKlass java/io/Closeable
instanceKlass java/lang/AutoCloseable
instanceKlass jdk/internal/module/Modules
instanceKlass jdk/internal/misc/Unsafe
instanceKlass jdk/internal/misc/UnsafeConstants
instanceKlass java/lang/AbstractStringBuilder
instanceKlass java/lang/Appendable
instanceKlass java/lang/AssertionStatusDirectives
instanceKlass java/lang/invoke/MethodHandleNatives$CallSiteContext
instanceKlass jdk/internal/invoke/NativeEntryPoint
instanceKlass java/lang/invoke/CallSite
instanceKlass java/lang/invoke/MethodType
instanceKlass java/lang/invoke/TypeDescriptor$OfMethod
instanceKlass java/lang/invoke/LambdaForm
instanceKlass java/lang/invoke/MethodHandleNatives
instanceKlass java/lang/invoke/ResolvedMethodName
instanceKlass java/lang/invoke/MemberName
instanceKlass java/lang/invoke/VarHandle
instanceKlass java/lang/invoke/MethodHandle
instanceKlass jdk/internal/reflect/CallerSensitive
instanceKlass java/lang/annotation/Annotation
instanceKlass jdk/internal/reflect/FieldAccessor
instanceKlass jdk/internal/reflect/ConstantPool
instanceKlass jdk/internal/reflect/ConstructorAccessor
instanceKlass jdk/internal/reflect/MethodAccessor
instanceKlass jdk/internal/reflect/MagicAccessorImpl
instanceKlass java/lang/reflect/Parameter
instanceKlass java/lang/reflect/Member
instanceKlass java/lang/reflect/AccessibleObject
instanceKlass java/lang/Module
instanceKlass java/util/Map
instanceKlass java/util/Dictionary
instanceKlass java/lang/ThreadGroup
instanceKlass java/lang/Thread$UncaughtExceptionHandler
instanceKlass java/lang/Thread
instanceKlass java/lang/Runnable
instanceKlass java/lang/ref/Reference
instanceKlass java/lang/Record
instanceKlass java/security/AccessController
instanceKlass java/security/AccessControlContext
instanceKlass java/security/ProtectionDomain
instanceKlass java/lang/SecurityManager
instanceKlass java/lang/Throwable
instanceKlass java/lang/System
instanceKlass java/lang/ClassLoader
instanceKlass java/lang/Cloneable
instanceKlass java/lang/Class
instanceKlass java/lang/invoke/TypeDescriptor$OfField
instanceKlass java/lang/invoke/TypeDescriptor
instanceKlass java/lang/reflect/Type
instanceKlass java/lang/reflect/GenericDeclaration
instanceKlass java/lang/reflect/AnnotatedElement
instanceKlass java/lang/String
instanceKlass java/lang/constant/ConstantDesc
instanceKlass java/lang/constant/Constable
instanceKlass java/lang/CharSequence
instanceKlass java/lang/Comparable
instanceKlass java/io/Serializable
ciInstanceKlass java/lang/Object 1 1 92 100 1 10 12 1 1 10 7 12 1 1 1 10 100 12 1 1 1 10 12 1 1 8 1 10 12 1 1 10 100 12 1 1 1 10 12 1 10 12 1 1 100 1 8 1 10 12 1 3 8 1 100 1 5 0 1 1 1 1 1 1 1 1 1 1 1 1 1 1 1 1 7 1 1 1 7 1 1 1 1 1 1 1 7 1 1 1 1 1 1 1
ciInstanceKlass java/lang/Class 1 1 1600 10 7 12 1 1 1 9 7 12 1 1 1 9 12 1 1 7 1 10 10 12 1 1 8 1 10 12 1 8 1 8 1 10 12 1 1 10 12 1 1 10 12 1 10 10 12 1 10 12 1 1 10 12 1 1 10 7 12 1 1 10 12 1 10 12 1 10 12 1 8 1 10 12 1 8 1 10 12 1 8 1 8 1 10 12 1 1 10 7 12 1 1 1 18 12 1 1 11 7 12 1 1 1 8 1 8 1 8 1 10 7 12 1 1 1 11 12 1 1 7 1 8 1 10 12 1 11 100 12 1 1 1 10 12 1 1 11 8 1 18 8 1 10 12 1 10 7 12 1 1 10 7 12 1 1 1 10 12 1 1 10 7 12 1 1 1 9 100 12 1 1 1 10 100 12 1 1 1 10 7 12 1 1 1 10 12 1 1 18 12 1 1 10 7 12 1 1 1 10 7 12 1 1 10 12 1 1 10 7 1 100 1 10 12 1 1 9 12 1 1 7 1 8 1 10 12 1 10 12 1 1 10 12 1 1 10 7 12 1 1 1 7 1 10 12 1 7 1 7 1 10 10 12 1 1 10 12 1 1 100 1 10 100 12 1 1 1 10 12 1 1 10 12 1 1 9 12 1 1 10 12 1 10 12 1 10 12 1 1 9 12 1 1 9 12 1 1 10 12 1 1 10 7 1 10 12 1 10 12 1 10 12 1 1 10 9 12 1 10 12 1 8 1 10 12 1 1 10 12 1 1 10 12 1 10 12 1 1 10 12 1 1 10 12 1 1 9 7 12 1 1 1 10 7 12 1 1 10 12 10 12 1 10 12 1 1 10 7 12 1 1 10 12 1 10 12 1 1 10 100 12 1 1 1 10 12 1 10 12 1 1 10 12 1 10 12 1 10 12 1 1 10 7 1 10 10 10 12 1 1 10 12 1 1 10 12 10 12 1 1 100 1 8 1 10 10 12 1 1 10 12 1 100 1 11 12 1 10 100 12 1 1 10 12 1 10 12 1 10 100 12 1 1 10 10 12 1 1 8 1 10 12 1 10 12 1 1 8 1 9 12 1 10 12 1 10 12 1 10 12 1 10 12 100 1 9 12 1 10 12 1 9 12 1 10 12 1 10 12 1 10 12 1 10 10 12 1 10 12 1 10 12 1 10 12 1 10 12 1 10 12 1 100 1 10 12 1 10 12 1 1 10 12 1 1 10 12 1 1 10 12 1 1 10 12 1 1 10 12 1 1 7 1 10 10 12 1 1 10 12 1 1 10 12 1 1 10 10 12 1 10 12 1 1 10 12 1 1 10 12 1 1 10 12 1 1 7 1 10 10 12 11 100 12 1 1 10 12 1 1 10 12 1 10 7 12 1 1 1 10 12 1 1 10 10 12 1 1 100 1 10 10 12 1 1 10 100 12 1 1 1 100 1 7 1 10 12 1 1 10 12 1 10 10 12 1 1 10 12 1 10 12 1 10 12 1 10 100 12 1 1 1 11 7 12 1 1 10 12 1 10 12 1 9 12 1 10 12 1 1 10 12 1 9 100 12 1 1 1 9 12 1 10 100 12 1 1 1 10 12 1 10 12 1 10 100 12 1 1 1 10 12 1 10 12 10 12 1 1 100 1 10 8 1 10 12 1 11 11 12 1 1 11 7 12 1 1 11 12 1 8 1 10 12 1 10 12 1 1 9 12 1 9 12 1 1 10 7 12 1 1 9 12 1 10 12 1 1 10 10 12 1 10 7 12 1 1 1 10 7 12 1 1 10 7 12 1 1 9 12 1 1 10 12 1 9 12 1 10 12 1 10 12 1 1 9 12 1 1 9 12 1 10 12 1 10 12 1 1 9 12 1 100 1 10 10 12 1 1 7 1 10 12 1 1 100 11 100 1 9 12 1 1 9 12 1 100 1 10 12 1 9 12 1 1 9 12 1 10 12 1 10 12 1 1 9 12 1 7 1 10 10 12 1 1 10 10 12 1 1 10 12 10 10 12 1 9 12 1 10 12 1 1 10 7 12 1 1 1 10 12 1 1 10 12 1 8 10 7 8 1 18 8 1 8 1 10 12 1 9 12 1 9 12 1 1 10 12 1 7 1 7 1 10 12 1 9 12 1 1 7 1 10 10 12 1 10 7 1 9 12 1 8 1 10 12 1 7 1 10 12 1 10 12 1 1 9 12 1 100 1 8 1 10 7 1 4 10 10 12 11 7 12 1 1 1 10 12 1 100 1 10 12 1 1 10 8 1 8 1 10 12 1 1 9 7 12 1 1 11 12 7 1 11 7 12 1 1 9 12 1 10 100 12 1 1 1 10 7 12 1 1 10 12 1 1 9 12 1 9 10 12 1 1 10 12 1 1 10 12 1 1 10 12 1 1 10 12 1 1 11 12 1 7 1 11 12 1 10 7 12 1 1 1 10 12 1 100 1 11 12 1 10 100 12 1 1 1 10 12 1 10 11 12 1 11 12 1 1 10 12 1 10 12 1 1 9 12 1 1 9 100 12 1 1 10 12 1 10 100 12 1 1 1 10 12 1 1 10 12 1 10 12 1 10 12 1 10 7 12 1 1 1 10 12 1 8 1 10 12 1 10 12 1 10 12 1 10 100 12 1 1 1 11 100 12 1 1 1 10 12 1 1 10 12 1 18 12 1 1 11 12 1 1 18 11 12 1 18 12 1 11 12 1 10 12 1 1 10 12 1 10 12 1 10 12 10 12 1 8 1 10 12 1 7 1 9 12 1 1 100 1 100 1 100 1 100 1 100 1 1 1 3 1 3 1 3 1 1 1 1 1 1 1 5 0 1 1 1 1 1 1 1 1 1 1 1 1 1 1 1 1 1 1 1 1 1 1 1 100 1 1 1 1 1 1 1 100 1 1 1 1 1 1 7 1 1 1 1 1 1 1 1 1 1 1 1 1 1 1 1 1 1 1 1 1 1 1 1 1 1 1 1 1 1 1 1 1 1 1 1 1 1 100 1 1 1 1 1 1 1 1 1 1 1 1 1 1 1 1 1 1 1 1 1 1 1 1 1 1 1 1 100 1 1 1 1 1 1 1 1 1 1 1 1 1 1 1 1 1 1 1 1 1 1 1 1 1 1 1 1 1 1 1 1 1 1 1 1 1 1 1 1 1 1 1 1 1 1 1 1 1 1 1 1 1 100 1 100 1 1 1 1 1 1 1 100 1 1 1 1 1 1 1 1 1 1 1 1 1 1 1 1 1 1 1 1 1 1 1 1 1 1 1 1 1 1 1 1 1 1 1 1 1 1 1 1 1 1 1 1 1 1 1 1 1 1 1 1 1 1 1 100 1 1 1 1 1 1 1 1 1 1 1 1 1 1 1 1 1 1 1 1 1 1 1 1 1 1 1 1 1 1 1 1 1 1 1 1 1 1 1 1 1 1 1 1 1 1 1 1 1 1 1 1 1 1 1 1 1 1 1 1 1 1 1 1 1 1 1 1 15 10 7 12 1 1 1 16 15 10 12 16 15 11 12 16 1 16 15 16 15 10 12 16 16 15 10 12 16 15 16 1 15 10 12 16 1 1 1 1 1 1 1 1 1 100 1 1 100 1 100 1 1 100 1 100 1 1
staticfield java/lang/Class EMPTY_CLASS_ARRAY [Ljava/lang/Class; 0 [Ljava/lang/Class;
staticfield java/lang/Class serialPersistentFields [Ljava/io/ObjectStreamField; 0 [Ljava/io/ObjectStreamField;
ciInstanceKlass java/io/Serializable 1 0 7 100 1 100 1 1 1
instanceKlass jdk/internal/vm/vector/VectorSupport$VectorShuffle
instanceKlass jdk/internal/vm/vector/VectorSupport$VectorMask
instanceKlass jdk/internal/vm/vector/VectorSupport$Vector
ciInstanceKlass jdk/internal/vm/vector/VectorSupport$VectorPayload 0 0 32 10 100 12 1 1 1 9 100 12 1 1 1 10 100 12 1 1 1 1 1 1 1 1 1 1 1 1 1 1 1 1
ciInstanceKlass jdk/internal/vm/vector/VectorSupport$VectorShuffle 0 0 28 10 100 12 1 1 1 100 1 1 1 1 1 1 1 1 1 1 1 1 1 1 1 100 1 1 1 1
ciInstanceKlass jdk/internal/vm/vector/VectorSupport$VectorMask 0 0 28 10 100 12 1 1 1 100 1 1 1 1 1 1 1 1 1 1 1 1 1 1 1 100 1 1 1 1
ciInstanceKlass jdk/internal/vm/vector/VectorSupport$Vector 0 0 28 10 100 12 1 1 1 100 1 1 1 1 1 1 1 1 1 1 1 1 1 1 1 100 1 1 1 1
ciInstanceKlass jdk/internal/vm/vector/VectorSupport 0 0 487 100 1 10 100 12 1 1 1 9 12 1 1 10 12 1 1 100 1 10 12 1 11 100 12 1 1 1 11 100 12 1 1 1 11 100 12 1 1 11 100 12 1 1 1 11 100 1 100 1 10 12 1 1 11 100 12 1 1 11 100 12 1 1 100 1 11 100 12 1 1 11 100 12 1 1 11 100 12 1 1 1 11 100 12 1 1 1 11 100 12 1 1 1 11 100 12 1 1 1 100 1 10 12 1 1 11 100 12 1 1 100 1 11 100 12 1 1 11 100 12 1 1 11 100 12 1 1 11 100 1 100 1 9 12 1 1 10 100 12 1 1 11 100 12 1 1 10 12 1 1 10 100 12 1 1 1 10 12 1 10 12 1 1 10 12 1 1 1 1 1 3 1 3 1 3 1 3 1 3 1 3 1 3 1 3 1 3 1 3 1 3 1 3 1 3 1 3 1 3 1 3 1 3 1 3 1 3 1 3 1 3 1 3 1 3 1 3 1 3 1 3 1 3 1 3 1 3 1 3 1 3 1 3 1 3 1 3 1 3 1 3 1 3 1 3 1 3 1 1 1 1 1 3 1 1 1 1 1 1 3 1 1 1 1 1 1 1 1 1 1 1 1 1 1 1 1 1 1 1 1 1 1 1 1 1 1 1 1 1 1 1 1 1 1 1 1 1 1 1 1 1 1 1 1 1 1 1 1 1 1 1 1 1 1 1 1 1 1 1 1 1 1 1 1 1 1 1 1 1 1 1 1 1 1 1 1 1 1 1 1 1 1 1 1 1 1 1 1 1 1 1 1 1 1 1 1 1 1 1 1 1 1 1 1 1 1 1 1 1 1 1 1 1 1 1 1 1 1 1 1 1 1 1 1 1 1 1 1 1 1 1 1 1 1 1 1 1 1 1 1 1 1 1 1 1 1 1 1 1 1 1 1 1 1 1 1 1 1 1 1 1 1 1 1 1 1 1 1 1 1 1 1 1 1 1 1 1 1 1 1 1 1 1 1 1 1 1 1 1 1 1 1 1 1 1 1 1 1 1 100 1 100 1 1 1 1 1 1 1 1 1 1 1 1 1 1 1 1 1 1 1 1 1 1 1 1
ciInstanceKlass java/lang/reflect/RecordComponent 0 0 196 10 100 12 1 1 1 9 100 12 1 1 1 9 12 1 1 9 12 1 10 12 1 1 10 12 1 1 10 100 12 1 1 1 10 12 1 1 9 12 1 1 10 12 1 1 10 12 1 1 10 12 1 10 100 12 1 1 10 100 12 1 1 9 12 1 1 10 100 12 1 1 1 11 100 12 1 1 1 10 9 100 12 1 1 1 10 100 12 1 1 1 9 12 1 1 10 100 12 1 1 1 10 12 1 1 11 100 12 1 1 10 100 12 1 1 100 1 9 12 1 9 12 1 1 9 12 1 10 100 12 1 1 1 10 12 1 1 10 12 1 1 100 1 10 10 12 1 10 12 1 1 8 1 10 12 1 10 12 1 9 12 1 100 1 1 1 1 1 1 1 1 1 1 1 1 1 1 1 1 1 1 1 1 1 1 100 1 1 1 1 1 1 100 1 1
ciInstanceKlass java/util/Iterator 1 1 53 100 1 8 1 10 12 1 1 10 100 12 1 1 1 11 100 12 1 1 1 11 12 1 1 11 100 12 1 1 1 100 1 1 1 1 1 1 1 1 1 1 1 1 1 1 1 1 1 1 1 1 1
ciInstanceKlass java/lang/System 1 1 803 10 100 12 1 1 1 9 7 12 1 1 1 10 12 1 10 12 1 1 10 12 1 1 10 12 1 9 12 1 1 10 7 12 1 1 1 11 100 12 1 1 1 10 100 12 1 1 1 10 12 1 1 10 12 1 1 100 1 8 1 10 12 1 10 100 12 1 1 1 10 7 12 1 1 1 18 12 1 1 10 100 12 1 1 1 100 1 10 12 1 1 10 100 12 1 1 1 10 12 1 10 7 12 1 1 1 9 100 12 1 1 1 10 100 12 1 1 1 11 7 12 1 1 1 10 12 1 1 10 7 12 1 1 1 100 1 10 10 12 1 1 8 1 10 12 1 8 1 10 12 1 9 12 1 1 8 1 10 7 12 1 1 1 10 12 1 1 100 1 8 1 10 9 12 1 1 8 1 10 12 1 1 10 100 12 1 1 1 8 1 10 12 1 100 1 10 12 1 8 1 10 12 1 10 12 1 1 100 1 10 12 10 12 1 9 12 1 1 9 12 1 1 10 7 12 1 1 1 10 7 12 1 1 1 10 12 1 1 10 12 1 10 12 1 10 7 12 1 1 1 10 12 1 100 1 100 1 8 1 10 12 1 10 12 1 1 7 1 10 12 1 100 1 8 1 10 10 12 1 100 1 8 1 10 8 1 10 7 12 1 1 8 1 10 12 100 1 8 1 10 10 12 1 1 10 7 12 1 1 1 100 1 18 12 1 100 1 9 100 12 1 1 1 10 12 1 100 1 10 12 1 1 10 12 1 1 10 7 12 1 1 1 10 12 1 1 10 12 1 10 12 1 10 12 1 1 10 12 1 7 1 10 12 1 10 12 1 100 1 10 12 1 10 7 12 1 1 1 100 1 8 1 10 9 12 1 9 12 1 10 12 1 10 100 12 1 1 10 12 1 10 12 1 1 8 1 10 12 1 1 8 1 11 12 1 10 12 11 12 1 1 11 7 12 1 1 1 11 7 12 1 1 11 12 1 1 7 1 11 12 1 10 12 1 8 1 10 12 1 1 8 1 8 1 8 1 8 1 11 12 1 10 12 1 10 12 1 10 12 1 10 7 12 1 1 8 1 7 1 9 7 12 1 1 1 10 12 1 7 1 9 12 10 9 12 7 1 10 12 8 1 10 12 1 1 8 1 10 7 12 1 1 10 12 1 10 7 12 1 1 1 10 12 1 1 10 7 12 1 1 1 10 12 10 7 12 1 1 1 9 12 1 1 100 1 8 1 10 12 1 1 10 7 12 1 1 1 7 1 10 12 1 1 8 1 10 8 1 8 1 8 1 8 1 10 10 7 12 1 1 10 12 1 1 10 12 1 1 10 12 1 1 10 12 1 10 100 12 1 1 1 10 100 1 8 1 10 10 10 12 1 1 10 12 1 1 8 1 10 12 1 8 1 10 12 1 10 12 1 1 7 1 10 10 12 1 10 12 1 9 12 1 1 1 3 1 3 1 1 1 1 1 1 1 1 1 1 1 1 100 1 1 100 1 1 1 1 1 1 1 1 1 1 1 100 1 100 1 1 1 1 1 1 1 1 1 1 1 1 1 1 1 1 1 1 1 1 1 1 1 1 1 1 1 1 1 1 1 1 1 1 1 1 1 1 1 1 1 1 1 1 1 1 1 1 1 1 1 1 1 1 1 1 1 1 100 1 1 1 1 1 1 1 1 1 1 1 1 1 1 1 1 1 1 1 1 1 1 1 1 1 1 1 1 1 1 1 1 1 100 1 1 15 10 100 12 1 1 1 16 15 10 12 1 1 16 15 10 12 16 1 1 1 1 1 1 1 100 1 100 1 1
staticfield java/lang/System in Ljava/io/InputStream; java/io/BufferedInputStream
staticfield java/lang/System out Ljava/io/PrintStream; org/gradle/internal/io/LinePerThreadBufferingOutputStream
staticfield java/lang/System err Ljava/io/PrintStream; org/gradle/internal/io/LinePerThreadBufferingOutputStream
instanceKlass android/app/LoadedApk$WarningContextClassLoader
instanceKlass org/robolectric/util/reflector/Reflector$1
instanceKlass org/gradle/internal/classloader/CachingClassLoader
instanceKlass org/gradle/internal/classloader/MultiParentClassLoader
instanceKlass worker/org/gradle/internal/classloader/FilteringClassLoader$RetrieveSystemPackagesClassLoader
instanceKlass worker/org/gradle/internal/classloader/FilteringClassLoader
instanceKlass jdk/internal/reflect/DelegatingClassLoader
instanceKlass java/security/SecureClassLoader
ciInstanceKlass java/lang/ClassLoader 1 1 1098 9 7 12 1 1 1 10 7 12 1 1 1 9 12 1 1 10 7 12 1 1 1 7 1 10 12 1 1 10 12 1 1 9 12 1 1 10 12 1 1 100 1 10 12 1 10 12 1 1 10 7 12 1 1 1 100 1 8 1 10 12 1 10 7 12 1 1 1 10 100 12 1 10 7 1 10 7 1 7 1 7 1 10 12 1 10 12 1 9 12 1 1 10 10 7 12 1 1 1 9 12 1 1 9 12 1 9 12 1 1 9 12 1 9 12 1 1 9 12 1 1 7 1 10 12 1 9 12 1 1 10 12 1 1 10 7 12 1 1 1 9 12 1 9 12 1 1 9 12 1 10 12 1 1 9 12 10 12 1 1 7 1 10 8 1 10 12 1 1 10 12 1 10 7 1 7 1 10 12 1 1 10 7 12 1 1 1 8 1 10 12 1 10 12 1 10 12 1 1 10 12 1 1 10 12 1 1 10 12 1 1 10 12 1 1 10 12 1 7 1 10 12 1 10 7 12 1 1 1 10 12 1 1 10 12 1 10 12 1 10 12 1 10 12 1 10 12 1 1 10 10 12 1 10 12 1 10 100 12 1 1 10 12 1 1 10 12 1 1 10 12 1 100 1 10 12 1 100 1 10 12 1 10 100 12 1 1 1 10 10 12 1 1 10 12 1 1 100 1 8 1 10 8 1 10 12 1 10 12 1 100 1 8 1 10 12 1 1 10 12 1 1 10 10 12 1 1 10 12 1 1 10 12 1 1 10 7 1 10 12 1 1 10 12 1 1 10 12 1 1 10 12 1 1 10 12 1 1 10 12 1 1 10 12 1 10 7 12 1 1 1 10 12 1 10 12 1 10 12 1 1 10 12 1 10 12 1 10 12 1 10 12 1 1 10 12 1 10 12 1 1 8 1 9 12 1 10 12 1 1 8 1 8 1 10 7 12 1 1 100 1 10 10 12 10 12 1 10 12 1 10 12 1 10 12 1 1 10 7 12 1 1 10 12 1 10 7 1 7 1 10 12 1 1 10 12 1 10 7 1 10 12 1 100 1 18 12 1 10 100 12 1 1 1 10 100 12 1 1 1 10 7 12 1 1 10 12 1 1 10 12 1 10 12 1 1 100 1 10 12 1 10 12 1 1 10 7 12 1 1 10 12 1 8 1 100 1 10 10 12 1 9 12 1 10 7 12 1 1 10 12 1 100 1 8 1 10 12 1 10 8 1 8 1 10 12 1 1 10 12 1 1 10 12 1 1 10 100 12 1 1 1 100 1 100 1 10 12 1 1 100 1 100 1 10 100 12 1 1 10 12 1 10 12 1 1 10 12 1 10 12 1 1 10 12 1 1 9 100 12 1 1 1 10 12 1 1 10 12 1 10 12 1 10 12 1 1 10 12 1 8 1 10 12 1 7 1 18 12 1 1 10 12 1 1 10 12 1 10 12 1 10 12 1 8 1 10 12 1 10 12 1 18 12 1 11 7 12 1 1 1 7 1 10 12 1 1 10 12 1 10 11 12 1 1 10 18 10 12 1 1 11 7 12 1 18 12 1 11 12 1 1 10 12 10 12 1 1 10 12 1 1 100 1 8 1 10 10 12 1 8 1 8 1 10 100 12 1 1 10 12 1 100 1 10 10 12 1 8 1 8 1 8 1 10 12 1 10 12 1 1 10 12 1 10 100 12 1 1 1 11 100 12 1 1 100 1 10 11 10 12 1 10 12 1 10 12 1 1 9 100 12 1 1 9 12 1 1 9 12 9 12 1 9 12 1 9 12 1 8 10 12 1 1 10 7 12 1 1 1 10 12 1 1 10 12 1 1 10 12 1 10 10 12 1 11 12 1 1 10 100 12 1 1 1 100 1 10 12 1 10 12 1 10 12 1 1 1 1 1 1 1 1 1 1 1 1 1 1 1 1 1 1 1 1 1 1 1 1 1 1 1 1 100 1 1 1 1 1 1 1 1 1 1 1 1 1 1 1 1 1 1 1 1 1 100 1 1 1 1 1 1 1 1 1 1 100 1 1 1 1 1 1 1 1 1 1 1 1 1 1 1 1 1 1 1 1 1 1 1 1 1 1 1 1 1 1 1 1 1 1 1 1 1 1 1 1 1 100 1 1 1 1 1 1 1 1 1 1 1 1 1 1 1 1 1 1 100 1 1 1 1 1 1 1 1 1 1 1 1 1 1 1 1 1 1 1 1 1 1 1 1 1 1 1 1 1 1 1 1 1 1 1 1 1 1 1 1 1 1 1 1 1 1 1 1 1 1 1 100 1 1 1 1 1 1 1 1 1 1 1 1 1 1 1 1 1 1 1 1 1 1 1 1 1 1 1 1 1 1 1 1 1 1 1 1 1 1 1 1 1 1 1 1 1 1 15 10 7 12 1 1 1 16 1 15 10 12 16 1 16 15 10 12 16 1 16 1 15 10 12 16 15 10 12 16 15 10 12 16 1 1 100 1 100 1 1
staticfield java/lang/ClassLoader nocerts [Ljava/security/cert/Certificate; 0 [Ljava/security/cert/Certificate;
staticfield java/lang/ClassLoader $assertionsDisabled Z 1
ciInstanceKlass jdk/internal/reflect/DelegatingClassLoader 1 1 18 10 7 12 1 1 1 100 1 1 1 1 1 1 1 1 1 1
instanceKlass java/net/URLClassLoader
instanceKlass jdk/internal/loader/BuiltinClassLoader
ciInstanceKlass java/security/SecureClassLoader 1 1 102 10 7 12 1 1 1 7 1 10 12 1 9 7 12 1 1 1 10 12 1 10 12 1 10 12 1 1 10 12 1 1 10 12 1 7 1 10 7 1 10 12 1 7 1 10 12 1 11 7 12 1 1 1 7 1 11 12 1 10 12 1 1 1 1 1 1 1 1 1 1 1 1 1 1 1 1 1 1 1 1 1 1 1 1 1 1 1 1 1 1 1 1 1 1 1 1 100 1 1 1 1
instanceKlass jdk/internal/loader/ClassLoaders$BootClassLoader
instanceKlass jdk/internal/loader/ClassLoaders$PlatformClassLoader
instanceKlass jdk/internal/loader/ClassLoaders$AppClassLoader
ciInstanceKlass jdk/internal/loader/BuiltinClassLoader 1 1 737 9 7 12 1 1 1 10 7 12 1 1 1 10 7 12 1 1 1 9 12 1 1 9 12 1 1 7 1 10 12 1 9 12 1 10 12 1 9 12 1 10 7 12 1 1 1 10 7 12 1 1 1 10 7 12 1 1 1 11 7 12 1 1 1 100 1 100 1 10 10 12 1 1 8 1 10 12 1 10 12 7 1 10 12 1 10 12 1 1 11 7 12 1 1 1 11 7 12 1 1 1 11 12 1 1 7 1 8 1 8 1 10 9 12 1 1 10 7 12 1 1 11 12 1 1 10 12 1 1 10 12 1 1 10 12 1 1 10 7 12 1 1 1 10 12 1 10 100 12 1 1 1 10 12 1 1 11 7 12 1 1 1 10 7 12 1 1 7 1 10 7 12 1 1 1 10 12 1 100 1 8 1 10 12 1 1 10 8 1 10 12 1 1 10 12 1 1 10 12 1 1 11 7 12 1 1 11 12 1 7 1 10 11 12 1 1 11 10 12 1 1 7 1 10 12 1 10 7 12 1 10 12 1 7 1 10 12 1 10 7 12 1 1 1 100 1 10 12 1 1 11 12 1 7 1 100 1 10 12 1 10 12 1 1 100 1 100 1 10 12 1 10 12 1 18 12 1 1 10 12 1 10 12 1 1 18 100 1 10 7 12 1 1 1 7 1 10 10 12 1 1 10 12 1 1 10 12 1 1 10 12 1 9 12 1 1 100 1 10 10 12 1 1 10 12 1 1 10 12 1 10 12 10 12 1 1 10 12 1 1 10 12 1 1 10 12 1 10 12 1 1 18 12 1 7 1 10 12 1 1 10 12 1 10 12 1 1 10 12 1 100 1 10 12 1 7 1 10 12 1 10 7 12 1 1 1 10 12 1 11 12 1 7 1 10 12 1 7 1 100 1 10 12 1 10 12 1 11 12 1 1 10 12 1 1 10 12 1 1 10 12 1 1 10 12 1 1 10 12 1 10 12 1 10 12 1 10 12 1 8 1 10 12 1 1 10 7 12 1 1 10 12 1 100 1 8 1 8 1 10 10 12 1 8 1 8 1 10 7 12 1 1 1 11 7 12 1 1 1 9 7 12 1 1 1 10 7 12 1 1 1 9 12 1 9 12 1 9 12 1 9 12 1 9 12 1 9 12 1 10 7 12 1 1 1 8 1 10 12 1 7 1 10 12 1 1 10 12 1 7 1 10 11 12 1 1 10 12 10 12 1 10 12 1 100 1 10 12 1 10 12 1 10 10 12 1 10 7 12 1 1 8 1 10 7 12 1 1 10 12 1 1 1 1 1 1 1 1 1 1 1 1 1 1 1 1 1 1 1 1 1 1 1 1 1 1 1 1 1 1 1 1 1 1 1 1 1 1 1 1 1 1 1 1 1 1 1 1 1 1 1 1 1 1 1 1 100 1 1 1 1 1 1 1 1 1 1 1 1 1 1 1 1 1 1 100 1 100 1 1 1 1 1 1 1 1 1 1 1 1 1 1 1 1 1 1 1 1 1 1 1 1 1 1 1 1 1 1 1 1 1 1 1 1 1 1 1 1 1 1 1 1 1 1 1 1 1 1 1 100 1 1 15 10 100 12 1 1 1 16 15 10 12 16 15 10 12 16 15 10 12 16 1 1 1 100 1 1 1 1 1 100 1 100 1 1
staticfield jdk/internal/loader/BuiltinClassLoader packageToModule Ljava/util/Map; java/util/concurrent/ConcurrentHashMap
staticfield jdk/internal/loader/BuiltinClassLoader $assertionsDisabled Z 1
ciInstanceKlass java/security/AccessController 1 1 295 10 100 12 1 1 1 10 7 12 1 1 1 10 7 12 1 1 1 10 12 1 1 10 12 1 1 10 7 12 1 1 1 10 12 1 1 10 12 1 10 12 1 1 10 12 1 100 1 8 1 10 12 1 10 12 1 10 12 1 1 10 12 1 100 1 100 1 10 12 1 1 10 12 1 10 12 1 10 12 1 1 10 7 12 1 1 1 10 12 1 1 9 100 12 1 1 1 10 100 12 1 1 1 10 12 1 10 12 1 9 100 12 1 1 1 10 12 1 10 12 1 1 9 12 1 1 10 100 1 10 11 7 12 1 1 1 10 7 12 1 1 11 7 1 100 1 10 12 1 10 12 1 10 12 1 8 1 10 12 1 1 8 1 10 100 12 1 1 1 8 1 100 1 10 10 12 1 1 10 12 1 10 7 12 1 1 1 10 12 1 8 1 10 100 12 1 1 8 1 8 1 10 12 1 8 1 10 12 1 10 12 1 1 10 12 1 1 1 1 1 1 1 1 1 1 1 1 1 1 1 1 1 1 1 1 1 1 1 1 1 1 1 1 100 1 1 1 1 1 1 1 1 1 1 1 1 1 1 1 1 1 1 1 1 1 1 1 1 1 1 1 1 1 1 1 1 1 1 100 1 100 1 1 1 1 1 1 1 1 1 3 1 1 1
staticfield java/security/AccessController $assertionsDisabled Z 1
instanceKlass jdk/internal/reflect/GeneratedConstructorAccessor21
instanceKlass jdk/internal/reflect/GeneratedConstructorAccessor20
instanceKlass jdk/internal/reflect/GeneratedConstructorAccessor19
instanceKlass jdk/internal/reflect/GeneratedConstructorAccessor18
instanceKlass jdk/internal/reflect/GeneratedConstructorAccessor17
instanceKlass jdk/internal/reflect/GeneratedConstructorAccessor16
instanceKlass jdk/internal/reflect/GeneratedConstructorAccessor15
instanceKlass jdk/internal/reflect/GeneratedConstructorAccessor14
instanceKlass jdk/internal/reflect/GeneratedConstructorAccessor13
instanceKlass jdk/internal/reflect/GeneratedConstructorAccessor12
instanceKlass jdk/internal/reflect/GeneratedConstructorAccessor11
instanceKlass jdk/internal/reflect/GeneratedConstructorAccessor10
instanceKlass jdk/internal/reflect/GeneratedConstructorAccessor9
instanceKlass jdk/internal/reflect/GeneratedConstructorAccessor8
instanceKlass jdk/internal/reflect/GeneratedConstructorAccessor7
instanceKlass jdk/internal/reflect/GeneratedConstructorAccessor6
instanceKlass jdk/internal/reflect/GeneratedConstructorAccessor5
instanceKlass jdk/internal/reflect/GeneratedConstructorAccessor4
instanceKlass jdk/internal/reflect/GeneratedConstructorAccessor3
instanceKlass jdk/internal/reflect/GeneratedConstructorAccessor2
instanceKlass jdk/internal/reflect/GeneratedConstructorAccessor1
instanceKlass jdk/internal/reflect/BootstrapConstructorAccessorImpl
instanceKlass jdk/internal/reflect/SerializationConstructorAccessorImpl
instanceKlass jdk/internal/reflect/DelegatingConstructorAccessorImpl
instanceKlass jdk/internal/reflect/NativeConstructorAccessorImpl
ciInstanceKlass jdk/internal/reflect/ConstructorAccessorImpl 1 1 27 10 7 12 1 1 1 100 1 100 1 1 1 1 1 1 1 1 1 100 1 100 1 100 1 1 1
instanceKlass jdk/internal/reflect/FieldAccessorImpl
instanceKlass jdk/internal/reflect/ConstructorAccessorImpl
instanceKlass jdk/internal/reflect/MethodAccessorImpl
ciInstanceKlass jdk/internal/reflect/MagicAccessorImpl 1 1 16 10 7 12 1 1 1 100 1 1 1 1 1 1 1 1
instanceKlass jdk/internal/reflect/GeneratedMethodAccessor9
instanceKlass jdk/internal/reflect/GeneratedMethodAccessor8
instanceKlass jdk/internal/reflect/GeneratedMethodAccessor7
instanceKlass jdk/internal/reflect/GeneratedMethodAccessor6
instanceKlass jdk/internal/reflect/GeneratedMethodAccessor5
instanceKlass jdk/internal/reflect/GeneratedMethodAccessor4
instanceKlass jdk/internal/reflect/GeneratedMethodAccessor3
instanceKlass jdk/internal/reflect/GeneratedMethodAccessor2
instanceKlass jdk/internal/reflect/GeneratedMethodAccessor1
instanceKlass jdk/internal/reflect/DelegatingMethodAccessorImpl
instanceKlass jdk/internal/reflect/NativeMethodAccessorImpl
ciInstanceKlass jdk/internal/reflect/MethodAccessorImpl 1 1 25 10 7 12 1 1 1 100 1 100 1 1 1 1 1 1 1 1 1 100 1 100 1 1 1
ciInstanceKlass java/lang/Module 1 1 959 10 7 12 1 1 1 9 7 12 1 1 1 10 7 12 1 1 1 9 12 1 9 12 1 1 9 12 1 1 10 12 1 1 10 12 1 10 12 1 1 10 7 12 1 1 1 7 1 10 7 12 1 1 1 10 12 1 1 11 7 12 1 1 1 10 12 1 1 10 7 12 1 1 1 10 12 1 1 10 7 12 1 1 1 9 100 12 1 1 1 10 100 12 1 1 1 10 12 1 8 1 10 7 12 1 1 1 10 7 12 1 1 1 9 12 1 1 9 12 1 1 10 12 1 9 12 1 1 11 12 1 9 7 12 1 1 10 7 12 1 1 1 10 100 12 1 1 1 10 12 1 1 100 1 100 1 10 10 12 1 1 8 1 10 12 1 10 12 10 12 1 10 12 1 1 10 12 1 1 10 12 1 1 9 7 12 1 1 1 10 12 1 1 10 12 1 1 9 12 1 10 12 1 10 12 1 9 12 1 1 11 7 12 1 1 10 12 1 1 9 12 1 9 12 1 10 12 1 10 12 1 100 1 8 1 10 10 12 1 1 10 12 1 8 1 10 12 1 1 8 1 8 1 10 12 1 1 10 12 1 10 12 1 1 18 12 1 1 10 12 1 1 11 12 1 9 12 1 11 12 10 100 12 1 1 100 1 8 1 10 7 1 11 12 1 1 10 12 1 10 12 1 10 12 1 1 11 12 1 1 11 7 12 1 1 11 12 1 1 9 12 1 11 12 1 10 12 1 1 10 12 1 1 9 12 1 10 12 10 7 12 1 1 10 7 12 1 1 10 7 1 18 12 1 1 11 100 12 1 1 1 18 12 1 11 12 1 1 10 100 12 1 1 1 11 12 1 1 10 7 12 1 1 4 7 1 11 12 1 7 1 7 1 10 10 7 12 1 1 1 10 11 7 12 1 8 1 10 10 12 1 1 10 7 12 1 1 10 12 1 10 12 1 7 1 10 12 1 10 11 12 1 1 10 12 10 12 1 1 9 12 1 100 1 10 10 12 1 1 11 100 1 10 12 1 1 11 12 1 10 10 12 1 11 10 12 1 1 10 12 1 1 10 12 1 1 10 7 12 1 1 10 12 1 10 12 1 1 10 10 12 1 1 10 12 1 18 12 1 11 12 1 18 12 1 10 12 1 10 12 1 10 12 7 1 10 12 1 10 12 1 10 12 1 9 12 1 7 1 10 10 10 10 12 1 10 12 1 10 12 1 10 12 1 1 10 12 1 1 10 12 1 9 12 1 18 12 1 1 10 100 12 1 1 1 100 1 8 1 10 12 1 1 10 12 1 1 10 100 12 1 1 100 1 10 12 1 1 100 1 8 1 100 1 10 100 1 100 1 3 10 12 1 100 1 10 12 1 10 12 1 1 10 12 1 1 100 1 10 12 1 10 12 1 1 100 1 100 1 10 12 8 1 10 12 1 1 10 12 1 1 10 100 12 1 1 10 12 1 1 10 12 1 10 12 10 12 1 1 100 1 10 10 12 1 1 10 100 12 1 1 1 100 1 8 1 10 12 1 1 10 100 12 1 1 8 1 10 12 1 8 1 10 12 1 10 12 10 12 1 8 1 10 10 100 12 1 1 7 1 10 10 12 1 10 7 12 1 1 9 12 1 9 12 1 9 12 1 9 12 1 10 12 11 12 1 10 12 1 100 1 1 1 1 1 1 1 1 1 1 1 1 1 1 1 1 100 1 1 1 1 1 1 1 1 1 1 1 1 1 1 1 1 1 1 1 1 1 1 1 1 1 1 1 1 1 1 1 1 1 1 1 1 1 1 1 1 1 1 1 1 1 1 1 1 1 1 1 1 1 1 1 1 1 1 1 1 1 1 1 1 1 1 1 1 1 1 1 1 1 1 1 1 1 1 1 1 1 1 1 100 100 1 1 1 1 1 1 1 1 1 1 1 1 1 1 1 1 1 1 1 1 1 1 1 1 1 1 1 1 1 1 1 1 1 1 100 1 100 1 100 1 1 1 1 1 1 1 1 1 1 1 1 1 1 1 1 1 1 1 1 1 1 1 1 1 1 1 1 15 10 7 12 1 1 1 16 15 10 12 16 16 15 10 12 16 16 15 10 16 1 15 10 12 16 1 15 10 12 16 1 16 15 10 12 16 1 1 1 1 1 1 1 100 1 100 1 1
staticfield java/lang/Module ALL_UNNAMED_MODULE Ljava/lang/Module; java/lang/Module
staticfield java/lang/Module ALL_UNNAMED_MODULE_SET Ljava/util/Set; java/util/ImmutableCollections$Set12
staticfield java/lang/Module EVERYONE_MODULE Ljava/lang/Module; java/lang/Module
staticfield java/lang/Module EVERYONE_SET Ljava/util/Set; java/util/ImmutableCollections$Set12
staticfield java/lang/Module $assertionsDisabled Z 1
ciInstanceKlass java/util/ArrayList 1 1 492 10 7 12 1 1 1 7 1 9 7 12 1 1 1 9 12 1 100 1 100 1 10 8 1 10 12 1 1 10 12 1 10 12 1 1 10 12 1 9 12 1 11 7 12 1 1 1 9 12 1 1 10 12 1 1 7 10 7 12 1 1 1 9 12 1 10 12 1 10 12 1 1 10 7 12 1 1 1 10 7 12 1 1 1 10 12 1 1 10 12 1 1 10 12 1 1 10 12 1 10 12 1 1 100 1 100 1 10 12 1 10 7 12 1 1 1 10 7 12 1 1 10 12 1 10 12 10 12 1 1 10 12 1 1 10 12 1 1 7 1 10 12 1 1 10 12 1 1 10 12 1 100 1 10 11 12 1 1 11 7 12 1 1 1 11 12 1 10 12 1 10 12 1 10 12 1 1 100 1 10 12 1 1 10 10 12 1 1 10 12 1 8 1 8 1 8 1 8 1 10 12 1 1 10 12 1 1 11 12 1 100 1 10 100 12 1 1 10 12 1 10 12 1 1 10 100 12 1 1 10 12 1 10 100 12 1 1 1 11 100 12 1 1 1 10 12 1 100 1 8 1 10 7 1 10 12 1 7 1 10 12 1 10 12 1 1 7 1 10 12 1 10 12 1 1 11 100 12 1 1 7 1 10 12 1 10 12 1 1 11 100 12 1 1 10 12 1 1 10 12 1 1 10 12 1 1 10 12 1 1 11 100 12 1 1 10 12 1 1 100 1 100 1 100 1 1 1 1 5 0 1 3 1 1 1 1 1 1 1 1 1 1 1 1 1 1 1 1 1 1 1 1 1 1 1 1 1 1 1 1 1 1 1 1 1 1 1 1 1 1 1 1 1 1 1 1 1 1 1 1 1 1 1 1 1 1 1 1 1 1 1 1 1 1 1 1 1 1 1 1 1 1 1 1 1 1 1 1 1 1 1 1 1 1 1 1 1 1 1 1 1 1 1 1 1 1 1 1 100 1 1 1 1 100 1 1 1 1 1 1 1 1 1 1 1 1 1 1 1 1 1 1 1 1 1 1 1 1 1 1 1 1 1 100 1 1 1 1 1 1 1 1 1 1 1 1 1 1 1 1 1 1 100 1 100 1 1 1 1 1 1
staticfield java/util/ArrayList EMPTY_ELEMENTDATA [Ljava/lang/Object; 0 [Ljava/lang/Object;
staticfield java/util/ArrayList DEFAULTCAPACITY_EMPTY_ELEMENTDATA [Ljava/lang/Object; 0 [Ljava/lang/Object;
ciInstanceKlass java/util/concurrent/ConcurrentHashMap 1 1 1210 7 1 7 1 3 10 12 1 1 3 100 1 10 7 12 1 1 1 100 1 10 100 12 1 1 1 100 1 11 12 1 1 11 12 1 11 12 1 1 9 12 1 1 9 12 1 1 9 12 1 10 7 12 1 1 1 7 1 10 12 1 1 10 12 1 1 10 7 12 1 1 1 4 10 12 1 9 12 1 10 12 1 1 100 1 10 5 0 10 12 1 10 12 1 1 5 0 10 12 1 1 10 12 1 9 12 1 1 10 12 1 1 9 12 1 9 12 1 1 10 12 1 1 9 12 1 10 12 1 1 9 12 1 1 10 12 1 1 100 1 10 100 1 10 12 1 10 12 1 1 10 12 1 1 10 12 1 1 10 12 1 10 12 1 1 10 12 1 1 100 1 10 12 1 1 7 1 100 1 8 1 10 12 1 10 12 1 1 10 12 1 1 11 7 12 1 1 10 12 1 1 11 12 1 1 11 7 12 1 1 1 11 7 12 1 1 1 11 12 1 7 1 11 12 1 11 12 1 10 12 1 1 10 12 1 1 9 12 1 1 10 100 12 1 1 1 9 10 12 1 1 9 12 1 10 12 1 1 5 0 9 12 1 1 7 1 10 12 1 9 12 1 1 7 1 10 12 1 9 12 1 7 1 10 100 1 10 10 12 1 1 8 1 10 12 1 10 12 1 1 11 100 1 10 12 1 10 100 12 1 1 1 8 1 10 100 12 1 1 1 8 1 10 12 1 8 1 10 12 1 10 12 1 1 10 100 12 1 1 10 12 1 10 12 1 10 12 1 9 12 1 9 10 12 1 9 12 1 1 11 100 12 1 1 1 11 7 12 1 1 1 100 1 10 12 11 100 12 1 1 10 11 7 12 1 10 12 1 100 1 10 12 1 100 1 10 10 9 7 12 1 1 1 10 12 3 10 100 12 1 1 9 12 1 10 12 1 1 9 12 1 1 9 12 1 10 12 1 1 10 100 12 1 1 9 12 1 9 7 12 1 1 10 12 1 1 10 12 1 3 9 12 1 9 12 1 10 12 1 1 7 1 9 3 9 12 1 100 1 10 12 1 9 12 1 10 12 1 9 12 1 10 12 1 9 12 1 10 100 12 1 1 1 100 10 12 1 100 1 5 0 10 100 12 1 1 100 1 10 12 1 1 10 12 1 10 12 1 100 1 10 12 1 10 100 1 100 1 10 10 12 1 10 100 1 10 12 1 10 100 1 10 12 1 10 100 1 10 12 1 1 100 1 10 12 1 10 10 12 1 100 1 10 12 1 10 10 12 1 100 1 10 12 1 10 100 1 10 12 1 10 100 1 10 12 1 10 100 1 10 12 1 10 100 1 10 12 1 10 100 1 10 12 1 10 100 1 10 12 1 10 100 1 10 12 1 10 100 1 10 10 100 1 10 10 100 1 10 10 100 1 10 12 1 10 100 1 10 12 1 10 100 1 10 12 1 10 100 1 10 12 1 10 100 1 10 12 1 10 100 1 10 10 100 1 10 10 100 1 10 10 100 1 10 12 1 10 100 1 10 12 1 10 100 1 10 12 1 10 100 1 10 12 1 10 100 1 10 12 1 10 10 12 1 10 7 12 1 1 1 10 12 1 7 1 7 1 10 12 1 9 12 1 1 9 12 1 1 10 12 1 1 8 10 12 1 1 8 8 8 8 7 10 12 1 1 10 12 1 100 1 8 1 10 7 1 100 1 100 1 1 1 5 0 1 1 3 1 3 1 1 1 1 3 1 3 1 3 1 1 1 1 1 3 1 3 1 3 1 1 1 1 1 1 1 1 1 1 1 1 1 1 1 1 1 1 1 1 1 1 1 1 1 100 1 1 1 1 1 1 1 1 1 1 1 1 1 1 1 1 1 1 1 1 1 1 1 1 1 1 1 1 1 1 1 1 1 1 1 1 1 1 1 1 1 1 1 1 1 1 1 1 1 1 1 1 1 1 1 1 1 1 1 1 1 1 1 1 1 1 1 1 1 1 1 1 1 1 1 1 1 1 1 1 1 1 1 1 100 1 1 1 1 1 1 1 1 1 1 1 100 1 1 1 1 1 1 1 1 1 1 1 1 1 1 1 1 1 1 1 1 1 1 1 1 1 1 1 1 1 1 1 1 1 1 1 1 1 1 1 1 1 1 1 1 1 1 1 1 1 1 1 1 1 1 1 1 1 1 1 1 1 1 1 1 1 1 1 1 1 1 1 1 1 1 1 1 1 1 1 1 1 1 1 1 1 1 1 1 1 1 1 1 1 1 1 1 1 1 1 1 1 1 1 1 1 1 1 1 1 1 1 1 1 1 1 1 1 1 1 1 1 1 1 1 1 1 1 1 1 1 1 1 1 1 1 1 1 1 1 1 1 1 1 1 1 1 1 1 1 1 1 1 1 1 1 1 1 1 1 1 1 1 1 1 1 1 1 1 1 1 1 1 1 1 1 1 1 1 1 1 1 1 1 1 1 1 1 1 1 1 1 1 1 1 1 1 1 1 1 1 1 1 1 1 1 1 1 1 1 1 1 1 1 1 1 1 1 1 1 1 1 1 1 100 1 100 1 100 1 100 1 100 1 100 1 100 1 100 1 100 1 1 1 1 1 1 1 1 1 1 1 1 1 1 1 1 1 1 1 1 1 1 1 1 1 1 1 1 1 1 1 1 1 1 1 1 1 1 1 1 1 1 1 1 1 1 1 1 1 1 1 1 1 1 1 1 1 1
staticfield java/util/concurrent/ConcurrentHashMap NCPU I 13
staticfield java/util/concurrent/ConcurrentHashMap serialPersistentFields [Ljava/io/ObjectStreamField; 3 [Ljava/io/ObjectStreamField;
staticfield java/util/concurrent/ConcurrentHashMap U Ljdk/internal/misc/Unsafe; jdk/internal/misc/Unsafe
staticfield java/util/concurrent/ConcurrentHashMap SIZECTL J 20
staticfield java/util/concurrent/ConcurrentHashMap TRANSFERINDEX J 32
staticfield java/util/concurrent/ConcurrentHashMap BASECOUNT J 24
staticfield java/util/concurrent/ConcurrentHashMap CELLSBUSY J 36
staticfield java/util/concurrent/ConcurrentHashMap CELLVALUE J 144
staticfield java/util/concurrent/ConcurrentHashMap ABASE I 16
staticfield java/util/concurrent/ConcurrentHashMap ASHIFT I 2
ciInstanceKlass java/lang/String 1 1 1396 10 7 12 1 1 1 8 1 9 7 12 1 1 1 9 12 1 1 9 12 1 1 10 12 1 10 12 1 1 10 12 1 1 9 12 1 1 10 7 12 1 1 1 10 7 1 10 7 12 1 1 1 10 12 1 1 10 12 1 1 10 12 1 10 12 1 1 10 12 1 10 7 12 1 1 1 9 7 12 1 1 1 10 7 12 1 1 1 10 12 1 1 10 12 1 1 10 12 1 1 10 12 1 1 10 12 1 1 9 7 12 1 1 10 12 9 7 12 1 1 3 10 7 12 1 1 1 7 1 11 12 1 1 11 12 1 11 12 1 1 10 100 12 1 1 1 10 12 1 1 9 100 12 1 1 1 10 12 1 1 10 12 1 11 12 1 1 10 12 1 1 10 12 10 12 1 1 10 100 12 1 1 1 10 7 12 1 1 1 10 12 1 1 100 1 100 1 10 12 1 10 12 1 10 12 1 1 100 1 10 12 1 1 100 1 10 12 1 1 10 12 1 1 10 10 12 1 100 1 100 1 7 1 10 12 1 10 12 1 1 10 12 1 1 10 12 1 10 12 1 1 10 12 1 1 10 100 12 1 1 100 1 11 11 12 1 11 12 1 10 12 1 1 10 12 1 10 12 10 12 1 1 10 10 100 12 1 1 1 10 100 12 1 1 10 12 1 1 10 100 12 1 1 10 12 1 10 12 1 1 10 12 1 1 10 12 1 10 12 1 10 12 1 1 100 1 10 12 1 1 10 12 10 12 1 10 12 1 1 10 100 12 1 1 1 10 12 1 10 12 1 1 10 12 1 10 12 1 3 3 10 12 1 10 12 1 1 10 12 1 1 10 12 1 1 10 12 1 10 12 1 1 10 12 1 1 10 12 1 10 12 1 10 12 1 10 12 1 1 10 12 1 10 12 1 10 12 1 10 12 1 10 12 1 10 12 1 10 100 1 10 8 1 10 12 1 1 10 12 1 8 1 10 12 1 1 10 12 10 12 1 8 1 10 10 12 1 1 10 12 1 1 10 12 1 10 12 1 1 10 12 10 100 1 10 10 12 1 10 12 1 10 12 1 10 10 12 1 10 12 1 1 10 12 1 100 1 10 10 12 1 100 1 10 10 12 1 10 12 1 1 10 12 1 10 12 1 1 10 10 12 1 1 10 100 1 10 10 12 1 10 12 1 1 10 12 1 1 10 100 1 10 12 1 10 12 1 10 12 1 10 12 1 1 10 12 1 11 7 1 11 12 10 12 1 10 12 1 1 10 12 1 1 10 10 12 1 10 12 1 9 12 1 1 11 7 12 1 1 1 10 10 12 1 10 12 1 1 10 10 12 1 10 12 1 10 12 1 1 9 12 1 10 12 1 1 10 10 12 1 1 10 12 10 10 12 1 10 12 10 10 12 10 10 12 1 10 12 1 10 12 10 10 12 10 12 1 10 12 10 12 10 10 12 1 10 12 1 1 10 12 1 10 10 12 1 10 7 12 1 1 1 10 12 1 1 10 10 7 12 1 1 1 11 10 12 1 10 12 1 1 10 12 1 1 10 7 12 1 1 1 10 12 1 10 10 12 1 10 12 1 10 12 1 10 100 12 1 1 10 12 1 100 1 100 1 8 1 10 10 10 12 1 8 1 10 12 1 3 3 7 1 10 10 12 1 10 12 1 10 12 1 1 10 12 1 1 11 7 12 1 1 1 7 1 10 12 1 1 10 12 1 10 12 1 1 10 12 1 1 8 1 10 12 1 1 10 12 1 11 100 12 1 1 1 11 100 12 1 1 11 12 1 1 10 12 1 10 12 1 1 10 10 7 12 1 1 1 10 12 1 10 12 1 10 10 12 10 12 1 1 10 10 12 1 10 10 12 1 10 10 12 1 10 10 12 1 10 12 1 1 10 10 12 1 8 1 10 12 1 1 18 12 1 1 11 100 12 1 1 1 7 1 3 18 12 1 18 12 1 8 1 10 100 12 1 1 1 11 12 1 1 10 12 10 10 12 1 10 11 12 1 1 10 12 1 1 11 12 1 18 3 11 10 12 1 11 11 10 12 1 10 12 1 1 8 1 10 12 1 10 12 1 10 12 1 1 10 10 12 1 11 100 12 1 7 1 100 1 10 12 1 7 1 10 10 7 12 1 1 1 100 1 10 7 1 10 10 12 1 10 10 12 1 8 1 10 10 12 1 8 1 8 1 10 12 1 10 12 1 10 10 12 10 100 12 1 1 10 100 12 1 1 10 100 12 1 1 8 1 10 12 1 10 12 1 1 10 10 12 8 1 8 1 10 8 1 8 1 8 1 8 1 10 12 1 10 12 1 8 1 10 100 12 1 1 1 10 12 10 12 1 1 10 12 10 10 12 10 12 7 1 9 12 1 1 7 1 10 100 1 100 1 100 1 100 1 1 1 1 1 1 5 0 1 1 1 1 1 3 1 3 1 1 1 1 1 1 1 1 1 1 1 1 1 1 1 100 1 1 1 100 1 1 1 1 1 1 1 1 1 1 1 1 1 1 1 1 1 1 1 1 1 1 1 1 1 1 1 100 1 1 1 1 1 1 1 1 1 100 1 1 1 1 1 1 1 1 1 1 1 1 1 1 1 1 1 1 1 1 1 1 1 1 1 1 1 1 1 1 1 1 1 1 1 1 1 1 1 1 1 1 1 1 1 1 1 1 1 1 1 1 1 1 1 1 1 1 1 1 1 1 1 1 1 1 1 1 1 1 1 1 1 1 1 1 1 1 1 1 1 1 1 1 1 1 1 1 1 1 1 1 1 1 1 1 1 1 1 1 1 1 1 1 1 1 1 1 1 1 1 1 1 1 1 1 1 1 1 1 1 1 1 1 1 1 1 1 1 1 1 1 1 1 1 1 1 1 1 1 1 1 1 1 1 1 1 1 1 1 1 1 1 1 1 1 1 1 1 1 1 1 1 1 1 1 1 1 1 100 1 1 1 1 1 1 1 1 1 1 1 1 1 1 1 1 1 1 1 1 1 1 1 1 100 1 1 1 1 1 1 1 1 1 1 1 1 1 7 1 1 1 1 1 1 1 1 1 1 1 1 1 1 1 15 10 100 12 1 1 1 16 15 10 12 16 15 10 12 15 10 12 15 10 12 1 1 1 1 100 1 100 1 1 1
staticfield java/lang/String COMPACT_STRINGS Z 1
staticfield java/lang/String serialPersistentFields [Ljava/io/ObjectStreamField; 0 [Ljava/io/ObjectStreamField;
staticfield java/lang/String CASE_INSENSITIVE_ORDER Ljava/util/Comparator; java/lang/String$CaseInsensitiveComparator
ciInstanceKlass java/security/ProtectionDomain 1 1 324 10 7 12 1 1 1 9 7 12 1 1 1 7 1 10 9 12 1 1 9 12 1 1 9 12 1 1 10 7 12 1 1 7 1 9 12 1 9 12 1 1 7 1 9 12 1 1 9 12 1 10 100 12 1 1 10 100 12 1 1 1 10 12 1 1 10 12 1 9 12 1 9 100 12 1 1 10 12 1 1 10 100 1 10 12 1 1 8 1 100 1 8 1 10 12 1 10 10 100 12 1 1 1 10 12 1 1 8 1 11 8 1 10 12 1 8 1 8 1 10 12 1 1 10 12 1 10 12 1 1 10 12 1 8 1 10 12 1 8 1 8 1 10 100 12 1 1 1 9 100 12 1 1 1 10 12 1 1 9 100 12 1 1 1 10 100 12 1 1 1 100 1 100 1 10 12 1 10 100 12 1 1 1 10 100 1 10 12 1 10 12 1 1 11 100 12 1 1 11 12 1 100 1 11 100 12 1 1 1 10 12 1 10 11 12 1 1 11 12 1 1 10 12 1 10 7 12 1 1 10 100 12 1 1 11 12 1 10 12 8 1 8 1 10 7 12 1 1 1 7 1 10 10 7 12 1 1 1 1 1 1 1 1 1 1 100 1 1 100 1 1 1 1 1 1 1 1 1 1 1 1 1 1 1 1 1 1 1 1 1 1 1 1 1 1 1 1 1 1 1 1 1 1 1 1 1 1 1 1 1 1 100 1 1 1 1 1 100 1 1 1 1 1
staticfield java/security/ProtectionDomain filePermCompatInPD Z 0
ciInstanceKlass java/security/CodeSource 1 1 395 10 7 12 1 1 1 9 7 12 1 1 1 9 12 1 1 9 12 1 1 9 12 1 1 10 7 12 1 1 1 9 12 1 1 10 7 12 1 1 10 7 10 100 12 1 1 1 10 100 12 1 1 1 10 12 1 1 7 1 10 10 7 12 1 1 1 10 7 12 1 1 1 10 12 1 1 10 12 1 100 1 10 12 1 1 10 12 1 1 10 12 1 1 10 12 1 10 10 10 12 1 1 10 100 12 1 1 1 10 12 1 10 12 1 10 12 1 8 1 10 12 1 10 12 1 10 12 1 1 10 12 1 8 1 10 12 1 1 10 100 1 10 10 12 1 1 8 1 10 12 1 10 12 1 10 12 1 8 1 8 1 9 12 1 1 100 1 8 1 10 12 1 10 12 1 1 8 1 10 12 1 8 1 8 1 8 1 10 100 12 1 1 10 12 1 1 10 12 1 10 12 1 1 10 12 1 1 10 12 1 1 100 1 100 1 10 12 1 10 12 10 12 1 1 10 100 12 1 1 10 12 1 100 1 10 12 10 8 1 10 12 1 10 12 1 10 12 1 1 100 1 10 12 1 1 100 1 100 1 8 1 8 1 10 10 12 1 1 10 100 12 1 1 1 100 1 10 12 10 12 1 1 11 100 12 1 1 10 10 12 1 11 10 12 1 8 1 100 1 10 12 1 10 12 1 1 10 12 1 11 12 1 1 11 100 1 1 1 1 5 0 1 1 1 1 1 1 1 1 1 1 1 1 1 1 1 1 1 1 1 1 1 1 1 1 1 1 1 1 1 1 1 1 1 1 1 1 1 1 1 1 1 1 1 1 1 1 1 1 1 1 1 1 1 1 1 1 1 1 1 1 1 1 1 1 1 100 1 1 1 1 1 1 1
ciInstanceKlass java/lang/StringBuilder 1 1 409 10 7 12 1 1 1 10 12 1 10 12 1 10 12 1 1 10 7 12 1 1 1 10 7 12 1 1 1 10 12 1 10 12 1 10 12 1 10 12 1 10 12 1 10 12 1 10 12 1 10 12 1 10 12 1 10 12 1 10 12 1 10 12 1 10 12 1 10 12 1 1 10 12 1 10 12 1 1 10 12 1 1 10 12 1 10 12 1 10 12 1 10 12 1 10 12 1 10 12 1 10 12 1 10 12 10 12 1 10 12 1 10 12 1 10 12 1 1 10 12 1 10 12 1 10 12 10 12 1 1 10 12 1 1 9 12 1 1 9 12 1 1 10 7 12 1 1 1 10 100 1 10 100 12 1 1 1 10 12 1 10 12 1 1 10 12 1 1 10 10 12 1 1 10 100 12 1 1 10 12 1 10 12 1 1 100 1 100 1 8 1 10 10 12 1 1 10 12 1 1 10 12 1 10 12 1 10 12 1 10 12 1 10 12 1 10 12 1 10 12 1 10 12 1 10 12 1 10 12 1 10 12 1 10 12 1 10 12 1 10 12 1 10 12 1 1 10 12 1 1 10 12 1 10 12 1 10 12 1 10 12 10 12 10 12 1 10 12 1 10 12 1 10 12 10 12 1 10 12 1 10 12 1 10 12 1 10 12 1 10 12 1 10 12 1 10 12 1 10 12 1 1 10 12 1 10 12 1 1 10 12 1 10 12 1 1 10 12 1 10 12 1 1 10 12 1 10 12 1 10 12 1 10 10 12 1 10 12 1 100 1 100 1 100 1 1 1 1 5 0 1 1 1 1 1 1 1 1 1 1 1 1 1 1 1 1 1 1 1 1 1 1 1 1 1 1 1 1 1 1 1 1 1 1 1 1 1 1 1 1 1 1 1 7 1 1 1 100 1 1 1 1 1 1 1 1 1 1
ciInstanceKlass jdk/internal/loader/ClassLoaders 1 1 183 10 100 12 1 1 1 10 7 12 1 1 1 10 12 1 1 10 100 12 1 1 1 9 7 12 1 1 1 9 12 1 1 9 12 1 1 7 1 11 100 12 1 1 1 100 1 11 12 1 1 11 12 1 1 10 100 12 1 1 1 10 100 12 1 1 1 100 1 100 1 10 7 12 1 1 1 9 12 1 1 10 12 1 1 7 1 10 12 1 1 10 12 1 7 1 8 1 10 7 12 1 1 1 10 12 1 1 7 1 10 12 1 10 12 1 10 12 1 8 1 10 7 12 1 1 8 1 8 1 10 12 1 7 1 10 12 1 10 12 1 10 12 1 1 1 1 1 1 1 1 1 1 1 1 1 1 1 1 1 1 1 1 100 1 1 1 1 1 1 1 1 1 1 1 1 1 1 1 1 1 1 1
staticfield jdk/internal/loader/ClassLoaders JLA Ljdk/internal/access/JavaLangAccess; java/lang/System$2
staticfield jdk/internal/loader/ClassLoaders BOOT_LOADER Ljdk/internal/loader/ClassLoaders$BootClassLoader; jdk/internal/loader/ClassLoaders$BootClassLoader
staticfield jdk/internal/loader/ClassLoaders PLATFORM_LOADER Ljdk/internal/loader/ClassLoaders$PlatformClassLoader; jdk/internal/loader/ClassLoaders$PlatformClassLoader
staticfield jdk/internal/loader/ClassLoaders APP_LOADER Ljdk/internal/loader/ClassLoaders$AppClassLoader; jdk/internal/loader/ClassLoaders$AppClassLoader
ciInstanceKlass jdk/internal/misc/Unsafe 1 1 1285 10 7 12 1 1 1 9 7 12 1 1 1 9 12 1 1 10 12 1 1 10 7 12 1 1 1 10 12 1 1 10 12 1 1 10 12 1 1 10 12 1 1 10 12 1 1 10 12 1 1 10 12 1 1 10 12 1 1 10 12 1 1 10 12 1 1 10 12 1 1 10 12 1 1 10 12 1 1 10 12 1 10 12 1 100 1 10 10 12 1 1 10 12 1 1 5 0 10 12 1 1 10 12 1 1 10 7 12 1 1 1 10 12 1 1 10 12 1 10 12 1 10 12 1 1 10 12 1 1 10 12 1 10 12 1 100 1 100 1 10 8 1 10 12 1 1 10 12 1 8 1 10 12 1 1 10 12 1 10 12 1 10 12 1 1 10 12 1 10 12 1 1 10 12 1 1 10 12 1 10 12 1 10 12 1 10 12 1 1 10 12 1 10 12 1 10 12 1 1 10 12 1 5 0 5 0 5 0 10 12 1 10 12 1 10 12 1 10 12 1 10 12 1 10 12 1 10 12 1 10 12 1 10 12 1 1 10 12 1 10 12 1 100 1 8 1 10 100 1 10 10 12 1 1 10 12 1 1 10 12 1 10 12 1 1 10 12 1 1 10 12 1 10 12 1 1 10 12 1 9 7 12 1 1 9 12 1 100 1 10 10 12 1 1 8 1 10 8 1 8 1 10 12 1 1 9 7 12 1 1 1 9 100 1 9 7 1 9 7 1 9 9 100 1 9 100 1 9 100 1 10 12 1 1 10 12 1 1 10 12 1 1 10 12 1 1 5 0 5 0 9 12 1 1 10 12 1 10 12 1 10 12 1 1 10 12 1 1 10 12 1 8 1 3 10 12 1 1 10 12 1 1 10 12 1 10 12 1 1 10 12 1 1 10 12 1 10 12 1 10 12 1 10 12 1 10 12 1 10 12 1 1 10 12 1 1 10 12 1 10 12 1 10 12 1 10 12 1 10 12 1 10 12 1 1 10 12 1 1 10 12 1 10 12 1 10 12 1 10 12 1 10 12 1 10 12 1 1 10 12 1 1 10 12 1 1 10 12 1 1 10 12 1 10 12 1 10 12 1 10 12 1 10 12 1 10 12 1 10 12 1 1 10 12 1 1 10 12 1 10 12 1 10 12 1 10 12 1 10 12 1 10 12 1 10 12 1 1 10 12 1 1 10 12 1 10 12 1 10 12 1 10 12 1 10 12 1 10 12 1 10 12 1 10 12 1 1 10 12 1 10 12 1 10 12 1 10 12 1 10 12 1 1 10 12 1 10 12 1 10 12 1 10 12 1 10 12 1 10 12 1 10 12 1 10 12 1 1 10 12 1 10 12 1 10 12 1 10 12 1 10 12 1 10 12 1 1 10 12 1 10 12 1 10 12 1 1 10 12 1 10 12 1 10 12 1 10 12 1 10 12 1 10 12 1 10 12 1 10 12 1 10 12 1 10 12 1 10 12 1 10 12 1 10 12 1 10 12 1 10 12 1 10 12 1 10 12 1 10 12 1 10 12 1 10 12 1 10 12 1 10 12 1 100 1 10 100 1 10 9 12 1 5 0 10 12 1 1 5 0 10 12 1 5 0 10 12 1 10 12 1 10 12 1 1 10 12 1 1 10 12 1 10 12 1 10 12 1 10 12 1 1 10 12 1 10 12 1 10 12 1 10 12 1 10 12 1 1 10 12 1 10 12 1 10 12 1 10 12 1 1 10 12 1 10 12 1 10 12 1 1 10 12 1 10 12 1 10 12 1 10 12 1 1 10 12 1 10 10 12 1 1 10 12 1 10 12 1 1 10 12 1 10 12 5 0 5 0 5 0 10 12 1 1 10 12 1 10 12 1 10 12 10 100 12 1 1 8 1 100 1 11 12 1 1 8 1 11 12 1 1 10 100 12 1 1 10 12 1 10 12 1 10 12 1 10 12 1 10 12 1 1 10 12 1 10 12 1 10 12 1 10 12 1 10 12 1 10 12 1 10 7 1 10 12 1 9 12 1 7 1 9 12 1 7 1 9 12 1 7 1 9 12 1 7 1 9 12 1 7 1 9 12 1 7 1 9 12 1 7 1 9 12 1 7 1 9 12 1 10 12 1 9 12 1 9 12 1 9 12 1 9 12 1 9 12 1 9 12 1 9 12 1 9 12 1 9 12 1 9 12 1 1 1 3 1 1 1 1 1 1 1 1 1 1 1 1 1 1 1 1 1 1 1 1 1 1 1 1 1 1 1 1 1 1 1 1 1 1 1 1 1 1 1 1 1 1 1 1 1 1 1 1 1 1 1 1 1 1 1 1 1 1 1 1 1 1 1 1 1 1 1 1 1 1 1 1 1 1 1 1 1 1 1 1 1 1 1 1 1 1 1 1 1 100 1 1 1 1 1 1 1 1 1 1 1 1 1 1 1 1 1 1 1 1 1 1 1 1 1 1 1 1 1 1 1 1 1 1 1 1 1 1 1 1 1 1 1 1 1 1 1 1 1 1 1 1 1 1 1 1 1 1 1 1 1 1 1 1 1 1 1 1 1 1 1 1 1 1 1 1 1 1 1 1 1 1 1 1 1 1 1 1 1 1 1 1 1 1 1 1 1 1 1 1 1 1 1 1 1 1 1 1 1 1 1 1 1 1 1 1 1 1 1 1 1 1 1 1 1 1 1 1 1 1 1 1 1 1 1 1 1 1 1 1 1 1 1 1 1 1 1 1 1 1 1 1 1 1 1 1 1 1 1 1 1 1 1 1 1 1 1 1 1 1 1 1 1 1 1 1 1 1 1 1 1 1 1 1 1 1 1 1 1 1 1 1 1 1 1 1 1 1 1 1 1 1 1 1 1 1 1 3 1 1 1 1 1 1 1 1 1 1 1 1 1 1 1 1 1 1 1 1 1
staticfield jdk/internal/misc/Unsafe theUnsafe Ljdk/internal/misc/Unsafe; jdk/internal/misc/Unsafe
staticfield jdk/internal/misc/Unsafe ARRAY_BOOLEAN_BASE_OFFSET I 16
staticfield jdk/internal/misc/Unsafe ARRAY_BYTE_BASE_OFFSET I 16
staticfield jdk/internal/misc/Unsafe ARRAY_SHORT_BASE_OFFSET I 16
staticfield jdk/internal/misc/Unsafe ARRAY_CHAR_BASE_OFFSET I 16
staticfield jdk/internal/misc/Unsafe ARRAY_INT_BASE_OFFSET I 16
staticfield jdk/internal/misc/Unsafe ARRAY_LONG_BASE_OFFSET I 16
staticfield jdk/internal/misc/Unsafe ARRAY_FLOAT_BASE_OFFSET I 16
staticfield jdk/internal/misc/Unsafe ARRAY_DOUBLE_BASE_OFFSET I 16
staticfield jdk/internal/misc/Unsafe ARRAY_OBJECT_BASE_OFFSET I 16
staticfield jdk/internal/misc/Unsafe ARRAY_BOOLEAN_INDEX_SCALE I 1
staticfield jdk/internal/misc/Unsafe ARRAY_BYTE_INDEX_SCALE I 1
staticfield jdk/internal/misc/Unsafe ARRAY_SHORT_INDEX_SCALE I 2
staticfield jdk/internal/misc/Unsafe ARRAY_CHAR_INDEX_SCALE I 2
staticfield jdk/internal/misc/Unsafe ARRAY_INT_INDEX_SCALE I 4
staticfield jdk/internal/misc/Unsafe ARRAY_LONG_INDEX_SCALE I 8
staticfield jdk/internal/misc/Unsafe ARRAY_FLOAT_INDEX_SCALE I 4
staticfield jdk/internal/misc/Unsafe ARRAY_DOUBLE_INDEX_SCALE I 8
staticfield jdk/internal/misc/Unsafe ARRAY_OBJECT_INDEX_SCALE I 4
staticfield jdk/internal/misc/Unsafe ADDRESS_SIZE I 8
ciInstanceKlass java/util/Map 1 1 259 11 7 12 1 1 1 11 12 1 1 10 7 12 1 1 11 12 1 1 11 7 12 1 1 1 11 100 12 1 1 1 11 12 1 1 7 1 11 12 1 11 12 1 100 1 100 1 10 12 1 1 11 100 12 1 1 1 11 100 12 1 1 1 11 12 1 11 12 1 10 12 1 1 11 12 1 11 7 12 1 9 7 12 1 1 1 100 1 10 12 7 1 7 1 10 12 1 7 1 10 7 1 11 12 1 1 7 1 11 12 1 1 1 1 1 1 1 1 1 1 1 1 1 1 1 1 1 1 1 1 1 1 1 1 1 1 1 1 1 1 1 1 1 1 1 1 1 1 1 1 1 1 1 1 1 1 1 1 1 1 1 1 1 1 1 1 1 1 1 1 1 1 1 1 1 1 1 1 1 1 1 1 1 1 1 1 1 1 1 1 1 1 1 1 1 1 1 1 1 1 1 1 1 1 1 1 1 1 1 1 1 1 1 1 1 1 1 1 1 1 1 1 1 1 1 1 1 1 1 1 1 1 1 1 1 1 1 1 1 100 1 1 1 1 1 1 1 1 1 1 1 1 1 1 1 1 1 1
ciInstanceKlass java/lang/ThreadGroup 1 1 293 10 7 12 1 1 1 9 7 12 1 1 1 8 1 9 12 1 1 7 1 9 12 1 9 12 1 1 10 12 1 1 10 12 1 1 10 12 1 10 12 1 1 10 12 1 9 12 1 1 10 12 1 1 10 12 1 9 12 1 10 100 12 1 1 1 9 12 1 9 12 1 1 10 7 12 1 1 1 100 10 12 1 1 10 7 12 1 1 1 10 100 12 1 9 12 1 10 12 1 1 10 12 1 1 9 12 1 1 10 12 1 1 10 12 1 10 12 1 10 12 1 1 10 12 1 1 10 12 1 10 12 1 10 10 12 1 10 12 1 10 100 1 10 10 12 1 10 12 1 10 12 1 7 10 12 1 9 12 1 1 10 12 1 1 8 1 10 100 12 1 1 1 10 12 1 1 10 12 1 1 10 12 1 1 11 100 1 100 1 9 12 1 100 1 10 8 1 10 12 1 1 10 12 1 1 8 1 10 12 1 10 100 12 1 1 1 10 12 1 1 10 100 1 8 1 10 8 1 10 12 1 8 1 1 1 1 1 1 1 1 1 1 1 1 1 1 1 1 1 3 1 1 1 1 1 1 1 1 1 1 1 1 1 1 1 1 1 1 1 1 1 1 1 1 1 1 1 1 1 1 1 1 1 1 1 1 1 1 1 1 1 1
instanceKlass java/security/Provider
ciInstanceKlass java/util/Properties 1 1 651 10 7 12 1 1 1 100 1 10 7 12 1 1 7 1 10 12 1 9 12 1 1 9 12 1 1 9 12 1 1 10 7 12 1 1 1 10 12 1 1 8 1 10 7 12 1 1 1 7 1 10 12 1 10 12 1 1 8 1 10 12 1 7 1 10 12 10 12 1 1 9 12 1 1 10 12 1 1 7 1 10 12 1 10 12 1 10 12 1 1 100 1 8 1 10 12 1 10 12 1 10 12 1 1 10 12 1 100 1 3 10 10 100 12 1 1 1 10 12 1 10 12 1 1 8 1 10 12 1 10 12 1 1 8 1 10 100 12 1 1 10 12 1 1 10 12 1 10 12 1 1 100 1 10 12 1 10 12 1 1 100 1 9 100 12 1 1 1 10 12 1 10 12 1 1 100 1 10 10 10 12 1 1 11 7 12 1 1 1 11 7 12 1 1 1 11 12 1 1 7 1 11 12 1 11 12 1 10 12 1 1 8 1 10 12 1 10 12 1 100 1 10 10 12 1 1 10 100 12 1 1 9 100 12 1 1 10 12 1 1 10 100 12 1 1 1 100 1 100 1 100 1 10 8 1 8 1 10 12 1 10 12 1 10 12 1 1 10 10 12 1 1 10 12 1 1 7 1 10 10 12 1 11 7 12 1 1 10 7 12 1 1 1 8 1 10 100 12 1 1 11 8 1 10 100 1 11 10 12 1 10 12 1 10 12 1 10 12 1 1 10 12 1 1 10 12 1 1 10 12 1 10 12 1 10 10 12 1 10 12 1 10 12 1 10 10 12 1 1 10 12 1 1 7 1 10 10 12 1 10 12 1 10 12 1 10 12 1 10 12 1 1 10 12 1 1 10 12 1 10 12 1 10 12 1 1 10 12 10 12 1 1 10 12 1 1 10 12 1 10 12 1 1 10 12 1 1 10 12 100 1 10 11 100 12 1 1 4 11 10 12 1 1 10 100 12 1 1 11 12 1 10 12 1 1 10 100 12 1 1 10 12 1 100 1 8 1 10 12 1 10 10 100 12 1 1 1 100 1 6 0 10 12 1 1 11 100 12 1 1 1 10 12 1 10 12 1 1 1 1 1 5 0 1 1 1 1 1 1 1 1 1 1 1 1 1 1 1 1 1 1 1 1 1 1 1 1 1 1 1 1 1 1 1 1 1 1 1 1 1 1 1 1 100 1 1 1 1 1 1 1 1 1 1 1 1 1 1 1 1 1 1 1 1 100 1 1 1 1 1 1 1 100 1 100 1 1 1 1 100 1 1 1 1 1 1 1 1 1 1 1 1 1 1 1 1 1 1 1 1 1 1 1 1 1 1 1 1 1 1 1 1 1 1 1 1 1 1 1 1 1 1 1 1 1 1 1 1 1 1 1 1 1 1 1 1 1 1 1 1 1 1 1 1 1 1 1 1 1 1 1 1 1 1 1 1 100 1 1 1 1 1 1 1 1 1 100 1 1 1
staticfield java/util/Properties UNSAFE Ljdk/internal/misc/Unsafe; jdk/internal/misc/Unsafe
instanceKlass java/util/Hashtable
ciInstanceKlass java/util/Dictionary 1 1 36 10 7 12 1 1 1 100 1 1 1 1 1 1 1 1 1 1 1 1 1 1 1 1 1 1 1 1 1 1 1 1 1 1 1 1
instanceKlass java/util/Properties
ciInstanceKlass java/util/Hashtable 1 1 512 100 1 10 7 12 1 1 1 9 7 12 1 1 1 100 1 100 1 10 8 1 10 12 1 1 10 12 1 10 12 1 1 10 12 1 10 7 12 1 1 1 8 1 10 12 1 9 12 1 1 7 1 9 12 1 1 4 10 7 12 1 1 1 9 12 1 4 10 12 1 11 100 12 1 1 1 10 12 1 1 10 12 1 1 9 12 1 10 12 1 1 100 1 10 9 12 1 1 10 7 12 1 1 1 9 12 1 1 10 12 1 10 12 1 3 9 12 1 9 12 1 3 10 12 1 10 12 1 10 12 1 1 11 12 1 1 11 100 12 1 1 1 11 100 12 1 1 1 11 12 1 100 1 11 12 1 11 12 1 10 12 1 1 10 12 1 1 10 12 1 9 12 1 1 9 12 9 12 1 1 10 100 1 100 1 10 12 1 10 8 1 10 10 12 1 8 1 10 8 1 10 100 12 1 1 1 7 1 10 12 1 10 12 1 100 1 10 12 1 10 12 1 1 100 1 10 100 1 10 10 12 1 1 11 12 1 1 11 12 1 100 1 10 10 10 100 12 1 1 11 100 12 1 1 1 100 1 10 11 100 12 1 1 11 100 12 1 10 12 1 10 12 1 1 10 100 12 1 1 10 12 1 1 10 12 1 1 10 12 1 1 10 100 12 1 1 1 8 10 100 12 1 1 100 1 8 1 10 4 10 12 4 10 12 1 8 1 10 12 10 100 12 1 1 1 100 1 11 100 12 1 1 1 10 100 12 1 1 1 10 12 1 10 12 1 1 10 100 1 100 1 1 1 1 1 1 5 0 1 1 1 1 1 3 1 3 1 3 1 1 1 1 1 1 1 1 1 1 1 1 1 1 1 1 1 1 1 1 1 1 1 1 1 100 1 1 1 1 1 1 1 1 1 1 1 1 1 1 1 1 1 1 1 1 1 1 1 1 1 1 1 1 1 100 1 1 1 1 1 1 1 1 1 1 1 1 1 1 1 1 1 1 1 1 1 1 1 1 1 1 1 1 1 1 1 1 1 1 1 1 1 1 1 1 1 1 1 1 1 1 1 1 1 1 1 1 1 1 1 1 1 1 100 1 1 1 100 1 1 1 1 1 100 1 1 1 1 1 1 1 1 1 1 1 1 1 1 1 1 1 1
instanceKlass com/almworks/sqlite4java/SQLiteStatement$ColumnStream
instanceKlass org/robolectric/shadows/ShadowContentResolver$UnregisteredInputStream
instanceKlass android/content/res/AssetManager$AssetInputStream
instanceKlass java/util/jar/JarVerifier$VerifierStream
instanceKlass com/esotericsoftware/kryo/io/Input
instanceKlass org/gradle/internal/serialize/kryo/KryoBackedDecoder$1
instanceKlass org/gradle/internal/remote/internal/inet/SocketConnection$SocketInputStream
instanceKlass java/io/ObjectInputStream$PeekInputStream
instanceKlass java/io/ObjectInputStream$BlockDataInputStream
instanceKlass org/gradle/internal/serialize/AbstractDecoder$DecoderStream
instanceKlass java/io/ObjectInputStream
instanceKlass worker/org/gradle/internal/stream/EncodedStream$EncodedInput
instanceKlass java/util/zip/ZipFile$ZipFileInputStream
instanceKlass java/io/FilterInputStream
instanceKlass java/io/FileInputStream
instanceKlass java/io/ByteArrayInputStream
ciInstanceKlass java/io/InputStream 1 1 184 100 1 10 7 12 1 1 1 100 1 10 10 7 12 1 1 1 10 7 12 1 1 1 10 12 1 100 1 3 10 12 1 1 100 1 8 1 10 12 1 10 7 12 1 1 1 3 100 1 8 1 10 10 7 12 1 1 1 7 1 10 11 7 12 1 1 1 10 12 1 1 11 12 1 1 11 7 12 1 1 1 11 12 1 1 7 1 10 7 12 1 1 1 5 0 10 12 1 10 12 1 1 100 1 10 8 1 10 8 1 8 1 10 12 1 1 10 100 12 1 1 1 100 1 1 1 1 3 1 3 1 1 1 1 1 1 1 1 1 1 1 1 1 1 1 1 1 1 1 1 1 1 1 1 1 1 1 1 1 1 1 1 1 1 1 1 1 1 1 1 1 1 1 1 1 1 1 1 1 1 1 1 1
ciInstanceKlass java/io/ByteArrayInputStream 1 1 117 10 7 12 1 1 1 9 7 12 1 1 1 9 12 1 1 9 12 1 9 12 1 10 100 12 1 1 1 10 7 12 1 1 1 10 7 12 1 1 1 10 7 12 1 1 1 10 12 1 1 3 10 100 1 10 100 12 1 1 1 9 12 1 1 100 1 10 10 7 12 1 1 1 1 1 1 1 1 1 1 1 1 1 1 1 1 1 1 1 1 1 1 1 1 1 1 1 1 1 1 1 100 1 1 1 1 1 1 1 1 1 1 1 1 1 1
staticfield java/io/ByteArrayInputStream $assertionsDisabled Z 1
instanceKlass android/os/HandlerThread
instanceKlass kotlinx/coroutines/scheduling/CoroutineScheduler$Worker
instanceKlass android/os/Binder$1
instanceKlass android/app/Instrumentation$InstrumentationThread
instanceKlass org/robolectric/shadows/ShadowPausedLooper$1
instanceKlass org/robolectric/shadows/ShadowLog$1
instanceKlass java/util/concurrent/ForkJoinWorkerThread
instanceKlass java/util/logging/LogManager$Cleaner
instanceKlass jdk/internal/misc/InnocuousThread
instanceKlass java/lang/ref/Finalizer$FinalizerThread
instanceKlass java/lang/ref/Reference$ReferenceHandler
ciInstanceKlass java/lang/Thread 1 1 612 9 7 12 1 1 1 9 12 1 1 10 12 1 1 9 12 1 1 9 12 1 1 100 1 8 1 10 12 1 1 3 8 1 100 1 5 0 10 12 1 1 10 7 12 1 1 9 12 1 1 9 12 1 9 12 1 1 9 12 1 100 1 8 1 10 9 12 1 1 10 7 12 1 1 1 10 100 12 1 1 1 10 10 7 12 1 1 10 12 1 1 10 12 1 1 9 100 12 1 1 1 10 12 1 1 10 12 1 9 12 1 1 10 12 1 1 10 12 1 1 9 12 1 10 12 1 1 9 12 1 1 10 7 12 1 1 1 9 12 1 1 9 12 1 1 10 12 1 1 10 7 12 1 1 1 9 12 1 10 12 1 1 9 12 1 100 1 10 7 1 10 8 1 10 12 1 1 10 12 1 10 12 1 10 12 1 1 10 12 1 10 12 1 9 12 1 100 1 10 10 12 1 1 10 12 1 10 12 1 100 1 11 7 12 1 1 9 7 12 1 1 1 10 12 1 10 12 1 10 12 9 12 1 1 10 9 12 1 10 12 1 100 1 10 10 12 1 1 9 12 1 10 12 1 11 100 12 1 1 10 12 1 9 12 1 10 12 1 10 12 1 10 10 12 1 10 12 1 10 12 1 10 12 1 10 12 1 1 100 1 10 10 12 1 10 12 1 10 12 1 9 100 12 1 1 1 10 12 1 1 10 12 1 100 1 8 1 10 10 12 1 10 12 8 1 10 12 1 8 1 10 8 1 8 1 10 100 12 1 1 10 100 12 1 1 1 100 1 8 1 10 9 12 1 9 12 1 1 10 12 1 1 10 10 12 1 1 9 12 1 10 12 1 1 100 1 10 12 11 100 12 1 1 1 9 100 12 1 1 1 9 12 1 1 10 12 1 1 100 1 10 12 1 11 100 12 1 1 1 100 1 10 12 1 10 12 1 1 11 12 1 10 12 1 100 1 10 12 1 10 12 1 1 10 7 12 1 1 1 8 1 9 12 1 10 12 1 1 11 100 12 1 1 1 10 100 12 1 1 1 11 12 1 10 12 1 7 1 1 1 1 3 1 3 1 3 1 1 1 1 1 1 1 1 1 1 1 1 1 1 1 1 1 1 1 100 1 1 1 1 1 1 1 1 1 1 1 1 100 1 100 1 1 1 1 1 1 1 1 1 1 1 1 1 1 1 1 1 1 1 1 1 1 1 1 1 1 1 1 1 1 1 1 1 1 1 1 1 1 1 1 1 1 1 100 100 1 1 1 1 1 1 1 1 1 100 1 1 1 1 1 1 1 1 1 1 1 1 1 1 1 1 1 1 1 1 1 1 1 1 1 1 1 1 100 1 1 1 1 1 1 100 1 1 100 1 1 1 1 1 1
staticfield java/lang/Thread EMPTY_STACK_TRACE [Ljava/lang/StackTraceElement; 0 [Ljava/lang/StackTraceElement;
ciInstanceKlass java/lang/invoke/MethodHandleStatics 1 1 312 10 100 12 1 1 1 9 7 12 1 1 1 9 12 1 9 12 1 9 12 1 9 12 1 9 12 1 9 100 12 1 1 1 100 1 10 8 1 10 12 1 1 10 100 12 1 1 1 8 1 10 100 12 1 1 1 10 12 1 1 8 1 8 1 10 12 1 10 100 12 1 1 1 10 7 12 1 1 1 8 1 10 12 1 1 8 1 8 1 8 1 8 1 10 12 1 1 100 1 10 12 10 12 1 10 12 1 100 1 10 10 12 1 1 100 1 10 10 12 1 100 1 100 1 8 1 8 1 10 12 1 8 1 100 1 10 12 1 8 1 10 10 12 1 10 7 12 1 1 1 9 12 1 1 10 7 12 1 1 1 8 1 10 7 12 1 1 10 7 12 1 1 1 8 1 8 1 8 1 8 1 8 1 8 1 10 12 1 10 7 12 1 1 1 9 12 1 1 8 1 8 1 8 1 8 1 9 12 1 8 1 9 12 1 8 1 8 1 9 12 1 8 1 8 1 9 12 1 8 1 9 12 1 8 1 9 12 1 8 1 8 1 9 12 1 8 1 10 12 1 1 1 1 1 1 1 1 1 1 1 1 1 1 1 1 1 1 1 1 1 100 1 100 1 100 1 1 1 1 1 1 1 1 1 1 1 1 1 1 1 1 1 1 1 1 1 1 1 1 1 1 1 1 1 1 1 1 1 1 1 1
staticfield java/lang/invoke/MethodHandleStatics UNSAFE Ljdk/internal/misc/Unsafe; jdk/internal/misc/Unsafe
staticfield java/lang/invoke/MethodHandleStatics DEBUG_METHOD_HANDLE_NAMES Z 0
staticfield java/lang/invoke/MethodHandleStatics DUMP_CLASS_FILES Z 0
staticfield java/lang/invoke/MethodHandleStatics TRACE_INTERPRETER Z 0
staticfield java/lang/invoke/MethodHandleStatics TRACE_METHOD_LINKAGE Z 0
staticfield java/lang/invoke/MethodHandleStatics TRACE_RESOLVE Z 0
staticfield java/lang/invoke/MethodHandleStatics COMPILE_THRESHOLD I 0
staticfield java/lang/invoke/MethodHandleStatics LOG_LF_COMPILATION_FAILURE Z 0
staticfield java/lang/invoke/MethodHandleStatics DONT_INLINE_THRESHOLD I 30
staticfield java/lang/invoke/MethodHandleStatics PROFILE_LEVEL I 0
staticfield java/lang/invoke/MethodHandleStatics PROFILE_GWT Z 1
staticfield java/lang/invoke/MethodHandleStatics CUSTOMIZE_THRESHOLD I 127
staticfield java/lang/invoke/MethodHandleStatics VAR_HANDLE_GUARDS Z 1
staticfield java/lang/invoke/MethodHandleStatics MAX_ARITY I 255
staticfield java/lang/invoke/MethodHandleStatics VAR_HANDLE_IDENTITY_ADAPT Z 0
instanceKlass android/os/StrictMode$InstanceCountViolation
instanceKlass androidx/room/coroutines/ConnectionPool$RollbackException
instanceKlass org/junit/Test$None
instanceKlass java/lang/Exception
instanceKlass java/lang/Error
ciInstanceKlass java/lang/Throwable 1 1 393 10 7 12 1 1 1 9 7 12 1 1 1 9 12 1 1 9 12 1 9 12 1 1 9 12 1 10 12 1 1 9 12 1 1 10 12 1 1 10 12 1 100 1 100 1 10 8 1 10 12 1 1 8 1 10 100 12 1 1 10 10 12 1 100 1 8 1 10 10 12 1 1 10 7 12 1 1 10 12 1 8 1 9 100 12 1 1 1 10 12 1 1 100 1 10 12 10 12 1 100 1 10 10 7 12 1 1 1 11 100 12 1 1 1 10 100 12 1 1 1 10 12 1 1 10 12 1 1 8 1 10 12 1 10 12 1 1 8 1 8 1 10 12 1 1 10 12 1 8 1 8 1 9 12 1 1 10 100 12 1 1 100 1 10 11 12 1 8 1 8 1 10 7 12 1 1 8 1 10 12 1 8 1 100 1 10 12 1 9 12 1 1 10 12 1 10 100 12 1 9 12 1 1 10 12 1 1 100 1 8 1 10 12 1 10 100 12 1 1 10 12 1 1 100 1 10 100 12 1 1 1 10 12 1 11 100 12 1 1 1 11 100 12 1 1 1 11 12 1 8 1 10 12 1 1 8 1 10 10 9 100 12 1 1 1 8 1 10 12 1 1 10 100 1 8 1 10 11 12 1 1 8 1 9 12 1 10 100 12 1 1 11 9 12 1 1 11 12 1 1 100 10 12 1 10 12 1 1 100 1 1 1 1 5 0 1 1 1 1 1 1 1 1 1 1 1 1 1 100 1 1 1 1 1 1 1 1 1 1 1 1 1 1 1 1 1 1 1 1 1 1 1 1 1 1 1 1 1 1 1 1 1 1 1 1 1 1 1 1 1 1 100 1 100 1 1 1 1 1 1 1 1 1 1 1 1 1 1 1 1 1 1
staticfield java/lang/Throwable UNASSIGNED_STACK [Ljava/lang/StackTraceElement; 0 [Ljava/lang/StackTraceElement;
staticfield java/lang/Throwable SUPPRESSED_SENTINEL Ljava/util/List; java/util/Collections$EmptyList
staticfield java/lang/Throwable EMPTY_THROWABLE_ARRAY [Ljava/lang/Throwable; 0 [Ljava/lang/Throwable;
staticfield java/lang/Throwable $assertionsDisabled Z 1
instanceKlass org/json/JSONException
instanceKlass android/accounts/AccountsException
instanceKlass org/junit/runners/model/MultipleFailureException
instanceKlass com/almworks/sqlite4java/SQLiteException
instanceKlass android/util/Log$TerribleFailure
instanceKlass android/system/ErrnoException
instanceKlass android/content/pm/PackageParser$PackageParserException
instanceKlass android/content/OperationApplicationException
instanceKlass android/os/ZygoteStartFailedEx
instanceKlass android/util/AndroidException
instanceKlass org/xmlpull/v1/XmlPullParserException
instanceKlass sun/nio/fs/WindowsException
instanceKlass org/robolectric/android/internal/AndroidTestEnvironment$UnExecutedRunnablesException
instanceKlass java/net/URISyntaxException
instanceKlass java/util/concurrent/ExecutionException
instanceKlass org/xml/sax/SAXException
instanceKlass javax/xml/parsers/ParserConfigurationException
instanceKlass org/junit/runners/model/InitializationError
instanceKlass org/junit/runner/manipulation/NoTestsRemainException
instanceKlass java/security/PrivilegedActionException
instanceKlass sun/security/pkcs11/wrapper/PKCS11Exception
instanceKlass java/security/GeneralSecurityException
instanceKlass java/lang/CloneNotSupportedException
instanceKlass java/lang/InterruptedException
instanceKlass java/io/IOException
instanceKlass java/lang/ReflectiveOperationException
instanceKlass java/lang/RuntimeException
ciInstanceKlass java/lang/Exception 1 1 40 10 7 12 1 1 1 10 12 1 10 12 1 10 12 1 10 12 1 100 1 1 1 1 5 0 1 1 1 1 1 1 1 1 1 1 1 1 1 1
instanceKlass java/lang/InstantiationException
instanceKlass java/lang/reflect/InvocationTargetException
instanceKlass java/lang/IllegalAccessException
instanceKlass java/lang/NoSuchFieldException
instanceKlass java/lang/NoSuchMethodException
instanceKlass java/lang/ClassNotFoundException
ciInstanceKlass java/lang/ReflectiveOperationException 1 1 34 10 7 12 1 1 1 10 12 1 10 12 1 10 12 1 100 1 1 1 1 5 0 1 1 1 1 1 1 1 1 1 1 1
instanceKlass kotlin/jvm/KotlinReflectionNotSupportedError
instanceKlass kotlin/reflect/jvm/internal/KotlinReflectionInternalError
instanceKlass kotlin/NotImplementedError
instanceKlass java/lang/AssertionError
instanceKlass java/lang/VirtualMachineError
instanceKlass java/lang/LinkageError
instanceKlass java/lang/ThreadDeath
ciInstanceKlass java/lang/Error 1 1 40 10 7 12 1 1 1 10 12 1 10 12 1 10 12 1 10 12 1 100 1 1 1 1 5 0 1 1 1 1 1 1 1 1 1 1 1 1 1 1
ciInstanceKlass java/lang/ThreadDeath 0 0 21 10 100 12 1 1 1 100 1 1 1 1 5 0 1 1 1 1 1 1 1
ciInstanceKlass java/lang/ClassNotFoundException 1 1 96 7 1 10 7 12 1 1 1 10 12 1 10 12 1 1 10 100 12 1 1 1 8 1 10 100 12 1 1 1 10 7 12 1 1 10 100 12 1 1 1 10 100 12 1 1 1 10 12 1 1 7 1 10 12 1 9 12 1 1 1 1 1 5 0 1 1 1 1 1 1 1 1 1 1 1 1 1 1 1 1 1 1 100 1 1 1 1 1 1 1 1 1 1 1 1
staticfield java/lang/ClassNotFoundException serialPersistentFields [Ljava/io/ObjectStreamField; 1 [Ljava/io/ObjectStreamField;
instanceKlass java/lang/UnsatisfiedLinkError
instanceKlass java/lang/ClassFormatError
instanceKlass java/lang/IncompatibleClassChangeError
instanceKlass java/lang/BootstrapMethodError
instanceKlass java/lang/NoClassDefFoundError
ciInstanceKlass java/lang/LinkageError 1 1 31 10 7 12 1 1 1 10 12 1 10 12 1 100 1 1 1 1 5 0 1 1 1 1 1 1 1 1 1 1 1
instanceKlass jdk/internal/misc/ThreadTracker$ThreadRef
instanceKlass sun/security/pkcs/SignerInfo$AlgorithmInfo
instanceKlass jdk/net/UnixDomainPrincipal
ciInstanceKlass java/lang/Record 1 1 22 10 7 12 1 1 1 100 1 1 1 1 1 1 1 1 1 1 1 1 1 1
ciInstanceKlass java/lang/StringLatin1 1 1 380 7 1 10 100 12 1 1 1 100 1 10 12 1 10 7 12 1 1 1 10 7 12 1 1 1 10 12 1 10 7 12 1 1 1 10 12 1 1 10 7 12 1 1 1 10 12 1 1 10 12 1 1 10 10 12 1 10 12 1 1 10 9 7 12 1 1 1 10 12 1 1 10 7 12 1 1 1 10 12 10 12 1 1 10 12 1 1 10 12 1 1 10 7 12 1 1 1 10 12 1 10 12 1 1 9 12 1 1 100 1 10 10 100 12 1 1 1 10 7 12 1 1 1 10 12 1 10 12 1 100 1 100 1 8 1 10 12 1 8 1 10 12 100 1 10 10 10 7 12 1 1 1 8 1 8 1 8 1 10 12 1 1 10 100 12 1 1 10 12 1 10 12 1 1 10 12 1 1 10 12 1 1 10 12 1 10 12 10 12 10 12 1 10 12 10 10 12 1 10 12 1 10 12 1 10 100 12 1 1 1 10 100 12 1 1 1 10 12 1 1 10 12 1 1 10 10 7 12 1 1 1 1 1 1 1 1 1 1 1 1 1 1 1 1 1 1 1 1 1 1 1 1 1 1 1 1 1 1 1 1 1 1 1 1 1 1 1 1 1 1 1 1 1 1 1 1 1 1 1 1 100 1 1 1 1 1 1 1 1 1 1 1 1 1 1 1 1 1 1 1 1 1 1 1 1 1 1 1 1 1 1 1 1 1 1 1 1 1 1 1 1 1 1 1 1 100 1 1 1 1 1 1 1 1 1 1 1 1 1 1 1 1 1 1 1 1 1 100 1 1 1 1 1 1 1 1 1 1 1 1 1 1 1 1 1 1 1 1 1 1 1 1 1 1 100 1 1 1 1
staticfield java/lang/StringLatin1 $assertionsDisabled Z 1
ciInstanceKlass java/util/Arrays 1 1 988 10 7 12 1 1 1 10 100 12 1 1 1 10 7 12 1 1 1 10 12 1 10 12 1 10 12 1 10 12 1 10 12 1 10 12 1 10 100 12 1 1 1 100 1 7 1 10 8 1 10 12 1 1 10 12 1 8 1 8 1 10 12 1 1 10 12 1 100 1 10 12 1 9 100 12 1 1 1 10 7 12 1 1 100 1 10 12 1 1 10 7 12 1 1 10 7 12 1 1 1 100 1 10 12 1 10 12 1 1 7 1 9 7 12 1 1 1 10 12 1 1 10 7 12 1 1 10 12 1 10 12 1 1 10 12 1 10 12 1 1 7 1 11 12 1 1 10 12 1 10 7 12 1 1 1 10 12 10 12 1 10 12 1 10 12 10 12 1 11 100 12 1 1 1 10 7 12 1 1 1 100 1 10 12 1 10 100 1 10 12 1 10 100 1 10 12 1 10 100 1 10 12 1 10 10 12 1 1 10 12 1 10 12 1 10 12 1 10 12 1 10 12 1 10 100 12 1 1 1 10 12 1 10 100 12 1 1 1 10 12 1 10 12 1 10 7 12 1 1 1 10 12 1 10 12 1 10 12 1 10 12 1 10 12 1 10 12 1 10 12 1 10 12 1 10 12 1 10 12 1 10 12 1 10 12 1 10 12 1 10 12 1 10 12 1 10 12 1 1 10 12 1 1 10 7 12 1 1 1 10 12 1 8 1 7 1 10 12 10 12 1 10 12 1 1 10 12 1 1 9 100 12 1 1 1 100 1 10 12 1 9 100 1 100 1 10 12 1 9 100 1 100 1 10 12 1 9 100 1 100 1 10 12 1 9 100 1 100 1 10 12 1 9 100 1 100 1 10 12 1 9 100 1 10 12 1 100 1 10 12 1 10 12 1 9 12 1 100 1 10 10 12 1 1 10 12 1 10 12 1 10 12 1 10 12 1 10 12 1 10 12 1 10 12 1 10 12 1 10 12 1 8 1 8 1 10 12 1 10 12 1 8 1 10 12 1 10 12 1 10 12 1 10 100 12 1 1 1 3 10 7 1 10 10 12 1 1 11 100 12 1 1 10 12 1 1 10 12 1 10 12 1 10 12 1 10 12 1 10 12 1 10 12 1 10 12 1 10 12 1 11 12 1 8 1 10 11 12 1 11 100 12 1 1 1 11 100 12 1 1 1 11 12 1 1 18 12 1 1 11 12 1 1 11 100 12 1 1 1 18 12 1 11 100 12 1 1 1 18 12 1 11 100 12 1 1 1 18 12 1 100 1 10 7 12 1 1 1 10 12 1 10 12 1 10 12 1 10 12 1 10 12 1 10 12 1 10 12 1 10 12 1 1 10 12 1 10 7 12 1 1 10 12 1 10 12 1 10 12 1 1 10 12 1 10 12 1 10 12 1 1 10 12 1 10 12 1 10 12 1 1 10 12 1 10 12 1 10 12 1 10 12 1 10 12 10 12 1 10 12 10 12 10 12 1 10 12 10 12 1 10 12 1 10 12 1 1 1 1 3 1 3 1 1 1 1 1 1 1 1 1 1 1 1 1 1 1 1 1 1 1 1 1 1 1 1 1 1 1 1 1 1 1 1 1 1 1 1 1 1 1 1 1 1 1 1 1 1 1 1 1 1 1 1 1 1 1 1 1 1 1 1 1 1 1 1 1 1 1 1 1 1 1 1 1 1 1 1 1 1 1 1 1 1 1 1 1 1 1 1 1 1 1 1 1 1 1 1 1 1 1 1 1 1 1 1 1 1 1 1 1 1 1 1 1 1 1 1 1 1 1 1 1 1 1 1 1 1 1 1 1 1 1 1 1 1 1 1 1 1 1 1 1 1 1 1 1 1 1 1 1 1 1 1 1 1 1 1 1 1 1 1 1 1 1 1 1 1 1 1 1 1 1 1 1 1 1 1 1 1 1 1 1 1 1 1 1 1 1 1 1 1 1 1 1 1 1 1 1 1 1 1 1 1 1 1 1 1 1 1 1 1 1 1 1 1 1 1 1 1 1 1 1 1 1 1 1 1 1 1 1 1 1 1 1 1 1 1 1 1 1 1 1 1 1 1 1 1 1 1 1 1 1 1 1 1 1 1 1 1 1 1 1 100 1 1 15 10 100 12 1 1 1 16 15 10 12 15 10 12 15 10 12 15 10 12 1 1 100 1 100 1 1 1 1 100 1 1 1 1 1 1 100 1 1 100 1 1 100 1 1 1 100 1 100 1 1
staticfield java/util/Arrays $assertionsDisabled Z 1
ciMethod java/lang/StringLatin1 newString ([BII)Ljava/lang/String; 512 0 5492 0 1184
ciMethod java/lang/StringLatin1 trim ([B)Ljava/lang/String; 772 8 10660 0 416
ciInstanceKlass java/lang/StringUTF16 1 1 598 100 1 7 1 10 100 12 1 1 1 100 1 10 7 1 3 100 1 100 1 10 8 1 10 12 1 1 10 12 1 8 1 10 12 1 1 10 12 1 9 12 1 1 10 12 1 1 100 1 8 1 10 12 1 9 12 1 1 9 12 1 10 10 12 1 1 10 12 1 1 10 100 12 1 1 1 10 12 1 10 12 1 1 10 12 1 1 10 12 1 1 10 12 1 1 10 12 1 10 12 1 1 10 12 1 1 10 12 1 1 10 12 1 1 10 12 1 10 12 1 10 12 1 1 10 12 1 100 1 10 12 1 10 10 12 1 1 10 12 1 10 12 1 1 10 12 1 10 100 12 1 1 1 10 100 12 1 1 1 10 12 10 12 1 1 10 12 1 10 12 1 1 10 12 1 1 10 12 1 10 12 1 10 12 1 3 10 12 1 1 10 12 1 10 12 1 10 12 1 10 12 1 10 12 1 10 12 1 1 9 12 1 10 12 1 10 12 1 10 12 1 10 12 1 10 12 1 10 10 12 10 12 10 10 100 12 1 1 1 10 100 12 1 1 1 10 12 1 10 12 1 100 1 8 1 8 1 10 12 1 1 100 1 10 10 100 12 1 1 1 10 100 12 1 1 8 1 8 1 8 1 10 12 1 1 10 12 1 1 10 12 10 12 1 10 100 12 1 1 10 12 1 1 10 12 1 1 10 12 1 10 12 10 12 10 12 1 10 12 10 12 1 10 12 1 10 12 1 10 12 1 10 12 1 10 100 12 1 1 1 10 100 12 1 1 1 10 12 1 1 10 12 1 1 11 100 12 1 1 10 12 1 10 12 1 10 12 1 1 9 12 1 1 9 12 1 5 0 5 0 10 12 1 10 12 10 12 10 7 12 1 1 1 10 12 1 1 1 1 1 1 1 1 1 1 1 1 1 1 1 1 1 1 1 1 1 1 1 1 1 1 1 1 1 1 1 100 1 1 1 1 1 1 1 1 1 1 1 1 1 1 1 1 1 1 1 1 1 1 1 1 1 1 1 1 1 1 1 1 1 1 1 1 1 1 1 1 1 1 1 1 1 1 1 1 1 1 1 1 1 1 1 1 1 1 1 1 1 1 1 1 1 1 1 1 1 1 1 1 1 1 1 1 1 1 1 1 1 1 100 1 1 1 1 1 1 1 1 1 1 1 1 1 1 1 1 1 100 1 1 1 1 1 1 1 1 1 1 1 1 1 1 1 1 1 1 1 1 1 1 1 1 1 1 1 1 1 1 1 1 1 1 1 1 1 1 1 1 1 1 1 1 1 1 1 1 1 1 1 1 1 1 1 1 1 1 1 1 1 100 1 100 1 1 1 1 1
staticfield java/lang/StringUTF16 HI_BYTE_SHIFT I 0
staticfield java/lang/StringUTF16 LO_BYTE_SHIFT I 8
staticfield java/lang/StringUTF16 $assertionsDisabled Z 1
ciMethod java/lang/StringUTF16 trim ([B)Ljava/lang/String; 0 0 1 0 -1
ciInstanceKlass java/lang/Boolean 1 1 151 10 7 12 1 1 1 9 7 12 1 1 1 10 12 1 1 10 12 1 8 1 10 7 12 1 1 9 12 1 1 9 12 1 8 1 10 12 1 1 10 12 1 1 10 7 12 1 1 1 100 1 100 1 10 12 1 1 9 100 12 1 1 9 12 10 100 12 1 1 1 10 12 1 1 8 1 10 7 12 1 1 1 9 12 1 1 100 1 100 1 100 1 1 1 1 1 1 5 0 1 1 1 1 1 1 1 1 1 1 3 1 1 1 1 1 1 1 1 1 1 1 1 1 1 1 1 1 1 1 1 100 1 1 1 1 1 1 1 1 1 1 100 1 1 1 1 1 1 1 1
staticfield java/lang/Boolean TRUE Ljava/lang/Boolean; java/lang/Boolean
staticfield java/lang/Boolean FALSE Ljava/lang/Boolean; java/lang/Boolean
staticfield java/lang/Boolean TYPE Ljava/lang/Class; java/lang/Class
instanceKlass java/util/concurrent/locks/AbstractQueuedSynchronizer
ciInstanceKlass java/util/concurrent/locks/AbstractOwnableSynchronizer 1 1 32 10 7 12 1 1 1 9 7 12 1 1 1 100 1 1 1 1 5 0 1 1 1 1 1 1 1 1 1 1 1 1
instanceKlass java/math/BigInteger
instanceKlass java/util/concurrent/atomic/Striped64
instanceKlass java/util/concurrent/atomic/AtomicLong
instanceKlass java/util/concurrent/atomic/AtomicInteger
instanceKlass java/lang/Long
instanceKlass java/lang/Integer
instanceKlass java/lang/Short
instanceKlass java/lang/Byte
instanceKlass java/lang/Double
instanceKlass java/lang/Float
ciInstanceKlass java/lang/Number 1 1 37 10 7 12 1 1 1 10 100 12 1 1 1 100 1 1 1 1 5 0 1 1 1 1 1 1 1 1 1 1 1 1 1 1 1 1 1
instanceKlass java/lang/LiveStackFrameInfo
ciInstanceKlass java/lang/StackFrameInfo 0 0 132 10 100 12 1 1 1 9 100 12 1 1 1 9 100 1 9 12 1 1 11 100 12 1 1 1 9 12 1 1 11 12 1 1 10 12 1 1 10 100 12 1 1 1 10 12 1 11 12 1 11 12 1 1 11 12 1 10 12 1 1 9 12 1 1 10 12 1 1 10 100 12 1 1 10 12 1 1 11 12 1 1 10 12 1 9 12 1 1 10 12 1 1 100 1 8 1 10 12 1 10 100 12 1 1 1 100 1 1 1 1 1 1 1 1 1 1 1 1 1 1 1 1 1 1 100 1 1 1 1 1 1
ciInstanceKlass java/lang/LiveStackFrameInfo 0 0 97 10 100 12 1 1 1 9 100 12 1 1 1 9 12 1 9 12 1 9 12 1 9 12 1 1 100 1 10 12 1 1 10 12 1 8 1 10 12 1 1 8 1 8 1 8 1 10 100 1 10 12 1 100 1 10 12 1 100 1 100 1 1 1 3 1 3 1 1 1 1 1 1 1 1 1 1 1 1 1 1 1 1 1 1 1 1 1 1 1 1 1 1 1 100 1 1
ciInstanceKlass java/lang/Character 1 1 576 7 1 100 1 100 1 9 12 1 1 8 1 9 12 1 1 100 1 9 12 1 1 10 100 12 1 1 1 10 100 12 1 1 1 10 100 12 1 1 1 10 100 12 1 1 1 9 100 12 1 1 1 10 12 1 10 12 1 1 10 12 1 1 10 100 12 1 1 10 12 1 1 3 3 3 3 3 10 12 1 1 10 12 1 3 11 7 12 1 1 1 11 12 1 1 10 12 1 1 10 12 1 1 100 1 10 10 12 1 3 10 12 1 1 10 12 1 10 12 1 1 100 1 8 1 10 12 1 1 10 12 1 10 12 1 10 12 1 10 12 1 10 12 1 1 10 12 1 10 7 12 1 1 10 10 12 1 10 10 12 1 10 12 1 1 10 12 1 10 10 12 1 10 12 1 10 12 1 10 12 1 10 12 1 10 12 1 10 12 1 10 12 10 10 12 10 10 12 1 10 10 12 1 10 10 12 1 10 10 12 1 10 10 12 1 10 10 12 1 10 10 12 1 1 10 10 12 1 10 5 0 10 12 1 10 12 1 10 10 12 1 10 10 12 1 1 10 10 12 1 10 10 12 1 9 12 1 1 100 1 10 10 12 1 10 12 1 1 3 10 100 12 1 1 1 10 12 1 10 100 12 1 1 100 1 10 10 12 1 1 10 12 1 1 10 12 1 1 8 1 10 12 1 9 100 12 1 1 1 10 12 1 10 10 12 1 10 12 1 1 10 12 1 10 10 12 1 1 10 10 12 1 1 100 1 8 1 10 12 1 1 10 7 12 1 1 1 8 1 10 12 1 1 9 12 1 1 100 1 100 1 100 1 1 1 1 3 1 3 1 3 1 3 1 1 1 1 1 3 1 1 3 1 3 1 3 1 3 1 3 1 3 1 3 1 3 1 3 1 3 1 3 1 3 1 3 1 3 1 3 1 3 1 3 1 3 1 3 1 3 1 3 1 3 1 3 1 3 1 3 1 3 1 3 1 3 1 1 1 1 1 1 1 1 1 1 1 1 1 1 1 1 1 1 1 3 1 1 1 1 1 1 1 3 1 1 3 1 1 1 1 1 3 1 1 5 0 1 1 1 1 1 1 1 1 1 1 1 1 1 1 1 1 1 1 1 1 1 1 1 1 1 1 1 1 1 1 1 1 1 1 1 1 1 1 1 1 1 1 1 1 1 1 1 1 1 1 1 1 1 1 1 1 1 1 1 1 1 1 1 1 1 1 1 1 1 1 1 1 1 1 1 1 1 1 1 1 1 1 1 1 1 1 1 1 1 100 1 100 1 1 1 1 1 1
staticfield java/lang/Character TYPE Ljava/lang/Class; java/lang/Class
staticfield java/lang/Character $assertionsDisabled Z 1
ciInstanceKlass java/lang/Float 1 1 223 7 1 100 1 10 100 12 1 1 1 10 100 12 1 1 1 4 100 1 10 12 1 1 10 12 1 1 8 1 8 1 10 100 12 1 1 1 10 12 1 1 10 12 1 1 10 4 4 4 10 7 12 1 1 9 12 1 1 10 12 1 1 10 12 1 10 12 1 10 12 1 1 10 12 1 10 12 1 3 10 12 1 1 10 12 1 1 10 12 1 10 100 12 1 1 1 10 12 1 1 10 12 1 1 8 1 10 7 12 1 1 1 9 12 1 1 100 1 100 1 100 1 1 1 1 1 4 1 1 1 4 1 1 3 1 3 1 3 1 3 1 1 1 1 5 0 1 1 1 1 1 1 1 1 1 1 100 1 1 1 1 1 1 1 1 1 1 1 1 1 3 1 1 1 1 1 1 1 1 1 1 1 1 1 1 1 1 1 1 1 1 1 1 1 1 1 1 1 1 1 1 1 1 1 1 1 1 1 1 100 1 1 1 1 1 1 1 100 1 100 1 1
staticfield java/lang/Float TYPE Ljava/lang/Class; java/lang/Class
ciInstanceKlass java/lang/Double 1 1 285 7 1 100 1 10 7 12 1 1 1 10 12 1 1 10 12 1 100 1 10 12 1 1 10 100 12 1 1 1 6 0 8 1 10 12 1 1 8 1 10 12 1 1 8 1 6 0 10 12 1 1 100 1 5 0 5 0 8 1 8 1 10 100 12 1 1 1 10 100 12 1 1 1 8 1 10 12 1 1 8 1 8 1 8 1 10 12 1 1 10 12 1 10 12 1 1 10 12 1 10 12 1 10 12 1 1 10 12 1 10 6 0 6 0 6 0 10 7 12 1 1 9 12 1 1 10 12 1 10 12 1 10 12 1 10 12 1 5 0 10 12 1 1 10 12 1 10 12 1 10 100 12 1 1 1 10 12 1 1 10 12 1 1 8 1 10 7 12 1 1 1 9 12 1 1 100 1 100 1 100 1 1 1 1 1 6 0 1 1 1 6 0 1 1 3 1 3 1 3 1 3 1 1 1 1 5 0 1 1 1 1 1 1 1 1 1 1 1 1 1 1 1 1 100 1 1 1 1 1 1 1 1 1 1 1 1 3 1 1 1 1 1 1 1 1 1 1 1 1 1 1 1 1 1 1 1 1 1 1 1 1 1 1 1 1 1 1 1 1 1 1 100 1 1 1 1 1 1 1 100 1 100 1 1
staticfield java/lang/Double TYPE Ljava/lang/Class; java/lang/Class
ciInstanceKlass java/lang/Byte 1 1 215 7 1 100 1 10 100 12 1 1 1 9 12 1 1 8 1 9 12 1 1 100 1 10 12 1 1 10 12 1 1 10 100 12 1 1 1 10 100 12 1 1 1 9 7 12 1 1 1 10 12 1 1 100 1 100 1 10 12 1 1 8 1 10 12 1 1 8 1 10 12 1 10 12 1 10 12 1 10 12 1 1 10 12 1 10 12 1 10 12 1 1 10 8 1 8 1 10 7 1 9 12 1 1 10 12 1 10 12 1 1 10 12 1 1 10 12 1 1 10 12 1 5 0 10 12 1 1 8 1 10 7 12 1 1 1 9 12 1 1 100 1 100 1 1 1 3 1 3 1 1 1 1 3 1 3 1 1 5 0 1 1 1 1 1 1 1 1 1 1 1 1 1 1 1 1 1 1 1 1 1 1 1 1 1 1 1 1 1 1 1 1 1 1 1 1 1 1 1 1 1 1 1 1 1 1 1 1 1 1 1 1 1 1 1
staticfield java/lang/Byte TYPE Ljava/lang/Class; java/lang/Class
ciInstanceKlass java/lang/Short 1 1 224 7 1 100 1 100 1 10 100 12 1 1 1 10 12 1 1 100 1 100 1 10 12 1 1 8 1 10 12 1 1 8 1 10 12 1 10 12 1 10 12 1 10 12 1 1 10 12 1 1 10 12 1 9 12 1 1 8 1 9 12 1 1 100 1 10 12 1 1 10 12 1 10 100 12 1 1 1 10 100 12 1 1 1 9 7 12 1 1 1 10 12 1 10 12 1 1 10 8 1 8 1 10 7 1 9 12 1 1 10 12 1 10 12 1 1 10 12 1 1 10 12 1 1 10 12 1 3 3 5 0 10 12 1 1 8 1 10 7 12 1 1 1 9 12 1 1 100 1 100 1 1 1 3 1 3 1 1 1 1 3 1 3 1 1 5 0 1 1 1 1 1 1 1 1 1 1 1 1 1 1 1 1 1 1 1 1 1 1 1 1 1 1 1 3 1 1 1 1 1 1 1 1 1 1 1 1 1 1 1 1 1 1 1 1 1 1 1 1 1 1 1 1 1
staticfield java/lang/Short TYPE Ljava/lang/Class; java/lang/Class
ciInstanceKlass java/lang/Integer 1 1 445 7 1 100 1 7 1 7 1 10 12 1 1 9 12 1 1 9 12 1 1 10 100 12 1 1 1 10 12 1 1 10 100 12 1 1 1 10 10 12 1 1 10 100 12 1 1 1 10 12 1 10 12 1 1 10 7 12 1 1 1 10 12 1 1 10 12 1 1 10 12 1 10 12 1 10 12 1 1 10 10 12 1 9 12 1 1 9 12 1 100 1 8 1 10 12 1 100 1 10 12 1 8 1 10 12 1 1 10 12 1 8 1 10 12 1 8 1 10 12 1 1 3 10 12 1 1 3 10 12 1 1 10 12 1 1 10 7 12 1 1 1 11 7 1 100 1 10 11 10 12 1 1 8 1 10 12 1 1 8 1 100 1 10 12 1 1 10 12 1 1 5 0 8 1 10 12 1 10 12 1 10 12 1 10 12 1 1 7 1 9 12 1 1 9 12 1 1 10 12 1 10 7 1 9 12 1 10 12 1 10 12 1 10 12 1 1 10 7 12 1 1 1 100 1 100 1 10 12 1 1 10 12 1 1 8 1 8 1 10 12 1 1 8 1 8 1 8 1 8 1 8 1 8 1 10 12 1 10 12 1 10 12 1 5 0 3 3 3 3 10 12 1 3 10 12 1 10 100 12 1 1 1 10 12 1 1 10 12 1 1 8 1 10 7 12 1 1 1 9 12 1 1 3 3 3 3 3 3 9 12 1 1 100 1 100 1 100 1 1 1 1 1 1 1 3 1 3 1 1 5 0 1 1 1 1 1 1 1 1 1 100 1 1 1 1 1 1 1 1 1 1 1 1 1 1 1 1 1 1 1 1 1 1 1 1 1 1 1 1 1 1 1 1 1 1 1 1 1 1 1 3 1 1 1 1 1 1 1 1 1 1 1 1 1 1 1 1 100 1 1 1 1 1 1 1 1 1 1 1 1 1 1 1 1 1 1 1 1 1 1 1 1 1 1 1 1 1 1 1 100 1 1 1 1 1 1 1 1 1 100 1 100 1 1
staticfield java/lang/Integer TYPE Ljava/lang/Class; java/lang/Class
staticfield java/lang/Integer digits [C 36
staticfield java/lang/Integer DigitTens [B 100
staticfield java/lang/Integer DigitOnes [B 100
staticfield java/lang/Integer sizeTable [I 10
ciMethod java/lang/Integer intValue ()I 264 0 132 0 -1
ciInstanceKlass java/lang/Long 1 1 506 7 1 100 1 7 1 7 1 10 12 1 1 9 12 1 1 9 7 12 1 1 1 10 100 12 1 1 1 10 12 1 1 10 100 12 1 1 1 10 10 12 10 12 1 10 12 1 10 12 1 5 0 5 0 7 1 10 12 1 1 10 12 1 1 10 12 1 10 12 1 10 12 1 10 12 1 1 10 100 12 1 1 10 12 1 10 12 1 1 10 12 1 1 10 12 1 1 10 12 1 1 10 100 12 1 1 1 10 12 1 1 10 12 1 10 12 1 10 12 1 10 12 1 1 10 10 12 1 5 0 5 0 9 12 1 1 9 12 1 5 0 100 1 8 1 10 12 1 8 1 10 12 1 8 1 8 1 10 12 1 1 5 0 10 12 1 1 5 0 10 12 1 1 10 12 1 1 10 100 12 1 1 1 11 100 1 100 1 10 11 10 12 1 1 8 1 10 12 1 1 8 1 100 1 10 12 1 1 10 12 1 8 1 8 1 11 12 1 1 10 12 1 10 12 1 10 12 1 5 0 5 0 9 7 12 1 1 1 10 12 1 10 12 1 1 8 1 8 1 10 12 1 1 8 1 8 1 8 1 8 1 8 1 8 1 10 12 1 10 12 1 10 12 1 1 10 7 1 9 12 1 1 10 12 1 10 12 1 1 10 7 12 1 1 1 100 1 100 1 10 12 1 1 10 12 1 1 5 0 10 12 1 10 12 1 5 0 5 0 5 0 10 12 1 1 5 0 5 0 10 12 1 10 12 1 10 100 12 1 1 1 10 12 1 1 10 12 1 1 8 1 10 7 12 1 1 1 9 12 1 1 100 1 100 1 100 1 1 1 1 5 0 1 1 1 1 3 1 3 1 5 0 1 1 1 1 1 1 1 1 1 100 1 1 1 1 1 1 1 1 1 1 1 1 1 1 1 1 1 1 1 1 1 1 1 1 1 1 1 1 1 1 1 1 1 1 1 1 1 1 1 1 1 1 1 1 1 1 1 1 1 1 1 1 1 1 3 1 1 1 1 1 1 1 1 1 1 1 1 1 1 1 100 1 1 1 1 1 1 1 1 1 1 1 1 1 1 1 1 1 1 1 1 1 1 1 1 1 1 1 100 1 1 1 1 1 1 1 1 1 100 1 100 1 1
staticfield java/lang/Long TYPE Ljava/lang/Class; java/lang/Class
ciInstanceKlass java/util/WeakHashMap$Entry 1 1 112 10 7 12 1 1 1 9 7 12 1 1 1 9 12 1 1 9 12 1 1 10 12 1 1 10 7 12 1 1 1 100 1 10 12 1 11 10 100 12 1 1 1 10 12 1 11 10 100 12 1 1 1 100 1 10 12 1 10 12 1 1 8 1 10 12 1 10 12 1 1 1 1 1 1 1 1 1 1 1 1 1 1 1 1 1 1 1 1 1 1 1 1 1 1 1 1 1 1 1 1 1 1 1 1 1 1 1 1 1 100 1
instanceKlass java/lang/ref/PhantomReference
instanceKlass java/lang/ref/FinalReference
instanceKlass java/lang/ref/WeakReference
instanceKlass java/lang/ref/SoftReference
ciInstanceKlass java/lang/ref/Reference 1 1 195 9 7 12 1 1 1 9 7 12 1 1 10 12 1 1 10 12 1 1 9 12 1 1 10 12 1 1 9 12 1 1 9 12 1 1 7 1 10 12 1 10 7 12 1 1 10 12 1 10 12 1 1 10 12 1 9 12 1 10 12 1 1 10 12 1 10 12 1 9 12 1 100 1 100 1 10 12 1 9 12 1 9 12 1 100 1 10 10 12 1 10 10 7 12 1 1 10 7 12 1 1 1 10 12 1 1 10 7 12 1 1 7 1 8 1 10 12 1 10 12 1 1 10 12 1 1 10 12 1 7 1 10 10 7 12 1 1 1 1 1 1 1 1 1 1 1 1 1 1 1 1 1 1 1 100 1 1 1 100 1 1 1 1 1 1 1 1 1 1 1 1 1 1 1 1 1 1 1 1 1 1 1 1 1 1 1 1 1 1 1 1 1 1 1
staticfield java/lang/ref/Reference processPendingLock Ljava/lang/Object; java/lang/Object
staticfield java/lang/ref/Reference $assertionsDisabled Z 1
instanceKlass sun/security/util/MemoryCache$SoftCacheEntry
instanceKlass sun/util/locale/provider/LocaleResources$ResourceReference
instanceKlass sun/util/resources/Bundles$BundleReference
instanceKlass sun/util/locale/LocaleObjectCache$CacheEntry
instanceKlass java/io/ClassCache$CacheRef
instanceKlass java/lang/invoke/LambdaFormEditor$Transform
ciInstanceKlass java/lang/ref/SoftReference 1 1 47 10 7 12 1 1 1 9 7 12 1 1 1 9 12 1 10 12 1 10 12 1 1 1 1 1 1 1 1 1 1 1 1 1 1 1 1 1 1 1 1 100 1 1 1 1 1
ciMethod java/lang/ref/Reference refersToImpl (Ljava/lang/Object;)Z 516 0 9113 0 96
ciMethod java/lang/Long valueOf (J)Ljava/lang/Long; 652 0 11619 0 -1
instanceKlass sun/nio/ch/FileLockTable$FileLockReference
instanceKlass java/util/logging/LogManager$LoggerWeakRef
instanceKlass java/util/logging/Level$KnownLevel
instanceKlass java/lang/ClassValue$Entry
instanceKlass java/lang/ThreadLocal$ThreadLocalMap$Entry
instanceKlass java/lang/WeakPairMap$WeakRefPeer
instanceKlass java/lang/invoke/MethodType$ConcurrentWeakInternSet$WeakEntry
instanceKlass java/util/WeakHashMap$Entry
ciInstanceKlass java/lang/ref/WeakReference 1 1 31 10 7 12 1 1 1 10 12 1 100 1 1 1 1 1 1 1 1 1 1 1 1 1 1 1 1 1 1 1 1
ciMethod java/lang/ref/Reference get ()Ljava/lang/Object; 0 0 1 0 -1
instanceKlass java/lang/ref/Finalizer
ciInstanceKlass java/lang/ref/FinalReference 1 1 47 10 7 12 1 1 1 10 7 12 1 1 1 10 12 1 1 100 1 8 1 10 12 1 1 1 1 1 1 1 1 1 1 1 1 1 1 1 1 1 1 1 1 1 1 1 1
ciInstanceKlass java/lang/ref/Finalizer 1 1 152 9 7 12 1 1 1 10 7 12 1 1 1 9 12 1 1 9 12 1 1 9 12 1 9 12 1 10 12 1 10 12 1 1 9 12 1 1 100 1 10 12 1 7 1 11 7 12 1 1 100 1 10 12 1 100 1 10 12 1 10 100 12 1 1 1 10 100 12 1 1 1 100 1 10 10 12 1 10 7 12 1 1 1 7 1 10 7 1 10 10 7 12 1 1 1 10 12 1 1 10 7 12 1 1 7 1 10 12 1 10 12 1 1 10 12 1 1 10 12 1 1 1 1 1 1 1 1 1 1 1 1 1 1 1 1 1 1 1 1 1 1 1 1 1 1 1 1 1 1 1 1
staticfield java/lang/ref/Finalizer lock Ljava/lang/Object; java/lang/Object
staticfield java/lang/ref/Finalizer $assertionsDisabled Z 1
instanceKlass jdk/internal/ref/PhantomCleanable
instanceKlass jdk/internal/ref/Cleaner
ciInstanceKlass java/lang/ref/PhantomReference 1 1 39 10 100 12 1 1 1 10 7 12 1 1 1 1 1 1 1 1 1 1 1 1 1 1 1 1 1 1 1 1 1 1 1 1 1 1 1 1 1
instanceKlass java/lang/reflect/Executable
instanceKlass java/lang/reflect/Field
ciInstanceKlass java/lang/reflect/AccessibleObject 1 1 398 10 7 12 1 1 1 9 100 12 1 1 1 10 100 12 1 1 1 10 7 12 1 1 10 7 12 1 1 1 10 100 12 1 1 1 10 12 1 1 10 12 1 1 9 12 1 1 100 1 10 7 12 1 1 1 11 12 1 100 1 10 12 1 7 1 100 1 10 12 1 10 12 1 1 7 1 10 7 12 1 1 1 10 12 1 1 7 1 10 12 1 1 7 1 10 10 10 7 12 1 1 1 10 12 1 1 10 12 1 10 12 1 10 12 1 1 10 12 1 8 1 100 1 10 10 12 1 1 8 1 10 12 1 10 12 1 8 1 8 1 8 1 8 1 8 1 8 1 100 1 10 12 1 10 12 1 9 12 1 1 10 12 1 1 10 12 1 10 11 100 1 100 1 8 1 10 10 12 1 10 12 1 1 8 1 10 12 1 8 1 10 12 1 1 10 100 1 8 1 10 11 7 12 1 1 10 12 1 1 10 12 1 1 10 12 1 1 9 12 1 1 100 1 10 12 1 7 1 10 12 1 10 12 1 1 10 100 1 10 12 1 10 12 10 12 1 10 12 1 1 10 12 1 10 12 1 1 10 12 1 9 12 1 10 100 12 1 1 8 1 10 100 12 1 1 1 8 1 10 100 12 1 1 1 9 12 1 100 1 10 7 1 10 10 7 12 1 1 1 7 1 10 10 7 12 1 1 1 7 1 9 12 1 1 1 1 1 1 1 1 1 1 1 1 1 1 1 1 1 1 1 1 1 1 1 1 1 1 1 1 1 1 1 1 1 1 1 1 1 1 1 1 1 1 1 1 1 1 1 1 1 1 1 1 1 1 1 1 1 1 1 1 1 1 1 1 1 1 1 1 1 1 1 1 1 1 1 1 1 1 1 1 1 1 1 1 1
staticfield java/lang/reflect/AccessibleObject reflectionFactory Ljdk/internal/reflect/ReflectionFactory; jdk/internal/reflect/ReflectionFactory
instanceKlass java/lang/reflect/Constructor
instanceKlass java/lang/reflect/Method
ciInstanceKlass java/lang/reflect/Executable 1 1 548 10 7 12 1 1 1 10 7 12 1 1 1 10 7 12 1 1 1 11 7 12 1 1 1 10 7 12 1 1 1 10 12 1 1 10 7 12 1 1 1 10 7 12 1 1 1 10 12 1 8 1 10 10 12 1 1 10 12 1 1 10 7 12 1 1 1 18 12 1 1 11 7 12 1 1 1 8 1 8 1 8 1 10 7 12 1 1 1 11 12 1 1 7 1 8 1 8 1 10 12 1 100 1 8 1 10 12 1 8 1 11 100 12 1 1 1 100 1 10 12 1 1 11 12 1 8 1 18 8 1 10 12 1 10 12 1 1 18 8 1 10 12 1 100 1 10 12 1 10 12 1 11 7 12 1 1 10 12 1 1 8 1 8 1 10 12 1 1 10 12 1 1 10 10 12 1 100 1 10 10 12 1 10 12 1 1 10 7 12 1 1 10 12 1 10 12 1 10 12 1 1 10 7 12 1 1 10 12 1 10 12 1 10 7 12 1 1 1 10 12 1 8 1 10 12 1 10 12 1 3 100 1 8 1 10 12 1 10 12 1 10 10 12 1 10 12 1 1 8 1 8 1 8 1 9 12 1 10 12 1 100 1 8 1 9 12 1 10 12 1 10 12 1 1 10 12 1 1 10 12 1 10 12 10 12 1 7 1 10 12 1 10 12 1 1 100 1 10 100 12 1 1 1 7 1 10 7 12 1 1 1 10 12 1 1 11 7 12 1 1 10 7 12 1 1 10 100 12 1 1 1 10 12 1 1 9 12 1 10 12 1 1 10 12 1 10 12 1 1 9 7 12 1 1 1 10 7 12 1 1 1 10 12 1 10 12 1 1 9 12 1 10 10 10 10 100 12 1 1 1 10 12 1 9 12 1 10 12 1 1 9 12 1 100 1 100 1 1 1 1 1 1 1 1 1 1 1 1 1 1 1 1 1 1 1 1 1 1 1 1 1 1 1 1 1 1 1 1 1 1 100 1 1 1 1 1 1 1 1 100 1 1 1 1 1 1 1 1 1 1 1 1 100 1 1 1 1 1 1 1 1 1 1 1 1 1 1 1 1 1 1 1 1 1 1 1 1 1 1 1 1 1 1 1 1 1 1 1 1 1 1 1 1 1 100 1 1 1 1 1 1 1 1 1 1 1 1 1 1 1 1 1 1 1 1 1 100 1 100 1 1 15 10 7 12 1 1 1 16 15 16 1 16 1 15 10 12 16 1 100 1 1 100 1 100 1 1
ciInstanceKlass java/lang/reflect/Constructor 1 1 433 10 7 12 1 1 1 10 7 12 1 1 9 7 12 1 1 1 10 12 1 1 10 12 1 1 10 7 12 1 1 9 12 1 1 10 7 12 1 1 1 9 12 1 1 9 12 1 1 9 12 1 9 12 1 1 9 12 1 9 12 1 1 9 12 1 1 9 12 1 7 1 8 1 10 12 1 10 12 1 9 12 1 1 10 7 12 1 1 10 7 12 1 1 1 10 12 1 1 10 12 1 1 10 12 1 7 1 100 1 8 1 10 10 12 1 10 12 1 10 12 1 1 10 12 1 1 9 100 12 1 1 1 10 7 12 1 1 10 12 1 1 10 12 1 10 12 1 1 10 100 12 1 1 1 10 100 12 1 1 10 12 1 1 10 12 1 10 100 12 1 1 1 8 1 10 10 12 1 100 1 8 1 10 12 1 10 12 1 1 10 12 1 1 10 12 1 10 12 1 10 12 1 1 10 12 1 1 9 12 1 1 10 12 1 1 10 12 1 1 10 12 1 8 1 10 12 1 1 11 7 12 1 1 1 10 12 1 1 10 12 1 10 12 1 9 12 1 1 10 7 12 1 1 1 10 12 1 1 10 12 1 1 10 12 1 1 10 12 1 1 10 12 1 9 100 12 1 1 10 12 1 10 12 1 10 12 1 100 1 8 1 10 10 12 1 1 10 12 1 10 10 12 1 1 10 12 1 1 10 100 12 1 1 1 11 100 12 1 1 1 10 12 1 1 9 100 12 1 1 1 10 100 12 1 1 1 10 12 1 1 1 1 1 1 1 1 1 1 1 1 1 1 1 1 1 1 1 1 1 1 1 1 1 1 1 1 1 1 1 1 1 1 1 1 1 1 1 1 1 1 1 1 1 1 1 1 1 1 1 100 1 7 1 7 1 7 1 1 1 1 1 1 1 1 1 1 1 1 1 1 1 1 1 1 1 1 1 1 1 1 1 1 1 1 1 1 1 1 1 100 1 1
ciInstanceKlass java/lang/reflect/Method 1 1 450 9 7 12 1 1 1 10 7 12 1 1 1 10 7 12 1 1 9 12 1 1 10 12 1 1 10 12 1 1 10 7 12 1 1 10 7 12 1 1 1 9 12 1 1 9 12 1 9 12 1 1 9 12 1 9 12 1 9 12 1 1 9 12 1 9 12 1 1 9 12 1 9 12 1 9 12 1 1 7 1 8 1 10 12 1 10 12 1 9 12 1 1 8 1 10 7 12 1 1 10 7 12 1 1 1 10 12 1 1 10 12 1 1 10 12 1 10 12 1 1 10 12 1 1 9 100 12 1 1 1 10 12 1 1 10 12 10 7 12 1 1 10 12 1 1 10 12 1 10 12 1 10 12 1 10 7 12 1 1 1 10 12 1 1 10 7 1 10 7 12 1 1 1 10 7 12 1 1 10 12 1 1 10 12 1 1 10 12 1 10 7 12 1 1 1 10 12 1 10 8 1 10 12 1 10 12 1 7 1 8 1 8 1 8 1 10 12 1 10 12 1 1 10 12 1 1 10 10 12 1 1 10 12 1 11 100 1 9 12 1 1 10 12 1 1 10 12 1 10 12 1 1 10 12 1 1 11 7 12 1 1 1 10 12 1 10 12 1 10 12 1 10 12 1 10 12 1 9 12 1 1 10 7 12 1 1 1 10 12 1 1 10 7 12 1 1 1 10 7 12 1 1 1 10 7 12 1 1 1 11 7 12 1 1 1 10 7 12 1 1 1 7 1 100 1 100 1 10 12 1 10 12 1 1 10 12 1 100 1 8 1 10 12 1 10 10 12 1 1 10 12 1 1 10 12 1 1 10 12 1 1 8 1 10 12 1 1 1 1 1 1 1 1 1 1 1 1 1 1 1 1 1 1 1 1 1 1 1 1 1 1 1 1 1 1 1 1 1 1 1 1 1 1 1 1 1 1 1 1 1 1 1 1 1 1 1 1 1 100 1 7 1 7 1 1 1 1 1 1 1 1 1 1 1 1 1 1 1 1 1 1 1 1 1 1 1 1 1 1
ciInstanceKlass java/lang/reflect/Field 1 1 437 9 7 12 1 1 1 10 12 1 1 10 100 12 1 1 1 10 100 12 1 1 9 12 1 1 10 12 1 1 10 12 1 1 10 100 12 1 1 10 7 12 1 1 1 9 12 1 1 9 12 1 9 12 1 9 12 1 1 9 12 1 1 9 12 1 9 12 1 1 9 12 1 1 7 1 8 1 10 12 1 10 12 1 9 12 1 1 9 12 1 10 12 1 10 7 12 1 1 10 12 1 1 10 12 1 1 10 12 1 10 12 1 1 100 1 10 12 1 1 10 12 1 1 10 12 1 1 10 12 1 10 12 1 10 7 1 10 100 12 1 1 100 1 10 8 1 10 12 1 1 10 12 1 1 8 1 10 12 10 12 1 8 1 8 1 10 11 100 1 9 12 1 10 12 1 1 10 12 1 1 11 7 12 1 1 1 11 12 1 1 11 12 1 1 11 12 1 1 11 12 1 1 11 12 1 1 11 12 1 1 11 12 1 1 11 12 1 1 11 12 1 1 11 12 1 1 11 12 1 1 11 12 1 1 11 12 1 1 11 12 1 1 11 12 1 1 11 12 1 1 11 12 1 1 10 12 1 10 100 12 1 1 10 12 1 10 12 1 1 10 12 9 12 1 1 10 7 12 1 1 1 10 12 1 1 10 7 12 1 1 10 12 1 1 11 7 1 10 12 1 7 1 10 100 12 1 1 1 10 7 12 1 1 1 9 12 1 10 7 12 1 1 1 11 7 12 1 1 1 10 12 1 1 10 12 1 1 9 100 12 1 1 1 10 100 12 1 1 1 10 12 1 1 100 1 1 1 1 1 1 1 1 1 1 1 1 1 1 1 1 1 1 1 1 1 1 1 1 1 1 1 1 1 1 1 1 1 1 1 7 1 1 1 1 1 1 1 1 1 1 1 1 1 1 1 1 1 1 1 1 1 1 1 1 1 1 1 1 1 1 1 1 1 1 100 1 1 1 1 1 1 1 1 100 1 1
ciInstanceKlass java/lang/reflect/Parameter 1 1 226 10 7 12 1 1 1 9 7 12 1 1 1 9 12 1 1 9 12 1 1 9 12 1 10 12 1 1 10 12 1 1 10 7 12 1 1 1 100 1 10 10 12 1 1 11 100 12 1 1 1 10 12 1 10 100 12 1 1 1 10 12 1 1 10 12 1 10 12 1 8 1 8 1 10 100 12 1 1 1 10 12 1 10 12 10 12 1 8 1 10 12 1 9 12 1 1 10 12 1 1 9 12 1 1 10 12 1 1 10 12 1 1 10 12 1 1 10 12 1 10 10 12 1 10 100 12 1 1 1 10 12 1 1 11 100 12 1 1 10 100 12 1 1 100 1 10 100 12 1 1 1 10 12 1 1 10 12 1 1 10 12 1 1 10 12 1 1 9 12 1 100 1 10 11 12 1 1 11 12 1 1 100 1 1 1 1 1 1 1 1 1 1 1 1 1 1 1 1 1 1 1 1 1 1 1 1 1 1 1 1 1 1 1 1 1 1 1 1 1 1 100 1 1 1 1
ciInstanceKlass java/lang/StringBuffer 1 1 470 10 7 12 1 1 1 10 12 1 10 12 1 10 12 1 1 9 7 12 1 1 1 10 12 1 1 10 12 1 10 12 1 1 9 12 1 1 10 12 1 10 12 1 1 10 12 1 1 10 12 1 10 12 1 1 10 12 1 10 12 1 1 10 12 1 1 10 100 12 1 1 1 10 12 1 1 10 12 1 10 12 1 10 12 1 10 12 1 10 12 1 10 12 1 10 12 1 10 12 1 10 12 1 10 12 1 10 12 1 10 12 1 10 12 1 10 12 1 1 10 12 1 10 12 1 1 10 12 1 1 10 10 12 1 1 10 12 1 10 12 1 10 12 1 10 12 1 10 12 1 10 12 1 10 12 10 12 1 10 12 1 10 12 1 10 12 1 1 10 12 1 10 12 1 10 10 12 1 1 10 12 1 1 9 12 1 1 10 7 12 1 1 1 10 100 1 10 10 100 12 1 1 1 10 10 12 1 10 8 10 100 12 1 1 1 8 10 12 1 8 1 10 12 1 10 12 1 10 100 12 1 1 1 10 100 12 1 1 1 7 1 10 12 100 1 8 1 10 10 12 1 1 10 12 1 1 10 12 1 1 10 12 1 10 12 1 10 12 1 10 12 1 10 12 1 10 12 1 10 12 1 10 12 1 10 12 1 10 12 1 10 12 1 10 12 1 10 12 1 10 12 1 10 12 1 10 12 1 10 12 10 12 10 12 1 10 12 1 10 12 1 10 12 10 12 1 10 12 1 10 12 1 10 12 1 10 12 1 10 12 1 10 12 1 10 12 1 10 12 1 10 12 1 10 12 1 7 1 10 12 1 9 7 12 1 1 1 9 7 1 9 12 1 1 100 1 100 1 100 1 1 1 1 5 0 1 1 1 1 1 1 1 1 1 1 1 1 1 1 1 1 1 1 1 1 1 1 1 1 1 1 1 1 1 1 1 1 1 1 1 1 1 1 1 1 1 1 1 1 1 1 1 1 1 1 1 1 1 1 1 1 1 1 1 1 100 1 1 1 1 1 100 1 1 1 1 1 1 1 1 1 1 1 1 1 1 1 1 1
staticfield java/lang/StringBuffer serialPersistentFields [Ljava/io/ObjectStreamField; 3 [Ljava/io/ObjectStreamField;
instanceKlass java/lang/StringBuilder
instanceKlass java/lang/StringBuffer
ciInstanceKlass java/lang/AbstractStringBuilder 1 1 547 7 1 7 1 10 7 12 1 1 1 9 7 12 1 1 1 9 12 1 9 12 1 1 9 12 1 1 10 7 12 1 1 1 10 12 1 1 3 3 10 12 1 10 12 1 1 11 7 1 100 1 100 1 10 8 1 10 12 1 10 12 1 10 12 1 1 10 12 1 10 12 1 10 12 1 9 12 1 1 10 12 1 1 10 7 12 1 1 1 10 10 12 1 10 12 1 10 12 1 1 10 12 1 1 10 7 12 1 1 1 10 7 12 1 1 1 100 1 8 1 10 10 12 1 1 100 1 10 12 10 12 1 1 10 10 12 1 1 10 12 1 1 10 12 1 1 10 12 1 1 100 1 10 10 12 1 10 100 12 1 1 1 10 12 1 1 10 12 1 10 12 1 1 10 10 12 1 1 10 12 10 12 1 10 12 1 1 10 12 1 1 10 12 1 1 10 12 1 10 10 12 1 1 10 12 1 10 12 1 1 8 1 10 12 1 1 10 12 1 10 12 1 10 12 1 10 12 1 10 12 1 10 12 1 10 7 12 1 1 10 12 1 10 12 1 10 100 12 1 1 1 10 12 1 10 12 1 10 12 1 10 12 1 10 12 1 1 10 12 1 10 12 1 1 10 12 1 1 10 10 7 12 1 1 1 10 12 1 10 12 1 10 12 1 1 10 12 1 10 12 1 10 12 1 10 12 1 10 12 1 10 12 1 10 12 1 10 12 1 10 12 1 1 10 12 1 10 12 1 10 12 10 12 1 1 18 12 1 1 100 1 10 100 12 1 1 1 18 10 12 1 1 10 12 1 10 12 1 1 11 12 1 10 12 1 10 12 1 10 10 12 1 10 8 1 8 1 8 1 10 10 100 1 10 12 1 100 1 10 100 1 10 100 1 1 1 3 1 1 1 1 1 1 1 1 1 1 100 1 1 1 1 1 1 1 1 1 1 1 1 1 1 1 1 1 1 1 1 1 1 1 1 1 1 1 1 1 1 1 1 1 1 1 1 1 1 1 1 1 1 1 1 1 1 1 1 1 1 1 1 1 1 1 1 1 1 1 1 1 1 1 1 1 1 1 1 1 1 1 1 1 1 1 1 1 1 1 1 1 1 1 1 1 1 1 1 1 1 1 1 1 1 1 1 1 100 1 1 100 1 1 1 1 1 100 1 1 1 1 1 1 15 10 100 12 1 1 1 16 1 15 10 12 16 15 10 12 1 1 1 1 100 1 100 1 1
staticfield java/lang/AbstractStringBuilder EMPTYVALUE [B 0
ciInstanceKlass java/lang/SecurityManager 0 0 576 10 100 12 1 1 1 9 100 12 1 1 1 10 100 12 1 1 1 100 1 8 1 10 12 1 10 12 1 1 10 100 12 1 1 1 10 100 1 10 100 1 10 9 100 12 1 1 1 10 100 12 1 1 1 10 12 1 1 10 100 12 1 1 100 1 8 1 10 9 12 1 1 9 12 1 8 1 9 12 1 100 1 10 8 1 10 12 1 1 10 12 1 10 12 1 1 100 1 10 10 12 1 1 100 1 8 1 10 12 1 8 1 8 1 8 1 8 1 8 1 8 1 10 12 1 8 1 8 1 8 1 8 1 8 1 10 100 12 1 1 1 10 12 1 1 8 1 100 1 8 1 10 8 1 8 1 8 1 8 1 8 1 10 100 12 1 1 8 1 100 1 8 1 8 1 10 8 1 10 12 1 100 1 8 1 10 10 12 1 1 10 12 1 10 12 1 10 12 1 10 100 12 1 1 1 10 12 1 10 100 12 1 1 11 100 12 1 1 1 18 12 1 1 11 100 12 1 1 1 18 12 1 1 11 12 1 1 18 18 11 12 1 18 12 1 11 12 1 1 9 12 1 1 9 12 1 9 12 1 9 12 1 100 1 10 100 12 1 1 10 12 1 10 12 1 18 12 1 18 10 100 12 1 1 1 18 12 1 10 12 1 18 18 8 1 10 12 1 9 12 1 1 11 100 12 1 1 1 8 1 100 1 10 12 1 10 12 1 1 10 12 1 1 9 12 1 1 10 12 1 10 12 1 1 8 1 100 1 10 9 12 1 8 1 10 12 1 8 1 100 1 10 10 100 12 1 1 10 100 1 9 100 12 1 1 1 11 12 1 1 10 12 1 11 12 1 10 12 1 100 1 10 10 12 1 1 10 12 1 1 1 1 1 1 1 1 1 1 1 100 1 1 1 1 1 1 1 1 1 1 1 1 1 1 1 1 1 1 1 1 1 1 1 1 1 1 1 1 1 1 1 1 1 1 1 1 1 1 1 1 1 1 1 1 1 1 1 1 1 1 1 1 1 1 1 1 3 1 1 1 1 1 1 1 1 1 1 100 1 1 1 1 1 1 1 1 1 1 1 1 1 1 1 1 1 1 1 1 1 1 1 1 1 1 1 1 1 1 1 1 1 1 1 1 1 1 15 10 100 12 1 1 1 16 15 10 100 12 1 1 1 16 1 16 15 10 12 16 1 15 10 12 16 15 11 100 1 16 1 16 1 15 10 12 16 15 10 12 16 15 10 12 1 16 1 15 11 12 1 15 10 12 16 15 10 16 1 1 1 1 100 1 100 1 1
instanceKlass android/database/SQLException
instanceKlass android/view/WindowManager$InvalidDisplayException
instanceKlass android/view/WindowManager$BadTokenException
instanceKlass org/robolectric/shadows/ShadowParcelFileDescriptor$FileDescriptorFromParcelUnavailableException
instanceKlass org/junit/TestCouldNotBeSkippedException
instanceKlass android/database/CursorWindowAllocationException
instanceKlass dalvik/system/BlockGuard$BlockGuardPolicyException
instanceKlass android/database/StaleDataException
instanceKlass android/os/OperationCanceledException
instanceKlass androidx/sqlite/db/framework/FrameworkSQLiteOpenHelper$OpenHelper$CallbackException
instanceKlass java/util/concurrent/RejectedExecutionException
instanceKlass kotlin/KotlinNothingValueException
instanceKlass android/database/SQLException
instanceKlass kotlin/NoWhenBranchMatchedException
instanceKlass org/objectweb/asm/tree/UnsupportedClassVersionException
instanceKlass android/view/Surface$OutOfResourcesException
instanceKlass android/content/res/Resources$NotFoundException
instanceKlass android/content/ActivityNotFoundException
instanceKlass java/time/DateTimeException
instanceKlass org/robolectric/shadows/ShadowPausedLooper$ControlException
instanceKlass org/bouncycastle/crypto/CryptoServiceConstraintsException
instanceKlass android/os/NetworkOnMainThreadException
instanceKlass android/util/AndroidRuntimeException
instanceKlass java/lang/invoke/WrongMethodTypeException
instanceKlass java/util/ConcurrentModificationException
instanceKlass kotlin/UninitializedPropertyAccessException
instanceKlass org/robolectric/util/inject/Injector$UnsatisfiedDependencyException
instanceKlass org/robolectric/util/inject/InjectionException
instanceKlass org/junit/runner/notification/StoppedByUserException
instanceKlass org/junit/internal/AssumptionViolatedException
instanceKlass com/esotericsoftware/kryo/KryoException
instanceKlass java/security/ProviderException
instanceKlass org/gradle/internal/remote/internal/MessageIOException
instanceKlass java/util/MissingResourceException
instanceKlass org/gradle/internal/remote/internal/ConnectException
instanceKlass org/gradle/api/UncheckedIOException
instanceKlass org/gradle/internal/nativeintegration/NativeIntegrationException
instanceKlass net/rubygrapefruit/platform/NativeException
instanceKlass java/util/NoSuchElementException
instanceKlass org/gradle/internal/reflect/NoSuchMethodException
instanceKlass java/lang/TypeNotPresentException
instanceKlass org/gradle/internal/service/ServiceLookupException
instanceKlass java/lang/IndexOutOfBoundsException
instanceKlass java/lang/reflect/UndeclaredThrowableException
instanceKlass org/gradle/internal/operations/BuildOperationInvocationException
instanceKlass org/gradle/internal/UncheckedException
instanceKlass java/lang/UnsupportedOperationException
instanceKlass java/lang/SecurityException
instanceKlass java/lang/IllegalStateException
instanceKlass org/gradle/api/GradleException
instanceKlass java/lang/IllegalArgumentException
instanceKlass java/lang/ArithmeticException
instanceKlass java/lang/NullPointerException
instanceKlass java/lang/IllegalMonitorStateException
instanceKlass java/lang/ArrayStoreException
instanceKlass java/lang/ClassCastException
ciInstanceKlass java/lang/RuntimeException 1 1 40 10 7 12 1 1 1 10 12 1 10 12 1 10 12 1 10 12 1 100 1 1 1 1 5 0 1 1 1 1 1 1 1 1 1 1 1 1 1 1
instanceKlass java/security/InvalidParameterException
instanceKlass org/gradle/internal/service/UnknownServiceException
instanceKlass java/lang/NumberFormatException
ciInstanceKlass java/lang/IllegalArgumentException 1 1 35 10 100 12 1 1 1 10 12 1 10 12 1 10 12 1 100 1 1 1 1 5 0 1 1 1 1 1 1 1 1 1 1 1 1
ciInstanceKlass java/lang/ArithmeticException 1 1 26 10 100 12 1 1 1 10 12 1 100 1 1 1 1 5 0 1 1 1 1 1 1 1 1 1
instanceKlass kotlin/KotlinNullPointerException
ciInstanceKlass java/lang/NullPointerException 1 1 52 10 100 12 1 1 1 10 12 1 9 100 12 1 1 1 10 12 1 1 9 12 1 1 10 12 1 1 10 12 1 1 1 1 5 0 1 1 1 1 1 1 1 1 100 1 100 1 100 1 1 1
instanceKlass java/util/TreeMap$NavigableSubMap
instanceKlass com/google/common/collect/HashBiMap
instanceKlass com/google/common/collect/CompactHashMap
instanceKlass com/google/common/collect/HashBiMap$Inverse
instanceKlass com/google/common/collect/HashBiMap
instanceKlass com/google/common/collect/Maps$ViewCachingAbstractMap
instanceKlass com/google/common/collect/CompactHashMap
instanceKlass java/util/TreeMap
instanceKlass java/util/concurrent/ConcurrentSkipListMap
instanceKlass java/util/EnumMap
instanceKlass java/util/IdentityHashMap
instanceKlass sun/util/PreHashedMap
instanceKlass java/util/WeakHashMap
instanceKlass java/util/Collections$EmptyMap
instanceKlass java/util/HashMap
instanceKlass java/util/ImmutableCollections$AbstractImmutableMap
instanceKlass java/util/concurrent/ConcurrentHashMap
ciInstanceKlass java/util/AbstractMap 1 1 192 10 7 12 1 1 1 10 7 12 1 1 1 11 7 12 1 1 1 10 11 12 1 1 11 7 12 1 1 1 11 12 1 1 7 1 11 12 1 10 12 1 1 11 12 1 100 1 10 11 12 1 11 7 1 10 12 1 1 11 12 1 9 12 1 1 7 1 10 12 1 9 12 1 1 100 1 10 11 11 12 1 1 11 12 1 100 1 100 1 11 12 1 8 1 100 1 10 10 12 1 1 8 1 10 12 1 10 12 1 1 10 12 1 1 1 1 1 1 1 1 1 1 1 1 1 1 1 1 1 1 1 1 1 1 1 1 1 1 1 1 1 1 1 1 1 1 1 1 1 1 1 1 100 1 1 1 1 1 1 1 1 1 1 1 1 1 1 1 1 100 1 1 1 1 1 1 1 1 1 100 1 100 1 100 1 100 1 1 1 1 1
ciInstanceKlass java/security/AccessControlContext 1 1 373 9 7 12 1 1 1 9 12 1 1 10 100 12 1 1 1 8 1 10 100 12 1 1 1 10 7 12 1 1 1 9 12 1 9 12 1 1 9 12 1 1 10 7 12 1 1 100 1 10 12 1 11 100 12 1 1 1 11 12 1 11 12 1 11 12 1 1 7 1 11 12 1 1 10 12 1 10 7 12 1 1 1 9 100 12 1 1 1 10 100 12 1 1 1 11 100 12 1 1 1 10 7 1 100 1 8 1 10 12 1 10 12 1 1 7 1 10 7 12 1 1 1 9 12 1 9 12 1 9 12 1 9 12 1 1 9 12 1 1 9 12 1 9 12 1 10 7 12 1 1 1 9 12 1 10 12 1 1 10 12 1 1 8 1 10 12 1 1 10 12 1 1 10 100 12 1 1 1 100 1 10 10 12 1 1 10 100 12 1 1 1 10 8 1 10 100 12 1 1 8 1 10 100 12 1 1 8 1 8 1 10 12 1 8 1 10 12 1 8 1 10 12 1 10 12 1 10 12 1 1 8 1 8 1 100 1 10 12 1 10 12 1 1 100 1 10 12 1 8 1 10 12 1 10 12 1 10 8 1 10 12 1 1 10 12 1 1 10 12 1 1 10 12 1 1 10 12 1 10 12 1 10 12 1 10 12 1 1 10 10 10 12 1 1 1 1 1 1 1 1 1 1 1 1 1 1 1 1 1 1 1 1 1 1 1 1 100 1 1 1 1 1 1 1 1 1 1 1 1 1 1 1 1 1 1 1 1 1 1 1 1 1 1 1 1 1 1 1 1 1 1 1 1 1 1 1 1 1 1 1 1 1 1 1 1 1 1 1 1 3 1 1
ciInstanceKlass java/net/URL 1 1 743 10 7 12 1 1 1 10 12 1 10 7 12 1 1 9 12 1 1 9 12 1 10 7 12 1 1 1 10 12 1 1 10 12 1 1 9 12 1 1 10 7 12 1 1 1 8 1 10 12 1 1 100 1 10 10 12 1 1 8 1 10 12 1 1 9 12 1 100 1 8 1 10 12 1 10 12 1 8 1 9 12 1 10 12 1 1 9 12 1 10 12 1 10 12 1 9 12 1 9 12 1 8 1 9 12 1 10 12 1 1 8 1 9 12 1 1 10 12 1 1 10 7 12 1 1 1 8 1 10 12 1 7 1 10 12 1 10 12 1 10 12 1 10 12 1 1 10 12 1 1 8 1 10 12 1 1 10 12 1 8 1 9 12 1 8 1 10 12 1 10 7 12 1 1 1 100 1 10 12 1 10 12 1 1 10 7 12 1 1 1 100 1 8 1 10 10 12 1 8 1 10 12 1 1 10 12 1 10 12 1 10 12 1 10 12 1 10 12 1 8 1 10 12 1 10 10 7 12 1 1 1 10 12 1 9 100 12 1 1 1 10 100 12 1 1 1 9 12 1 1 10 12 1 10 100 12 1 1 1 100 1 100 1 10 12 1 10 12 1 10 12 1 10 12 1 10 12 1 10 12 10 10 10 12 1 100 1 10 12 1 10 12 1 1 8 1 9 100 12 1 1 1 10 100 12 1 1 1 10 12 1 1 9 100 12 1 1 1 10 12 1 1 100 1 10 12 1 10 12 1 10 10 12 1 1 10 12 1 1 10 12 1 10 12 1 10 12 1 10 7 12 1 1 1 10 12 1 1 10 12 1 9 12 1 1 9 12 1 1 100 1 8 1 10 10 12 1 9 12 1 1 10 7 12 1 1 8 1 10 7 12 1 1 8 1 10 12 1 1 10 12 1 8 1 8 1 10 7 12 1 1 1 100 1 10 100 12 1 1 1 10 12 1 10 12 1 100 1 10 9 12 1 1 10 7 12 1 1 8 1 10 12 1 1 100 1 10 10 100 12 1 1 1 8 9 100 12 1 1 1 10 12 1 10 12 1 10 12 1 10 12 1 10 7 12 1 1 11 7 12 1 1 10 12 1 10 12 1 9 12 1 10 12 1 1 10 100 12 1 1 10 100 12 1 1 1 8 10 100 12 1 1 100 1 10 8 8 10 12 1 8 8 8 100 1 10 12 1 9 12 1 1 10 12 1 10 12 1 1 10 12 1 10 12 10 12 1 1 10 12 1 1 10 10 10 12 1 10 12 1 10 12 1 10 12 1 10 12 1 10 10 12 1 100 1 8 1 10 10 10 12 1 1 10 12 1 10 12 1 1 8 1 7 1 10 10 10 7 1 10 12 1 9 7 12 1 1 1 9 12 1 1 7 1 10 10 7 12 1 1 1 100 1 1 1 1 1 5 0 1 1 1 1 1 1 1 1 1 1 1 1 1 1 1 1 1 1 1 1 1 1 1 1 1 1 1 1 1 1 1 1 1 1 1 1 1 1 1 100 1 1 1 1 1 1 1 1 1 1 1 1 1 1 1 1 1 1 1 1 1 1 1 1 1 1 1 1 1 1 1 1 1 1 1 1 1 100 1 1 1 1 1 1 1 1 1 1 1 1 1 1 1 1 100 1 1 1 1 1 1 1 1 1 1 1 1 1 1 1 1 1 1
staticfield java/net/URL defaultFactory Ljava/net/URLStreamHandlerFactory; java/net/URL$DefaultFactory
staticfield java/net/URL streamHandlerLock Ljava/lang/Object; java/lang/Object
staticfield java/net/URL serialPersistentFields [Ljava/io/ObjectStreamField; 7 [Ljava/io/ObjectStreamField;
ciInstanceKlass java/util/jar/Manifest 1 1 336 10 7 12 1 1 1 7 1 10 9 7 12 1 1 1 7 1 10 9 12 1 1 9 12 1 1 10 12 1 10 12 1 1 10 12 1 1 10 12 1 1 10 12 1 1 11 7 1 11 12 1 1 10 12 1 1 10 100 12 1 1 1 100 1 100 1 10 8 1 10 12 1 1 10 12 1 1 10 12 1 10 12 1 11 100 1 10 12 1 10 12 1 1 11 12 1 1 10 12 1 11 12 1 1 11 100 12 1 1 1 11 100 12 1 1 11 12 1 1 100 1 10 12 1 8 1 11 12 1 7 1 10 12 1 1 11 12 1 10 12 1 10 12 1 10 100 12 1 1 1 8 1 10 12 1 1 10 9 7 12 1 1 1 10 12 1 1 10 100 12 1 10 12 1 10 12 1 9 100 12 1 1 1 8 1 10 12 1 8 1 8 1 7 1 10 12 1 10 12 1 10 12 1 1 100 1 8 1 10 12 1 1 8 1 10 10 12 1 1 8 1 10 12 1 1 10 7 12 1 1 1 10 12 1 10 11 12 1 1 10 12 1 10 7 12 1 1 1 10 12 1 1 10 12 1 1 11 10 12 1 11 10 12 1 100 1 1 1 1 1 1 1 1 1 1 1 1 1 1 1 1 1 1 1 1 1 1 1 1 1 1 1 1 1 1 1 1 1 1 1 1 1 1 1 1 1 1 1 100 1 1 1 1 1 1 1 1 1 1 1 1 1 1 100 1 1 1 1 1 1 1 1 1 1 1
instanceKlass com/google/common/collect/CompactHashMap$ValuesView
instanceKlass com/google/common/collect/ImmutableCollection
instanceKlass java/util/TreeMap$Values
instanceKlass com/google/common/collect/AbstractMapBasedMultimap$WrappedCollection
instanceKlass com/google/common/collect/ImmutableCollection
instanceKlass java/util/IdentityHashMap$Values
instanceKlass java/util/HashMap$Values
instanceKlass java/util/LinkedHashMap$LinkedValues
instanceKlass java/util/AbstractQueue
instanceKlass java/util/ArrayDeque
instanceKlass java/util/AbstractSet
instanceKlass java/util/ImmutableCollections$AbstractImmutableCollection
instanceKlass java/util/AbstractList
ciInstanceKlass java/util/AbstractCollection 1 1 160 10 7 12 1 1 1 10 7 12 1 1 1 10 12 1 1 11 7 12 1 1 1 11 12 1 1 10 12 1 1 10 100 12 1 1 1 10 12 1 1 10 12 1 1 10 7 12 1 1 10 7 12 1 1 1 7 1 10 100 12 1 1 1 10 100 12 1 1 1 100 1 10 11 12 1 11 7 1 10 12 1 10 12 1 10 100 12 1 1 1 11 8 1 100 1 10 10 12 1 1 8 1 10 12 1 10 12 1 1 1 1 1 1 1 1 1 1 1 1 1 1 1 1 1 1 1 1 1 1 1 1 1 1 1 1 1 1 1 1 1 1 1 1 1 1 1 1 1 1 1 1 1 1 1 1 1 1 1 1
instanceKlass kotlin/collections/AbstractMutableList
instanceKlass com/google/common/collect/Lists$OnePlusArrayList
instanceKlass java/util/AbstractList$SubList
instanceKlass java/util/Collections$CopiesList
instanceKlass sun/security/jca/ProviderList$ServiceList
instanceKlass java/util/AbstractSequentialList
instanceKlass sun/security/jca/ProviderList$3
instanceKlass java/util/Collections$SingletonList
instanceKlass java/util/Vector
instanceKlass java/util/Arrays$ArrayList
instanceKlass java/util/ArrayList$SubList
instanceKlass java/util/Collections$EmptyList
instanceKlass java/util/ArrayList
ciInstanceKlass java/util/AbstractList 1 1 218 10 7 12 1 1 1 9 7 12 1 1 1 10 12 1 1 10 12 1 1 100 1 10 10 12 1 1 11 7 12 1 1 1 11 12 1 1 11 12 1 10 7 12 1 1 1 10 12 1 11 12 1 11 12 1 11 12 1 10 12 1 1 10 12 1 1 11 100 12 1 1 1 11 7 1 11 7 1 10 12 1 7 1 10 12 1 10 12 1 1 7 1 7 1 10 12 1 100 1 10 100 1 100 1 10 8 1 10 12 1 1 10 12 1 10 12 1 1 10 12 1 8 1 100 1 8 1 8 1 8 1 10 7 1 11 10 10 12 1 11 12 1 10 12 1 1 8 1 8 1 1 1 1 1 1 1 1 1 1 1 1 1 1 1 1 1 1 1 1 1 1 1 1 1 1 1 1 1 1 1 1 1 1 1 1 1 1 1 1 1 1 1 1 1 1 1 1 1 1 1 1 1 1 1 1 1 1 100 1 100 1 1 1 1 1 1 1
ciInstanceKlass java/lang/AssertionStatusDirectives 0 0 24 10 100 12 1 1 1 100 1 1 1 1 1 1 1 1 1 1 1 1 1 1 1 1
ciInstanceKlass java/lang/invoke/MethodHandleNatives$CallSiteContext 1 1 49 10 7 12 1 1 1 7 1 10 10 7 12 1 1 1 10 7 12 1 1 1 10 7 12 1 1 1 100 1 1 1 1 1 1 1 1 1 1 1 1 1 1 1 1 1 100 1 1
ciInstanceKlass jdk/internal/invoke/NativeEntryPoint 0 0 92 10 100 12 1 1 1 9 100 12 1 1 1 10 100 12 1 1 1 100 1 9 12 1 9 12 1 9 12 1 1 9 12 1 1 9 12 1 1 100 1 8 1 10 12 1 11 100 12 1 1 1 10 12 1 1 10 12 1 11 100 12 1 1 11 12 1 10 12 1 1 10 12 1 1 1 1 1 1 1 1 1 1 1 1 1 1 1 1 1 1 1
instanceKlass java/lang/invoke/VolatileCallSite
instanceKlass java/lang/invoke/MutableCallSite
instanceKlass java/lang/invoke/ConstantCallSite
ciInstanceKlass java/lang/invoke/CallSite 1 1 302 10 7 12 1 1 1 10 7 12 1 1 1 9 7 12 1 1 1 10 12 1 1 9 12 1 1 10 7 12 1 1 1 10 12 1 100 1 10 12 1 1 10 12 1 1 9 100 12 1 1 1 10 100 12 1 1 10 12 1 1 100 1 100 1 10 10 100 12 1 1 1 10 12 1 1 8 1 10 12 1 10 12 1 1 10 12 1 10 12 1 1 10 12 1 1 10 10 7 12 1 1 10 12 1 1 9 12 1 9 7 12 1 1 1 8 1 10 7 12 1 1 1 10 12 1 1 100 1 10 12 1 1 9 12 1 8 1 7 1 10 12 1 10 12 1 100 1 8 1 10 10 12 1 10 12 1 1 7 1 10 12 1 1 10 12 1 10 12 1 10 12 1 1 10 12 1 1 9 12 1 1 8 10 12 1 1 9 12 1 1 100 1 10 10 12 1 10 7 12 1 1 1 10 12 1 1 10 12 1 1 10 12 1 10 7 12 1 1 1 100 1 8 1 10 10 12 10 12 1 1 100 1 100 1 100 1 8 1 10 12 1 10 7 12 1 1 1 1 1 1 1 1 1 1 1 1 1 1 1 1 1 1 1 1 1 1 1 1 1 1 1 1 1 1 1 1 1 1 1 1 1 1 1 1 1 1 1 1 1 1 1 1 1 1 1 1 1 1 1 1 1
staticfield java/lang/invoke/CallSite $assertionsDisabled Z 1
ciInstanceKlass java/lang/invoke/VolatileCallSite 0 0 37 10 100 12 1 1 1 10 12 1 10 100 12 1 1 1 10 12 1 10 12 1 1 1 1 1 1 1 1 1 1 1 1 1 1 1 1
ciInstanceKlass java/lang/invoke/MethodType 1 1 771 7 1 10 7 12 1 1 1 9 12 1 1 9 12 1 1 9 12 1 1 10 7 12 1 1 1 9 7 12 1 1 8 1 10 100 12 1 1 1 9 7 1 9 7 1 10 12 1 1 100 1 10 8 1 10 12 1 1 10 12 1 10 12 1 1 100 1 8 1 10 12 1 100 1 10 10 12 1 10 12 1 1 10 12 1 1 11 7 12 1 1 1 9 12 1 11 12 1 1 7 7 1 10 7 12 1 1 1 10 12 1 9 12 1 1 10 7 12 1 1 10 12 1 1 10 7 12 1 1 1 10 7 12 1 1 1 10 12 1 9 12 1 1 10 12 1 1 7 1 10 12 1 1 10 12 1 1 10 12 1 1 10 12 1 1 10 12 1 1 10 12 1 10 12 1 10 12 1 1 10 12 1 8 1 8 1 10 12 1 1 9 12 1 1 100 1 10 10 12 1 1 10 12 1 10 12 1 1 10 12 1 1 10 12 1 10 12 1 1 10 12 1 8 1 10 12 1 1 10 7 12 1 1 1 10 12 1 10 12 1 1 10 12 1 10 12 1 10 12 1 1 10 12 1 10 12 1 9 12 1 10 12 1 10 10 12 1 1 10 12 1 9 12 1 1 10 12 1 1 10 12 1 1 10 12 1 1 10 12 1 1 7 1 10 12 10 12 1 10 12 1 100 1 8 1 8 1 8 1 10 12 1 10 12 1 10 12 1 10 11 12 1 1 11 12 1 10 100 12 1 1 1 9 12 1 10 12 1 10 12 1 1 10 12 1 1 10 12 1 10 12 1 10 100 12 1 1 1 10 12 1 1 10 12 1 10 12 1 10 12 1 10 9 12 1 1 7 1 10 12 1 10 12 1 1 9 100 12 1 1 1 10 100 12 1 1 1 10 100 12 1 1 1 10 12 1 1 10 100 12 1 1 1 10 12 1 1 8 1 10 7 12 1 1 1 11 12 1 1 9 12 1 1 10 12 1 1 10 12 1 10 12 1 1 10 12 1 1 10 100 12 1 1 100 1 10 12 1 1 11 100 12 1 1 1 18 12 1 1 11 12 1 1 18 12 1 11 12 1 100 1 11 100 12 1 1 10 12 1 100 1 10 12 1 10 100 12 1 1 10 12 1 1 9 12 1 1 9 100 12 1 1 1 10 100 12 1 1 1 9 12 1 10 100 12 1 1 10 12 1 100 10 12 1 1 10 12 1 10 7 1 7 1 9 12 1 1 100 1 100 1 100 1 1 1 5 0 1 1 1 1 1 1 1 3 1 3 1 3 1 1 1 1 1 1 1 1 1 1 1 1 1 1 1 1 1 1 1 1 1 1 1 1 1 1 1 1 1 1 1 1 1 1 1 1 1 1 1 1 1 1 1 1 1 1 1 1 1 1 1 1 1 1 1 1 1 1 1 1 1 1 1 1 1 1 1 1 1 1 1 1 1 1 1 1 1 1 1 1 1 1 1 1 1 1 1 1 1 1 1 1 1 1 1 1 1 1 1 1 1 1 1 1 1 1 1 1 1 1 1 1 1 1 1 1 1 1 1 1 1 1 1 1 1 1 1 100 1 100 1 1 1 1 1 1 1 1 1 1 1 1 1 100 1 1 1 100 1 1 1 1 1 1 1 1 1 1 1 1 1 1 1 1 1 1 1 1 1 15 10 100 12 1 1 1 16 15 10 12 16 16 15 10 12 16 1 1 1 1 100 1 1 100 1 1 100 1 100 1 1
staticfield java/lang/invoke/MethodType internTable Ljava/lang/invoke/MethodType$ConcurrentWeakInternSet; java/lang/invoke/MethodType$ConcurrentWeakInternSet
staticfield java/lang/invoke/MethodType NO_PTYPES [Ljava/lang/Class; 0 [Ljava/lang/Class;
staticfield java/lang/invoke/MethodType objectOnlyTypes [Ljava/lang/invoke/MethodType; 20 [Ljava/lang/invoke/MethodType;
staticfield java/lang/invoke/MethodType METHOD_HANDLE_ARRAY [Ljava/lang/Class; 1 [Ljava/lang/Class;
staticfield java/lang/invoke/MethodType serialPersistentFields [Ljava/io/ObjectStreamField; 0 [Ljava/io/ObjectStreamField;
staticfield java/lang/invoke/MethodType $assertionsDisabled Z 1
ciInstanceKlass java/lang/BootstrapMethodError 0 0 45 10 100 12 1 1 1 10 12 1 10 12 1 10 100 12 1 1 1 10 100 12 1 1 1 1 1 1 5 0 1 1 1 1 1 1 1 1 1 1 1 100 1 1 1
ciMethod java/lang/invoke/CallSite getTarget ()Ljava/lang/invoke/MethodHandle; 0 0 1 0 -1
ciInstanceKlass jdk/internal/loader/ClassLoaders$AppClassLoader 1 1 119 8 1 10 7 12 1 1 1 10 7 12 1 1 1 10 100 12 1 1 1 10 12 1 1 10 100 12 1 1 1 10 12 1 1 10 12 1 1 7 1 8 1 10 12 10 7 12 1 1 1 10 100 12 1 1 10 12 1 1 10 12 1 1 10 7 12 1 1 1 100 1 10 12 1 1 1 1 1 1 1 1 1 1 1 1 1 1 1 1 1 1 1 1 1 100 1 1 1 1 1 1 1 1 1 1 1 1 1 1 1 1 1 1 1 100 1 1 1
ciInstanceKlass jdk/internal/loader/ClassLoaders$PlatformClassLoader 1 1 42 8 1 10 7 12 1 1 1 10 7 12 1 1 1 100 1 10 12 1 100 1 1 1 1 1 1 1 1 1 1 1 1 1 1 100 1 1 1 100 1 1
ciInstanceKlass java/lang/ArrayStoreException 1 1 26 10 100 12 1 1 1 10 12 1 100 1 1 1 1 5 0 1 1 1 1 1 1 1 1 1
instanceKlass com/google/common/collect/Ordering$IncomparableValueException
ciInstanceKlass java/lang/ClassCastException 1 1 26 10 100 12 1 1 1 10 12 1 100 1 1 1 1 5 0 1 1 1 1 1 1 1 1 1
ciInstanceKlass java/lang/NoClassDefFoundError 0 0 26 10 100 12 1 1 1 10 12 1 100 1 1 1 1 5 0 1 1 1 1 1 1 1 1 1
ciInstanceKlass java/lang/IllegalMonitorStateException 1 1 26 10 100 12 1 1 1 10 12 1 100 1 1 1 1 5 0 1 1 1 1 1 1 1 1 1
ciInstanceKlass java/lang/StackOverflowError 1 1 26 10 100 12 1 1 1 10 12 1 100 1 1 1 1 5 0 1 1 1 1 1 1 1 1 1
instanceKlass java/lang/StackOverflowError
instanceKlass java/lang/OutOfMemoryError
instanceKlass java/lang/InternalError
ciInstanceKlass java/lang/VirtualMachineError 1 1 34 10 100 12 1 1 1 10 12 1 10 12 1 10 12 1 100 1 1 1 1 5 0 1 1 1 1 1 1 1 1 1 1 1
ciInstanceKlass java/lang/OutOfMemoryError 1 1 26 10 100 12 1 1 1 10 12 1 100 1 1 1 1 5 0 1 1 1 1 1 1 1 1 1
ciInstanceKlass java/lang/InternalError 0 0 34 10 100 12 1 1 1 10 12 1 10 12 1 10 12 1 100 1 1 1 1 5 0 1 1 1 1 1 1 1 1 1 1 1
ciInstanceKlass java/lang/StackTraceElement 0 0 224 10 100 12 1 1 1 10 100 12 1 1 9 12 1 1 9 12 1 1 9 12 1 9 12 1 8 1 10 100 12 1 1 1 100 1 9 12 1 8 1 9 12 1 9 12 1 9 12 1 1 8 1 10 12 1 1 10 12 1 100 1 10 10 12 1 1 8 1 10 12 1 1 10 12 1 8 1 8 1 8 1 10 12 1 8 1 8 1 10 12 1 8 1 8 1 10 12 1 1 10 12 1 10 12 1 1 10 12 1 9 12 1 1 10 100 12 1 1 1 10 12 1 1 100 1 10 12 1 1 10 100 12 1 1 10 100 12 1 1 1 10 100 12 1 1 10 100 12 1 1 10 10 12 1 1 10 12 1 10 12 1 1 100 1 1 1 1 1 3 1 3 1 1 5 0 1 1 1 1 1 1 1 1 1 1 1 1 1 1 1 1 1 1 1 1 1 1 1 1 1 1 100 1 100 1 1 1 1 1 1 1 1 1 1 100 1 1 1 1 1 1 1 1
instanceKlass java/nio/CharBuffer
instanceKlass java/nio/IntBuffer
instanceKlass java/nio/LongBuffer
instanceKlass java/nio/ByteBuffer
ciInstanceKlass java/nio/Buffer 1 1 224 100 1 10 7 12 1 1 1 9 7 12 1 1 1 9 12 1 9 12 1 1 9 12 1 9 12 1 1 10 12 1 1 10 12 1 1 10 12 100 1 100 1 10 8 1 10 12 1 1 10 12 1 8 1 8 1 10 12 1 1 10 12 1 8 1 9 12 1 1 100 1 8 1 10 12 1 8 1 8 1 9 12 10 12 1 8 1 8 1 8 1 10 12 1 8 1 8 1 8 1 100 1 10 100 1 10 100 1 10 100 1 10 10 100 12 1 1 1 10 11 100 12 1 1 10 7 12 1 1 1 10 7 12 1 1 1 9 12 1 1 10 7 12 1 1 1 9 12 1 1 7 1 10 10 7 12 1 1 1 1 1 3 1 1 1 1 1 1 1 1 1 1 1 1 1 1 1 1 1 1 100 1 1 1 1 1 1 1 1 1 1 1 1 1 1 1 1 1 1 1 1 1 1 1 1 1 1 1 1 1 1 1 1 1 1 1 1 1 1 1 1 1 1
staticfield java/nio/Buffer UNSAFE Ljdk/internal/misc/Unsafe; jdk/internal/misc/Unsafe
staticfield java/nio/Buffer SCOPED_MEMORY_ACCESS Ljdk/internal/misc/ScopedMemoryAccess; jdk/internal/misc/ScopedMemoryAccess
staticfield java/nio/Buffer $assertionsDisabled Z 1
instanceKlass java/lang/ThreadLocal$SuppliedThreadLocal
instanceKlass jdk/internal/jimage/ImageBufferCache$1
instanceKlass android/os/StrictMode$8
instanceKlass android/os/StrictMode$4
instanceKlass android/os/StrictMode$3
instanceKlass android/os/StrictMode$2
instanceKlass android/os/StrictMode$1
instanceKlass android/database/sqlite/SQLiteDatabase$1
instanceKlass dalvik/system/BlockGuard$2
instanceKlass jdk/internal/math/FloatingDecimal$1
instanceKlass jdk/internal/misc/TerminatingThreadLocal$1
instanceKlass jdk/internal/misc/TerminatingThreadLocal
ciInstanceKlass java/lang/ThreadLocal 1 1 141 9 7 12 1 1 1 3 10 7 12 1 1 1 7 1 10 12 1 1 10 7 12 1 1 10 12 1 9 12 1 1 10 7 12 1 1 1 10 12 1 1 10 7 12 1 1 1 9 7 12 1 1 1 10 12 1 1 10 12 1 10 12 1 1 10 12 1 1 7 1 10 12 1 1 10 12 1 1 9 12 1 1 10 12 10 12 1 100 1 10 10 1 1 1 1 1 1 1 1 1 1 1 1 1 1 1 1 1 1 1 1 1 1 1 1 1 1 1 1 1 1 1 1 1 1 1 1 1 1 1 1 1 1 1 1 1 1 1 1 1
staticfield java/lang/ThreadLocal nextHashCode Ljava/util/concurrent/atomic/AtomicInteger; java/util/concurrent/atomic/AtomicInteger
ciMethod java/lang/ThreadLocal get ()Ljava/lang/Object; 512 0 5410 0 448
ciMethod java/lang/ThreadLocal getMap (Ljava/lang/Thread;)Ljava/lang/ThreadLocal$ThreadLocalMap; 514 0 5539 0 0
ciMethod java/lang/ThreadLocal initialValue ()Ljava/lang/Object; 58 0 29 0 -1
ciMethod java/lang/ThreadLocal createMap (Ljava/lang/Thread;Ljava/lang/Object;)V 24 0 12 0 -1
ciInstanceKlass jdk/internal/misc/UnsafeConstants 1 1 34 10 100 12 1 1 1 9 7 12 1 1 1 9 12 1 9 12 1 1 9 12 1 9 12 1 1 1 1 1 1 1 1 1
staticfield jdk/internal/misc/UnsafeConstants ADDRESS_SIZE0 I 8
staticfield jdk/internal/misc/UnsafeConstants PAGE_SIZE I 4096
staticfield jdk/internal/misc/UnsafeConstants BIG_ENDIAN Z 0
staticfield jdk/internal/misc/UnsafeConstants UNALIGNED_ACCESS Z 1
staticfield jdk/internal/misc/UnsafeConstants DATA_CACHE_LINE_FLUSH_SIZE I 0
ciInstanceKlass java/lang/invoke/MethodHandleImpl 1 1 1343 10 7 12 1 1 1 7 1 10 7 12 1 1 1 10 7 12 1 1 1 100 1 10 8 1 10 12 1 1 10 12 1 10 12 1 1 10 7 12 1 1 1 9 7 12 1 1 1 10 100 12 1 1 1 100 1 10 12 1 1 10 12 1 1 10 12 1 1 10 7 12 1 1 1 9 7 12 1 1 1 10 7 12 1 1 1 100 1 10 9 12 1 1 9 12 1 10 12 1 1 10 12 1 10 12 1 1 10 12 1 1 10 12 1 1 8 1 8 1 10 12 1 1 10 12 1 1 10 12 1 1 10 12 1 1 10 12 1 10 12 1 1 7 1 10 12 1 10 12 1 7 1 10 7 12 1 1 1 10 12 1 1 10 12 1 1 11 7 12 1 1 1 11 7 12 1 1 11 12 1 1 7 1 11 12 1 10 12 1 1 10 12 1 1 11 12 1 10 7 12 1 1 10 12 1 1 10 7 12 1 1 10 12 1 10 12 1 1 10 7 12 1 1 1 10 7 12 1 1 1 10 12 1 1 10 12 1 1 9 7 12 1 1 1 10 10 12 1 1 10 12 1 1 10 10 12 1 1 10 12 1 1 10 7 12 1 1 1 10 12 1 1 10 12 1 10 12 1 10 7 12 1 1 1 10 7 12 1 1 1 10 12 1 1 10 12 1 10 12 1 10 12 1 1 10 12 1 1 10 12 1 10 12 1 1 10 12 1 10 12 1 8 1 100 1 10 12 1 10 12 1 1 10 12 1 10 12 1 1 10 12 1 1 7 1 10 12 1 100 1 8 1 10 12 1 10 7 12 1 1 1 8 1 10 12 1 10 7 12 1 1 1 100 1 9 7 1 10 12 1 1 10 12 1 1 9 12 1 10 12 1 1 10 7 12 1 1 10 12 1 1 10 12 1 1 10 12 1 10 12 1 7 1 10 12 1 1 9 12 1 1 10 12 1 9 7 12 1 1 1 11 7 12 1 1 7 1 9 12 1 7 1 10 12 1 10 12 1 1 7 1 10 12 1 1 10 12 1 10 12 1 1 10 7 12 1 1 1 10 12 1 1 10 12 1 10 12 1 1 10 12 1 10 12 1 1 7 1 9 7 12 1 1 1 10 12 1 9 7 12 1 1 1 10 12 1 10 12 1 1 10 12 1 10 7 12 1 1 10 7 12 1 1 1 9 12 1 10 12 1 9 12 10 12 1 10 12 1 10 12 1 10 12 1 1 10 12 1 10 12 1 1 10 12 1 10 12 1 1 10 12 1 1 10 12 1 1 10 12 1 10 12 1 10 12 1 10 12 1 1 10 12 1 10 7 12 1 1 10 12 1 10 100 12 1 1 8 1 10 8 1 100 1 10 9 12 1 100 1 10 12 1 8 1 10 10 12 1 10 10 12 1 1 10 12 1 1 10 12 1 10 12 1 100 1 8 1 10 12 1 10 100 12 1 1 1 10 12 1 1 10 12 1 10 12 1 7 1 10 12 1 10 12 1 10 12 1 1 7 1 10 12 1 10 7 12 1 1 10 12 1 9 12 1 10 12 1 1 10 12 1 1 100 1 10 10 12 1 8 1 8 1 9 12 1 8 1 8 1 8 1 9 12 1 10 12 1 1 9 12 1 1 10 12 1 8 1 9 7 1 10 12 1 1 10 12 1 8 1 8 1 8 1 100 1 100 1 8 8 1 8 1 100 1 8 1 100 1 10 12 1 10 12 1 10 12 10 12 1 10 12 1 11 100 12 1 1 1 18 12 1 11 100 12 1 1 1 18 18 12 1 11 12 1 1 10 12 1 1 10 12 1 10 12 1 11 12 1 9 12 1 9 12 10 10 12 1 1 9 12 1 1 11 12 1 1 18 12 1 1 11 12 1 1 11 12 1 1 10 12 1 11 100 1 10 12 1 10 12 1 9 12 1 9 12 10 12 1 10 7 12 1 1 1 10 12 1 10 12 1 1 10 12 1 10 12 9 12 1 1 10 12 1 10 12 1 1 9 12 1 9 12 1 10 12 1 10 12 1 1 10 12 1 100 1 10 12 1 9 12 1 1 11 100 1 9 12 1 9 12 11 12 1 9 12 1 9 12 1 10 12 1 10 12 1 1 9 7 12 1 1 1 8 1 10 12 1 1 8 1 10 12 1 8 1 8 1 8 1 8 1 8 1 8 1 8 1 10 12 1 9 12 1 7 1 10 10 7 12 1 1 1 1 1 1 1 3 1 1 3 1 3 1 3 1 3 1 3 1 3 1 3 1 3 1 1 1 1 1 1 1 1 1 3 1 1 1 1 1 1 1 1 1 1 1 1 1 1 1 1 1 1 1 1 1 1 1 1 1 1 1 1 1 1 1 1 1 1 1 1 1 1 1 1 1 1 1 1 1 1 1 1 1 1 1 1 1 1 1 1 1 1 1 1 1 1 1 1 1 1 1 1 1 1 1 1 1 1 1 1 1 1 1 1 1 1 1 1 1 1 1 1 1 1 1 1 1 1 1 1 1 1 1 1 1 1 1 1 100 1 1 1 1 1 1 1 1 1 1 1 1 1 1 1 1 1 1 1 1 1 1 1 1 1 1 1 1 1 1 1 1 1 1 1 1 1 1 1 1 1 1 1 1 1 1 1 1 1 1 1 1 1 1 1 1 1 1 1 1 1 1 1 1 1 1 1 1 1 1 1 1 1 1 1 1 1 1 1 1 1 1 1 1 1 1 1 1 1 1 1 1 1 1 1 1 1 1 1 1 1 1 1 1 1 1 1 1 1 1 1 1 1 1 1 1 1 1 1 1 1 1 1 1 1 1 1 1 1 1 1 1 1 1 1 1 1 1 1 1 1 1 1 1 1 1 1 1 1 1 1 1 1 1 1 1 1 1 1 1 1 1 1 100 1 100 1 100 1 100 1 100 1 100 1 100 1 1 15 10 100 12 1 1 1 16 15 10 12 16 15 16 16 1 15 10 12 16 16 15 10 12 16 1 1 1 1 1 1 1 1 1 1 1 1 1 1 1 1 1 1 1 1
staticfield java/lang/invoke/MethodHandleImpl ARRAYS [Ljava/lang/invoke/MethodHandle; 256 [Ljava/lang/invoke/MethodHandle;
staticfield java/lang/invoke/MethodHandleImpl NFS [Ljava/lang/invoke/LambdaForm$NamedFunction; 7 [Ljava/lang/invoke/LambdaForm$NamedFunction;
staticfield java/lang/invoke/MethodHandleImpl HANDLES [Ljava/lang/invoke/MethodHandle; 8 [Ljava/lang/invoke/MethodHandle;
staticfield java/lang/invoke/MethodHandleImpl $assertionsDisabled Z 1
instanceKlass java/lang/invoke/DelegatingMethodHandle
instanceKlass java/lang/invoke/BoundMethodHandle
instanceKlass java/lang/invoke/DirectMethodHandle
ciInstanceKlass java/lang/invoke/MethodHandle 1 1 641 100 1 9 7 12 1 1 1 10 7 12 1 1 1 10 7 12 1 1 1 7 1 7 1 10 12 1 1 9 12 1 1 10 12 1 10 12 1 1 10 12 1 1 10 7 12 1 1 1 10 12 1 1 10 12 1 1 11 100 12 1 1 1 10 12 1 1 10 12 1 10 12 1 9 12 1 1 10 12 1 1 100 1 100 1 10 8 1 10 12 1 1 10 12 1 8 1 10 12 1 1 10 12 1 10 7 12 1 1 1 10 12 1 10 12 1 1 10 12 1 1 10 12 1 1 10 12 1 1 10 7 12 1 1 1 10 7 12 1 1 1 7 1 10 12 1 1 10 12 1 1 10 12 1 1 8 1 10 7 12 1 1 1 8 1 10 12 1 1 10 12 1 1 10 12 1 1 10 12 1 8 1 10 12 1 1 8 1 10 12 1 8 1 10 100 12 1 1 1 9 12 1 1 100 1 10 9 100 12 1 1 1 9 100 1 8 1 10 12 1 1 10 12 1 10 12 1 1 10 12 1 10 12 1 1 10 12 1 10 12 1 1 10 12 1 10 12 1 1 10 12 1 1 8 1 10 12 1 1 8 1 10 12 1 10 12 1 1 10 12 1 10 12 1 10 12 1 1 9 100 12 1 1 1 10 12 1 1 11 12 1 10 12 1 10 12 1 1 10 100 12 1 1 1 100 1 11 12 1 10 100 1 11 12 1 100 1 10 12 1 11 12 1 9 100 12 1 1 1 11 12 1 1 11 100 12 1 1 1 10 12 1 1 9 12 1 11 12 1 9 12 1 9 12 1 9 12 1 11 12 1 1 9 12 1 9 12 1 9 12 1 9 12 1 9 12 1 9 12 1 9 12 1 8 1 10 12 1 10 12 1 8 1 10 12 1 10 12 1 10 10 7 12 1 1 10 12 1 1 100 1 8 1 10 12 1 1 10 12 1 1 10 12 1 10 12 1 100 1 10 100 12 1 1 1 10 12 1 9 7 12 1 1 1 10 12 1 1 10 12 1 1 8 1 9 12 1 9 12 1 1 9 12 1 1 10 12 1 7 1 10 12 1 10 12 1 1 9 12 1 1 9 12 1 1 10 7 12 1 1 1 11 7 12 1 1 9 12 1 10 12 1 1 9 12 1 10 12 1 8 10 12 1 1 8 1 1 1 1 1 1 100 1 1 1 1 1 1 1 1 1 1 1 1 1 1 1 1 1 1 1 1 1 1 1 1 1 1 1 1 1 1 1 1 1 1 1 1 1 1 1 1 1 1 1 1 1 1 1 1 1 1 1 1 1 1 1 1 1 1 1 1 1 1 1 1 1 1 1 1 1 100 1 1 1 1 1 1 1 1 1 100 1 1 1 1 1 1 1 1 1 1 1 1 1 1 1 1 1 1 1 1 1 1 1 1 1 1 1 100 1 1 100 1 1 100 1 1 1 1
staticfield java/lang/invoke/MethodHandle FORM_OFFSET J 20
staticfield java/lang/invoke/MethodHandle UPDATE_OFFSET J 13
staticfield java/lang/invoke/MethodHandle $assertionsDisabled Z 1
instanceKlass java/lang/invoke/DirectMethodHandle$Special
instanceKlass java/lang/invoke/DirectMethodHandle$Interface
instanceKlass java/lang/invoke/DirectMethodHandle$Constructor
instanceKlass java/lang/invoke/DirectMethodHandle$Accessor
ciInstanceKlass java/lang/invoke/DirectMethodHandle 1 1 940 7 1 7 1 100 1 7 1 7 1 10 7 12 1 1 1 10 7 12 1 1 1 100 1 10 12 1 10 12 1 1 10 7 12 1 1 10 12 1 1 10 12 1 10 12 1 7 1 10 12 1 1 10 12 1 1 10 12 1 10 12 1 1 10 7 12 1 1 1 10 12 1 9 12 1 1 100 1 10 9 12 1 1 9 12 1 10 12 1 10 12 1 10 12 1 1 10 12 1 10 12 1 10 12 1 10 7 12 1 1 1 10 12 1 10 12 1 1 8 1 10 12 1 1 7 1 10 12 1 7 1 10 10 12 1 10 12 1 10 12 1 10 7 12 1 1 1 10 12 1 1 100 1 10 12 1 10 12 1 7 1 10 12 1 10 12 1 1 10 12 1 1 10 12 1 8 10 100 12 1 1 1 10 12 1 10 12 1 10 12 1 1 10 12 1 9 7 12 1 1 1 7 1 10 12 1 10 7 12 1 1 1 10 12 1 10 12 1 1 9 12 1 1 100 1 10 8 1 10 12 1 1 10 12 1 10 12 1 10 10 12 1 10 12 1 10 12 1 10 12 1 10 12 1 1 10 12 1 10 12 1 1 10 12 1 10 12 1 1 10 10 7 12 1 1 1 10 12 1 10 12 1 1 10 12 1 10 12 1 1 8 1 9 7 12 1 1 1 8 1 9 12 1 9 12 1 8 1 9 12 1 9 12 1 8 1 9 12 1 9 12 1 8 1 10 12 1 10 12 1 1 9 12 1 1 7 1 10 12 1 1 100 1 10 7 12 1 1 1 10 12 1 1 10 12 1 10 12 1 1 7 1 10 12 1 1 10 12 1 10 12 1 1 7 1 10 12 1 1 10 7 12 1 1 1 10 12 1 10 12 1 10 12 1 9 12 1 1 10 7 1 9 12 9 12 1 10 7 12 1 1 1 10 12 1 7 1 7 1 7 1 9 12 1 1 10 7 12 1 10 12 1 1 10 12 1 7 1 10 12 1 10 12 1 1 9 7 12 1 1 1 10 12 1 1 7 1 10 7 12 1 1 1 10 12 1 10 12 1 8 1 9 12 1 9 12 1 10 12 1 9 12 1 1 10 7 12 1 1 1 9 12 1 1 9 12 1 1 10 12 1 10 12 1 10 12 1 10 12 1 10 12 1 1 10 12 1 10 7 12 1 1 9 12 1 10 12 1 10 12 1 10 12 1 10 12 1 1 10 12 1 1 9 12 1 1 10 12 1 1 9 7 12 1 1 1 9 12 1 9 12 1 9 12 1 9 12 1 9 12 1 9 12 1 9 12 1 9 12 1 9 12 1 9 12 1 9 12 1 9 12 1 9 12 1 9 12 1 9 12 1 9 12 1 9 12 1 9 12 1 9 12 1 9 12 1 9 12 1 9 12 1 9 12 1 9 12 1 9 12 1 9 12 1 9 12 1 9 12 1 9 12 1 9 12 1 9 12 1 9 12 1 9 12 1 9 12 1 9 12 1 9 12 1 8 1 9 12 1 1 9 12 1 1 10 12 1 10 12 1 1 9 7 1 10 12 1 9 12 1 1 10 12 10 12 1 10 12 1 10 12 1 10 8 1 8 1 8 1 8 1 10 12 1 1 9 12 1 1 10 12 1 10 100 12 1 1 1 8 9 12 1 1 10 12 1 1 8 1 8 8 9 12 1 8 1 8 8 8 8 8 1 8 10 12 1 10 12 1 8 1 8 1 10 12 1 10 12 1 10 12 1 10 12 1 1 7 1 1 1 1 3 1 3 1 3 1 3 1 3 1 3 1 3 1 3 1 3 1 3 1 1 1 1 1 1 1 1 1 1 3 1 3 1 1 1 1 3 1 1 1 1 1 1 1 1 1 1 1 1 1 1 1 1 1 1 1 1 1 1 1 1 1 1 1 1 1 1 1 1 1 1 1 1 1 1 1 1 1 1 1 1 1 1 1 1 1 1 1 1 1 1 1 1 100 1 1 1 1 1 1 1 1 1 1 1 1 100 1 1 1 1 1 1 1 1 1 1 1 1 1 1 1 1 1 1 1 1 1 1 1 1 1 1 1 1 1 1 1 1 1 1 1 1 1 1 1 1 1 1 1 1 1 1 1 1 1 1 1
staticfield java/lang/invoke/DirectMethodHandle IMPL_NAMES Ljava/lang/invoke/MemberName$Factory; java/lang/invoke/MemberName$Factory
staticfield java/lang/invoke/DirectMethodHandle FT_UNCHECKED_REF I 8
staticfield java/lang/invoke/DirectMethodHandle ACCESSOR_FORMS [Ljava/lang/invoke/LambdaForm; 132 [Ljava/lang/invoke/LambdaForm;
staticfield java/lang/invoke/DirectMethodHandle ALL_WRAPPERS [Lsun/invoke/util/Wrapper; 10 [Lsun/invoke/util/Wrapper;
staticfield java/lang/invoke/DirectMethodHandle NFS [Ljava/lang/invoke/LambdaForm$NamedFunction; 12 [Ljava/lang/invoke/LambdaForm$NamedFunction;
staticfield java/lang/invoke/DirectMethodHandle OBJ_OBJ_TYPE Ljava/lang/invoke/MethodType; java/lang/invoke/MethodType
staticfield java/lang/invoke/DirectMethodHandle LONG_OBJ_TYPE Ljava/lang/invoke/MethodType; java/lang/invoke/MethodType
staticfield java/lang/invoke/DirectMethodHandle $assertionsDisabled Z 1
ciMethod java/lang/invoke/MethodHandle type ()Ljava/lang/invoke/MethodType; 262 0 131 0 0
ciInstanceKlass java/lang/ThreadLocal$ThreadLocalMap 1 1 142 9 7 12 1 1 1 10 7 12 1 1 1 9 12 1 7 1 9 12 1 1 9 7 12 1 1 10 12 1 10 12 1 1 10 12 1 1 9 12 1 1 10 12 1 1 10 12 1 1 10 12 1 1 10 12 1 1 10 12 1 1 10 12 1 1 10 12 1 1 10 12 1 10 12 1 10 12 1 10 12 1 10 12 1 1 1 3 1 1 1 1 1 1 1 1 1 1 1 1 1 1 1 1 1 1 1 1 1 1 1 1 100 1 1 1 1 1 1 1 1 1 1 1 1 1 1 1 1 1 1 1 1 1 1 1 1 1 1 1 1 1
ciInstanceKlass java/lang/ThreadLocal$ThreadLocalMap$Entry 1 1 37 10 7 12 1 1 1 9 7 12 1 1 1 1 1 1 1 1 1 1 1 1 1 1 1 1 1 1 1 1 100 1 1 100 1 1 1
ciInstanceKlass java/lang/invoke/LambdaForm 1 1 1052 100 1 9 7 12 1 1 1 10 7 12 1 1 1 10 7 12 1 1 9 12 1 1 9 12 1 1 10 12 1 1 100 1 10 9 12 1 10 12 1 1 9 12 1 10 7 12 1 1 1 9 12 1 9 12 1 9 12 1 1 9 12 1 10 12 1 1 7 1 10 12 1 10 100 12 1 1 1 10 100 12 1 1 1 10 12 1 10 12 1 1 9 100 12 1 1 1 10 12 1 1 9 12 1 10 12 1 1 10 12 1 10 12 1 1 10 12 1 1 10 100 12 1 1 1 7 1 10 10 12 1 1 8 1 10 12 1 10 12 1 10 12 1 1 7 1 10 7 12 1 1 1 10 12 1 1 10 12 1 10 12 1 1 9 12 1 1 9 12 1 9 12 1 1 10 12 1 9 12 1 10 100 12 1 1 1 10 12 1 1 10 12 1 9 12 1 1 10 100 12 1 1 1 10 12 1 10 12 1 10 12 1 10 12 1 10 12 1 10 12 1 1 10 12 1 10 12 1 1 8 1 10 12 1 10 12 1 8 1 8 1 9 12 1 9 12 1 9 12 1 1 10 12 1 1 10 12 1 9 12 1 10 12 1 1 10 7 12 1 1 1 10 12 1 1 10 12 1 10 12 1 10 12 1 1 9 12 1 10 12 1 8 1 8 1 8 1 8 1 8 1 8 1 8 1 8 1 10 12 1 9 12 1 7 1 10 12 1 1 9 12 1 10 12 1 10 12 1 1 10 12 10 12 1 10 12 1 1 10 12 1 1 10 10 12 1 1 10 12 1 1 7 1 8 1 10 12 1 1 10 12 1 10 12 1 1 10 8 1 10 12 1 1 8 1 8 1 8 1 10 12 1 9 12 1 1 10 12 1 1 10 12 1 1 100 1 10 12 1 1 10 12 1 10 7 12 1 1 1 10 12 1 1 9 12 1 1 8 1 10 100 12 1 1 1 10 7 12 1 1 10 12 10 10 12 1 1 9 12 1 8 10 12 1 1 100 1 10 12 1 1 10 12 1 9 7 12 1 1 9 12 1 1 8 1 10 100 12 1 1 10 12 1 1 100 1 100 1 10 10 12 1 1 10 12 1 1 8 1 8 1 100 1 8 1 10 12 10 12 1 10 12 1 10 12 1 1 8 1 8 1 9 100 12 1 1 1 10 12 1 10 12 1 1 8 1 8 1 8 1 100 1 8 1 100 1 8 1 100 1 8 1 10 12 1 8 1 9 10 7 12 1 1 1 10 12 1 9 12 1 1 10 12 1 10 10 12 1 10 12 1 10 12 1 10 12 1 1 10 12 1 10 12 1 1 10 12 1 1 10 12 1 1 8 1 100 10 12 1 10 12 1 9 12 1 1 10 7 12 1 1 8 1 8 1 100 1 8 1 8 1 8 1 8 1 8 1 8 1 8 1 8 1 10 12 1 1 10 12 1 1 10 12 1 10 12 1 8 1 8 1 8 1 10 12 1 8 1 10 12 1 8 1 8 1 8 1 8 1 8 1 10 12 1 10 12 1 10 12 1 1 10 7 12 1 1 1 10 12 1 10 12 1 10 12 1 10 12 1 10 12 1 10 12 1 10 12 1 9 12 1 1 8 1 10 12 1 1 9 12 1 1 10 12 1 1 9 12 1 9 12 1 1 9 12 1 9 12 1 1 7 1 10 7 12 1 1 1 9 12 1 10 12 1 10 12 1 8 1 10 12 1 9 12 1 1 7 1 10 7 12 1 1 1 8 1 100 1 10 12 1 9 12 1 9 12 1 10 12 1 10 12 1 10 7 12 1 1 1 10 12 1 9 7 12 1 1 10 12 1 1 10 12 1 10 12 1 9 12 10 12 1 10 10 12 1 9 9 12 1 7 9 12 1 1 10 12 1 1 9 12 1 10 12 1 10 7 1 9 1 1 1 1 3 1 3 1 3 1 1 1 1 1 1 1 1 1 1 1 1 1 1 1 1 1 1 1 1 1 1 1 1 1 1 1 1 1 1 1 1 1 1 1 1 1 1 1 1 1 1 1 1 1 1 1 1 1 1 1 1 1 1 1 1 100 1 1 1 1 1 1 1 1 1 1 1 1 1 1 1 1 1 1 1 1 1 1 1 1 1 1 1 1 1 1 1 1 1 1 1 1 1 1 1 1 1 1 1 1 1 1 1 1 1 1 1 1 1 1 1 1 1 1 1 100 1 1 1 1 1 1 1 1 1 1 1 1 1 1 1 1 1 1 1 1 1 1 1 1 1 1 1 1 1 1 1 1 1 1 100 1 1 1 1 1 1 1 1 1 1 1 1 1 1 1 1 1 1 1 1 1 1 100 1 1 1 100 1 1 100 1 1 1 1 1 1 1 1 1 1 1
staticfield java/lang/invoke/LambdaForm COMPILE_THRESHOLD I 0
staticfield java/lang/invoke/LambdaForm INTERNED_ARGUMENTS [[Ljava/lang/invoke/LambdaForm$Name; 5 [[Ljava/lang/invoke/LambdaForm$Name;
staticfield java/lang/invoke/LambdaForm IMPL_NAMES Ljava/lang/invoke/MemberName$Factory; java/lang/invoke/MemberName$Factory
staticfield java/lang/invoke/LambdaForm LF_identity [Ljava/lang/invoke/LambdaForm; 6 [Ljava/lang/invoke/LambdaForm;
staticfield java/lang/invoke/LambdaForm LF_zero [Ljava/lang/invoke/LambdaForm; 6 [Ljava/lang/invoke/LambdaForm;
staticfield java/lang/invoke/LambdaForm NF_identity [Ljava/lang/invoke/LambdaForm$NamedFunction; 6 [Ljava/lang/invoke/LambdaForm$NamedFunction;
staticfield java/lang/invoke/LambdaForm NF_zero [Ljava/lang/invoke/LambdaForm$NamedFunction; 6 [Ljava/lang/invoke/LambdaForm$NamedFunction;
staticfield java/lang/invoke/LambdaForm createFormsLock Ljava/lang/Object; java/lang/Object
staticfield java/lang/invoke/LambdaForm DEBUG_NAME_COUNTERS Ljava/util/HashMap; null
staticfield java/lang/invoke/LambdaForm DEBUG_NAMES Ljava/util/HashMap; null
staticfield java/lang/invoke/LambdaForm TRACE_INTERPRETER Z 0
staticfield java/lang/invoke/LambdaForm $assertionsDisabled Z 1
ciInstanceKlass java/lang/invoke/MethodHandleNatives 1 1 684 100 1 10 7 12 1 1 1 9 7 12 1 1 1 10 12 1 1 100 1 10 10 12 1 1 10 12 1 10 12 1 8 1 8 1 8 1 8 1 8 1 8 1 8 1 8 1 8 1 8 1 10 12 1 1 7 1 10 7 12 1 1 1 10 100 12 1 1 1 7 1 10 10 12 1 1 8 1 10 12 1 8 1 10 12 1 1 8 1 10 12 1 1 9 100 12 1 1 1 8 1 10 100 12 1 1 1 100 1 10 12 100 1 100 1 8 1 7 1 10 10 12 1 7 1 9 7 12 1 1 10 12 1 1 10 12 1 10 7 12 1 1 1 7 1 10 12 1 1 10 7 12 1 1 1 10 12 1 10 12 1 1 10 12 1 1 9 12 1 8 1 10 12 1 8 1 10 12 1 8 1 8 1 8 1 100 1 10 12 1 8 1 10 12 1 1 10 12 1 10 100 12 1 1 1 100 1 8 1 10 100 12 1 1 1 7 1 8 1 10 12 1 8 1 8 1 8 1 8 1 8 1 10 12 1 1 10 12 1 1 10 12 1 10 12 1 1 10 12 1 1 7 1 10 12 1 100 1 100 1 10 12 1 10 12 1 8 1 8 1 10 10 12 1 1 10 12 1 1 8 1 10 100 12 1 1 1 8 1 8 1 10 12 1 1 10 7 12 1 1 1 100 1 10 12 1 1 7 1 9 12 1 1 10 7 12 1 1 1 10 10 12 1 9 12 1 10 12 1 1 9 12 1 9 12 1 10 12 1 1 10 12 1 10 12 1 1 7 1 7 1 10 12 1 1 10 12 1 10 12 1 1 10 7 12 1 1 1 10 12 1 8 1 10 12 1 10 12 1 10 12 1 1 10 12 1 10 7 12 1 1 1 10 12 1 1 100 1 8 1 10 9 7 12 1 1 1 10 12 1 1 10 12 1 1 100 1 10 12 1 1 10 12 1 1 100 1 100 1 10 10 100 1 100 1 10 100 1 10 10 12 1 1 10 100 1 10 12 1 10 12 1 10 12 1 1 10 12 1 1 10 12 1 1 10 12 1 10 12 1 1 10 8 1 100 1 10 12 1 10 12 1 10 12 1 10 12 1 10 12 1 1 10 12 1 9 12 1 1 10 7 12 1 1 1 9 12 1 1 11 7 12 1 1 1 10 12 1 10 12 1 10 10 12 1 10 7 12 1 1 1 1 1 1 1 1 1 1 1 1 1 1 1 100 1 1 1 1 1 1 1 1 1 1 1 1 1 1 1 1 1 1 1 1 1 1 1 1 1 1 1 1 1 1 1 1 1 1 1 1 1 1 1 1 1 1 1 1 1 1 1 1 1 1 1 1 1 1 1 1 1 1 1 1 1 1 1 1 1 1 1 1 1 1 1 1 1 1 1 1 1 1 1 1 1 1 1 1 1 1 1 1 1 1 1 1 1 1 1 1 1 1 100 1 1 1 1 1 1 1 1 1 1 1 1 1 1 1 1 1 1 1 1 1 1 1 1 1 1 1 1 100 1 1 1 1 1 1 1 100 1 1 1
staticfield java/lang/invoke/MethodHandleNatives JLA Ljdk/internal/access/JavaLangAccess; java/lang/System$2
staticfield java/lang/invoke/MethodHandleNatives $assertionsDisabled Z 1
ciInstanceKlass java/lang/invoke/MethodHandleImpl$IntrinsicMethodHandle 1 1 114 10 7 12 1 1 1 10 7 12 1 1 1 10 7 12 1 1 9 12 1 1 9 12 1 1 9 12 1 1 10 12 1 1 9 12 1 100 1 10 12 1 10 12 1 1 10 12 1 1 8 1 10 12 1 10 12 1 9 100 12 1 1 10 10 100 12 1 1 1 10 12 1 1 10 100 12 1 1 1 10 12 1 10 1 1 1 1 1 1 1 1 1 1 1 1 1 1 1 1 1 1 1 1 1 1 1 1 1 1 1 1 1 1
instanceKlass java/lang/invoke/MethodHandleImpl$CountingWrapper
instanceKlass java/lang/invoke/MethodHandleImpl$WrappedMember
instanceKlass java/lang/invoke/MethodHandleImpl$AsVarargsCollector
instanceKlass java/lang/invoke/MethodHandleImpl$IntrinsicMethodHandle
ciInstanceKlass java/lang/invoke/DelegatingMethodHandle 1 1 308 100 1 10 7 12 1 1 1 10 7 12 1 1 1 10 12 1 1 10 12 1 10 12 1 1 10 12 1 1 10 10 7 12 1 1 1 10 12 1 10 12 1 10 12 1 1 10 12 1 10 12 1 1 8 1 10 7 12 1 1 1 100 1 10 12 1 8 1 10 12 1 1 10 7 12 1 1 10 7 12 1 1 1 8 1 10 12 1 10 12 1 10 12 1 1 7 1 10 12 1 1 7 1 9 12 1 1 10 12 1 1 10 12 1 10 7 12 1 1 10 12 1 1 10 12 1 1 10 12 1 1 10 12 1 1 10 12 1 10 12 1 10 7 12 1 1 1 9 12 1 1 100 1 10 10 7 12 1 1 1 10 12 1 7 1 10 7 12 1 1 1 10 12 1 10 12 1 10 12 1 10 12 1 1 9 7 12 1 1 1 9 12 1 9 12 1 10 12 1 10 12 1 8 10 12 1 1 10 12 1 7 1 10 12 1 1 7 1 10 7 12 1 1 1 10 12 1 100 1 10 12 1 1 9 12 1 1 7 1 10 7 12 1 1 1 1 1 1 1 1 1 1 1 1 1 1 1 1 1 1 1 1 1 1 1 1 1 1 1 1 1 1 1 1 1 1 1 1 1 1 1 1 1 1 1 1 1 1 1 1 100 1 1 1 1 1 1 1 1 100 1 1 1 1 1 1 1
staticfield java/lang/invoke/DelegatingMethodHandle NF_getTarget Ljava/lang/invoke/LambdaForm$NamedFunction; java/lang/invoke/LambdaForm$NamedFunction
staticfield java/lang/invoke/DelegatingMethodHandle $assertionsDisabled Z 1
ciMethod java/lang/invoke/MethodHandleImpl profileBoolean (Z[I)Z 782 0 7776 0 -1
ciMethod java/lang/invoke/MethodHandleImpl isCompileConstant (Ljava/lang/Object;)Z 256 0 538891 0 -1
ciInstanceKlass jdk/internal/reflect/CallerSensitive 0 0 17 100 1 100 1 100 1 1 1 1 1 1 1 1 1 1 1
ciInstanceKlass jdk/internal/reflect/ConstantPool 1 1 142 10 100 12 1 1 1 9 7 12 1 1 1 10 12 1 1 10 12 1 1 10 12 1 10 12 1 1 10 12 1 1 10 12 1 10 12 1 1 10 12 1 10 12 1 1 10 12 1 10 12 1 10 12 1 10 12 1 1 10 12 1 1 10 12 1 1 10 12 1 1 10 12 1 10 12 1 1 10 100 12 1 1 1 8 11 7 12 1 1 1 10 7 12 1 1 1 1 1 1 1 1 1 1 1 1 1 1 1 1 1 1 1 1 1 1 1 1 1 1 1 1 1 1 1 1 1 1 1 1 1 1 1 1 1 1 1 1 1 1 1 1
instanceKlass jdk/internal/reflect/UnsafeStaticFloatFieldAccessorImpl
instanceKlass jdk/internal/reflect/UnsafeStaticBooleanFieldAccessorImpl
instanceKlass jdk/internal/reflect/UnsafeStaticObjectFieldAccessorImpl
instanceKlass jdk/internal/reflect/UnsafeStaticIntegerFieldAccessorImpl
instanceKlass jdk/internal/reflect/UnsafeQualifiedStaticFieldAccessorImpl
ciInstanceKlass jdk/internal/reflect/UnsafeStaticFieldAccessorImpl 1 1 47 10 7 12 1 1 1 9 7 12 1 1 1 10 7 12 1 1 1 9 12 1 1 8 11 7 12 1 1 1 10 7 12 1 1 1 1 1 1 1 1 1 1 1 1 1 1
instanceKlass jdk/internal/reflect/UnsafeFieldAccessorImpl
ciInstanceKlass jdk/internal/reflect/FieldAccessorImpl 1 1 59 10 7 12 1 1 1 100 1 100 1 1 1 1 1 1 1 1 1 100 1 1 1 1 1 1 1 1 1 1 1 1 1 1 1 1 1 1 1 100 1 1 1 1 1 1 1 1 1 1 1 1 1 1 1 1 1 1 1
instanceKlass jdk/internal/reflect/UnsafeBooleanFieldAccessorImpl
instanceKlass jdk/internal/reflect/UnsafeIntegerFieldAccessorImpl
instanceKlass jdk/internal/reflect/UnsafeObjectFieldAccessorImpl
instanceKlass jdk/internal/reflect/UnsafeLongFieldAccessorImpl
instanceKlass jdk/internal/reflect/UnsafeStaticFieldAccessorImpl
ciInstanceKlass jdk/internal/reflect/UnsafeFieldAccessorImpl 1 1 254 10 7 12 1 1 1 9 7 12 1 1 1 10 7 12 1 1 1 10 7 12 1 1 1 9 12 1 1 10 7 12 1 1 1 9 12 1 1 10 12 1 10 12 1 9 12 1 10 12 1 1 10 7 12 1 1 10 7 12 1 1 1 10 12 1 1 100 1 10 10 12 1 1 10 12 1 1 8 1 10 10 12 1 100 1 8 1 10 12 1 8 1 10 12 1 8 1 10 12 1 100 1 10 12 1 1 10 8 1 10 12 1 1 8 1 10 100 12 1 1 8 1 10 100 12 1 1 8 1 10 100 12 1 1 8 1 10 100 12 1 1 8 1 10 100 12 1 1 8 1 10 100 12 1 1 8 1 10 100 12 1 1 8 1 10 100 12 1 1 10 12 1 1 8 1 8 1 8 1 8 1 8 1 8 1 10 100 12 1 1 1 8 1 8 1 8 1 10 12 10 12 1 1 1 1 1 1 1 1 1 1 1 1 1 1 1 1 1 1 1 1 1 1 1 1 1 1 1 1 1 1 1 1 1 1 1 1 1 1 1 1 1 1 1 1 1 1 1 1 1 1 1 1
staticfield jdk/internal/reflect/UnsafeFieldAccessorImpl unsafe Ljdk/internal/misc/Unsafe; jdk/internal/misc/Unsafe
ciInstanceKlass jdk/internal/reflect/NativeConstructorAccessorImpl 1 1 126 10 7 12 1 1 1 9 7 12 1 1 1 9 12 1 1 10 7 12 1 1 1 10 7 12 1 1 1 10 7 12 1 1 1 9 12 1 9 12 1 1 9 12 1 1 10 7 12 1 1 1 7 1 10 10 12 1 1 10 12 1 10 12 1 10 12 1 1 9 12 1 1 10 7 12 1 1 1 100 1 10 12 1 1 10 12 1 1 8 10 12 1 1 1 1 1 1 1 1 1 1 1 1 1 1 1 1 1 1 1 1 1 1 100 1 100 1 100 1 1 1 1 1 1 1
staticfield jdk/internal/reflect/NativeConstructorAccessorImpl U Ljdk/internal/misc/Unsafe; jdk/internal/misc/Unsafe
staticfield jdk/internal/reflect/NativeConstructorAccessorImpl GENERATED_OFFSET J 16
ciInstanceKlass java/lang/invoke/ConstantCallSite 1 1 65 10 7 12 1 1 1 9 7 12 1 1 1 9 12 1 1 10 7 12 1 1 1 10 12 1 100 1 10 12 9 12 1 1 100 1 10 10 12 1 1 10 12 1 1 1 1 1 1 1 1 1 1 1 1 1 100 1 1 1 1 1 1 1 1
staticfield java/lang/invoke/ConstantCallSite UNSAFE Ljdk/internal/misc/Unsafe; jdk/internal/misc/Unsafe
instanceKlass org/robolectric/internal/bytecode/RoboCallSite
ciInstanceKlass java/lang/invoke/MutableCallSite 1 1 63 10 7 12 1 1 1 10 12 1 9 7 12 1 1 1 10 12 1 10 12 1 1 9 12 1 1 10 7 12 1 1 1 10 7 12 1 1 1 10 12 1 1 1 1 1 1 1 1 1 1 1 1 1 1 1 1 1 1 100 1 1 1
staticfield java/lang/invoke/MutableCallSite STORE_BARRIER Ljava/util/concurrent/atomic/AtomicInteger; java/util/concurrent/atomic/AtomicInteger
ciMethod java/lang/invoke/MutableCallSite getTarget ()Ljava/lang/invoke/MethodHandle; 260 0 130 0 0
instanceKlass java/lang/invoke/VarHandleReferences$Array
instanceKlass java/lang/invoke/VarHandleReferences$FieldStaticReadOnly
instanceKlass java/lang/invoke/VarHandleBooleans$FieldInstanceReadOnly
instanceKlass java/lang/invoke/VarHandleInts$FieldStaticReadOnly
instanceKlass java/lang/invoke/VarHandleLongs$FieldInstanceReadOnly
instanceKlass java/lang/invoke/VarHandleByteArrayAsLongs$ByteArrayViewVarHandle
instanceKlass java/lang/invoke/VarHandleByteArrayAsInts$ByteArrayViewVarHandle
instanceKlass java/lang/invoke/VarHandleInts$FieldInstanceReadOnly
instanceKlass java/lang/invoke/VarHandleReferences$FieldInstanceReadOnly
ciInstanceKlass java/lang/invoke/VarHandle 1 1 390 10 7 12 1 1 1 10 7 12 1 1 9 12 1 1 9 12 1 1 100 1 10 8 1 10 12 1 1 10 7 12 1 1 1 10 12 1 1 10 100 12 1 1 1 9 100 12 1 1 1 10 12 1 1 10 100 12 1 1 1 10 12 1 1 9 12 1 10 12 1 9 12 1 1 10 7 12 1 1 10 12 1 9 7 12 1 1 1 9 12 1 1 10 12 1 1 100 1 100 1 10 8 1 10 12 1 1 10 12 1 8 1 10 12 1 10 12 1 10 12 1 1 9 7 12 1 1 1 10 12 1 10 12 1 1 10 12 1 10 10 100 12 1 1 1 10 12 1 1 10 12 1 1 10 100 12 1 1 1 10 100 12 1 1 1 10 100 12 1 1 1 9 12 1 1 10 9 12 1 1 10 12 1 10 12 1 10 12 1 1 10 12 1 10 100 12 1 1 1 9 12 1 1 10 12 1 1 9 12 1 10 12 1 10 12 1 10 100 12 1 1 100 1 10 9 7 12 1 1 1 9 12 1 1 10 7 12 1 1 1 10 12 1 10 12 1 10 12 1 10 12 1 10 12 1 10 12 1 1 7 1 10 10 7 12 1 1 1 9 12 1 1 8 10 12 1 1 7 1 10 12 1 1 100 1 1 1 1 1 1 1 1 1 1 1 1 1 1 1 1 1 1 1 1 1 1 1 1 1 1 1 1 1 1 1 1 1 1 1 1 1 1 1 1 1 1 1 1 1 1 1 1 1 1 1 1 1 1 1 1 1 1 1 1 1 1 1 1 1 1 1 1 1 1 1 1 1 1 1 1 1 1 1 1 1 1 1 1 1 1 1 1 1 100 1 100 1 100 1 1 1 1 1 1 1 100 1 1 1
staticfield java/lang/invoke/VarHandle AIOOBE_SUPPLIER Ljava/util/function/BiFunction; jdk/internal/util/Preconditions$1
staticfield java/lang/invoke/VarHandle VFORM_OFFSET J 16
staticfield java/lang/invoke/VarHandle $assertionsDisabled Z 1
ciInstanceKlass java/lang/invoke/MemberName 1 1 757 7 1 7 1 100 1 9 12 1 1 10 7 12 1 1 1 9 12 1 1 10 12 1 1 10 12 1 1 10 12 1 1 10 12 1 10 12 1 1 10 7 12 1 1 1 10 12 1 9 7 12 1 1 10 12 1 100 1 100 1 10 12 1 8 1 10 12 1 1 10 12 1 10 12 1 1 10 12 1 9 12 1 1 8 1 10 100 12 1 1 1 7 1 10 10 12 1 1 100 1 100 1 10 12 1 1 9 12 1 1 100 1 8 1 10 12 1 10 12 1 10 12 1 10 12 1 10 12 1 1 10 12 1 10 12 1 10 12 1 1 10 12 1 1 10 12 1 8 1 8 1 8 1 10 100 12 1 1 1 10 12 1 9 12 1 1 3 10 12 1 10 12 1 10 12 1 10 10 7 12 1 1 1 10 12 1 10 12 1 10 12 1 10 12 1 7 1 8 10 12 1 1 10 12 1 1 8 1 9 100 1 8 9 100 1 10 12 1 1 10 12 1 10 12 1 8 1 10 12 1 1 10 12 1 10 12 1 10 12 1 10 12 1 1 100 1 10 12 1 1 10 12 1 8 1 10 12 1 10 12 1 8 1 10 12 1 1 10 12 1 1 7 1 10 12 1 1 10 12 8 1 8 1 100 1 10 12 1 10 100 12 1 1 1 100 1 10 12 10 12 1 10 12 1 10 12 1 10 12 1 10 10 12 1 10 12 1 10 12 1 3 10 12 1 3 10 12 1 3 3 3 3 3 3 3 100 1 10 12 1 10 7 12 1 1 1 10 12 1 3 9 12 1 10 12 1 1 3 10 12 1 10 10 7 12 1 1 1 10 12 1 1 10 7 1 10 10 12 1 10 12 1 10 12 1 10 10 12 1 1 10 12 1 10 12 1 10 12 1 100 1 10 10 10 12 100 1 10 10 10 12 1 1 10 12 1 1 10 10 12 1 8 10 7 1 10 12 1 10 7 1 10 12 1 10 12 1 10 12 1 10 10 12 1 10 12 1 1 10 12 1 1 10 12 1 10 12 1 10 12 1 100 1 10 12 1 1 100 1 8 1 10 7 1 10 12 1 10 12 10 12 1 1 10 12 1 10 12 1 8 1 8 1 8 1 8 1 10 12 1 10 12 1 10 12 1 1 8 1 8 1 10 12 1 8 1 10 10 12 1 10 12 1 8 1 8 1 10 10 12 1 8 1 10 100 12 1 1 1 8 1 10 12 1 10 12 1 1 10 12 1 8 1 8 1 8 1 8 1 100 1 10 8 1 8 1 8 1 8 1 10 12 1 100 1 100 1 100 1 10 100 1 10 100 1 10 100 12 1 1 1 9 7 12 1 1 1 100 1 100 1 1 1 1 1 1 1 3 1 3 1 3 1 3 1 3 1 3 1 1 1 1 1 1 1 1 3 1 3 1 1 1 1 3 1 1 1 1 1 1 1 1 1 1 1 1 1 1 1 1 1 1 1 1 1 1 1 1 1 1 1 1 1 1 1 1 1 1 1 1 1 1 1 1 1 1 1 1 1 1 1 1 1 1 1 1 1 1 1 1 1 1 1 1 1 1 1 1 1 1 1 1 1 1 1 1 1 1 1 1 1 1 1 1 1 1 1 1 1 1 1 1 1 1 1 1 1 1 1 1 1 1 1 1 1 1 1 1 1 1 100 1 1 1 1 1 1 1 1 1 1 1 1 1 1 1
staticfield java/lang/invoke/MemberName $assertionsDisabled Z 1
ciInstanceKlass java/lang/invoke/ResolvedMethodName 1 1 16 10 100 12 1 1 1 100 1 1 1 1 1 1 1 1
ciInstanceKlass java/lang/StackWalker 0 0 235 9 100 12 1 1 1 10 100 12 1 1 1 100 1 10 100 12 1 1 1 10 12 1 1 11 100 12 1 1 1 10 12 1 1 10 12 1 1 10 12 1 1 100 1 8 1 10 12 1 10 12 1 10 12 1 10 100 12 1 1 9 12 1 1 9 12 1 1 9 12 1 1 9 12 1 1 10 12 1 1 9 12 1 1 10 100 12 1 1 1 11 12 1 1 100 1 8 1 10 10 100 12 1 1 9 12 1 1 10 12 1 1 10 100 12 1 1 1 10 100 12 1 1 1 18 12 1 1 100 1 8 1 10 10 12 1 1 10 100 12 1 1 1 9 100 12 1 1 11 100 12 1 1 1 10 12 1 1 1 1 1 1 1 1 1 1 1 1 1 1 1 1 1 1 1 1 1 1 1 1 1 1 1 1 1 1 1 1 1 1 1 1 1 1 1 1 1 1 1 1 1 1 1 1 1 1 1 100 1 1 15 10 100 12 1 1 1 16 15 10 12 16 1 1 1 1 1 1 1 100 1 100 1 1
ciInstanceKlass java/lang/StackStreamFactory$AbstractStackWalker 1 0 306 100 1 100 1 3 10 100 12 1 1 1 10 100 12 1 1 10 100 12 1 1 1 9 12 1 1 10 12 1 1 9 12 1 1 9 12 1 1 9 12 1 1 9 12 1 9 100 12 1 1 1 10 100 12 1 1 1 10 12 1 1 9 12 1 1 10 100 12 1 1 1 10 12 1 1 9 12 1 1 9 100 12 1 1 1 100 1 10 8 1 10 12 1 1 10 12 1 8 1 10 12 1 1 10 100 12 1 1 1 100 1 8 1 10 12 1 8 1 10 12 9 100 12 1 1 1 10 100 12 1 1 9 12 1 8 1 5 0 8 1 8 1 9 12 1 1 10 12 1 1 10 12 1 1 10 12 1 9 12 1 10 12 1 10 12 1 10 12 1 10 12 1 1 10 12 1 10 12 1 1 8 1 10 12 1 10 12 1 10 12 1 10 12 1 1 8 1 10 12 1 1 10 12 1 1 10 12 1 1 10 12 1 10 12 1 10 100 12 1 1 1 9 12 1 8 1 10 12 1 10 12 1 10 12 1 10 12 1 10 12 1 10 12 1 10 12 1 1 10 12 1 1 10 12 1 1 10 12 1 8 1 1 1 1 1 1 1 1 1 1 1 1 1 1 1 1 1 1 100 1 1 1 1 100 1 1 1 1 1 1 1 1 1 1 1 1 1 1 1 1 1 1 1 1 1
ciInstanceKlass jdk/internal/module/Modules 1 1 504 10 100 12 1 1 1 9 7 12 1 1 1 11 7 12 1 1 1 11 12 1 1 11 12 1 1 11 12 1 1 11 12 1 11 12 1 11 12 1 11 12 1 11 12 1 1 10 100 12 1 1 1 10 100 12 1 1 1 18 12 1 1 10 100 12 1 1 1 100 1 10 100 12 1 1 1 10 100 12 1 1 1 10 100 12 1 1 10 12 1 1 11 12 1 9 12 1 1 11 100 12 1 1 1 10 12 1 1 10 10 12 1 10 9 12 1 1 10 7 12 1 1 10 12 1 1 10 100 12 1 1 100 1 11 100 12 1 1 1 10 100 12 1 1 1 11 100 12 1 1 10 12 1 1 10 100 12 1 1 10 100 12 1 1 1 10 12 1 1 10 12 1 1 11 12 1 1 18 12 1 1 11 100 12 1 1 10 100 12 1 1 1 11 100 12 1 1 1 100 1 11 12 1 1 11 100 12 1 1 1 11 12 1 1 10 12 1 1 10 100 12 1 1 18 12 1 1 11 12 1 1 18 12 1 1 11 12 1 1 10 12 1 18 18 10 12 1 1 9 12 1 1 11 100 12 1 1 1 100 1 10 11 12 1 11 12 1 1 11 12 1 1 10 100 1 10 12 1 1 10 100 12 1 1 10 12 1 1 11 12 10 12 1 1 100 1 10 18 12 1 10 12 1 1 100 1 8 1 10 12 1 10 100 12 1 1 18 12 1 11 11 12 10 12 1 10 10 100 1 18 12 1 10 10 10 7 12 1 1 10 7 12 1 1 1 10 12 1 1 1 1 1 1 1 1 1 1 1 1 1 1 1 1 1 1 1 1 1 1 1 1 1 1 1 1 1 1 1 1 1 100 1 1 1 1 1 1 1 1 1 1 1 1 1 1 1 1 1 1 1 1 1 1 1 1 1 1 1 1 1 1 1 1 1 1 1 100 1 1 1 1 1 1 1 1 1 1 1 1 1 1 1 1 1 1 1 1 1 1 1 15 10 100 12 1 1 1 16 15 10 12 1 16 16 15 10 12 1 16 1 16 1 15 10 12 1 16 1 16 1 15 10 12 16 1 15 10 16 1 15 10 12 16 1 15 10 12 16 15 10 12 16 15 10 12 1 1 1 100 1 100 1 1
staticfield jdk/internal/module/Modules JLA Ljdk/internal/access/JavaLangAccess; java/lang/System$2
staticfield jdk/internal/module/Modules JLMA Ljdk/internal/access/JavaLangModuleAccess; java/lang/module/ModuleDescriptor$1
staticfield jdk/internal/module/Modules $assertionsDisabled Z 1
ciInstanceKlass java/lang/invoke/Invokers$Holder 1 1 99 1 100 1 100 1 1 1 1 1 1 1 7 1 7 1 7 1 1 12 10 1 1 12 10 1 1 12 10 1 1 100 1 1 12 9 1 1 1 12 10 1 1 1 12 10 1 1 12 10 1 1 1 12 10 1 1 7 1 1 12 10 1 1 12 10 1 1 12 10 1 12 10 1 1 12 10 1 1 12 10 1 12 10 1 12 10 12 10 1 1 12 10 1 12 10 1 1 1
ciInstanceKlass java/lang/invoke/DirectMethodHandle$Holder 1 1 483 1 100 1 100 1 1 1 1 1 1 1 7 1 1 12 10 1 12 10 1 7 1 7 1 1 12 10 1 1 1 1 12 10 1 1 12 10 1 1 12 10 1 1 12 10 1 1 12 10 1 1 12 10 1 1 12 10 1 1 12 10 1 1 12 10 1 1 12 10 1 1 12 10 1 1 12 10 1 1 12 10 1 1 12 10 1 1 12 10 1 1 12 10 1 1 12 10 1 1 12 10 1 1 12 10 1 1 12 10 1 1 12 10 1 1 12 10 1 1 12 10 1 1 12 10 1 1 12 10 1 1 12 10 1 1 12 10 1 1 12 10 1 1 12 10 1 1 12 10 1 1 1 12 10 1 1 12 10 1 1 1 1 12 10 1 1 12 10 1 1 12 10 1 1 12 10 1 1 12 10 1 1 12 10 1 1 12 10 1 1 12 10 1 1 12 10 1 1 12 10 12 10 12 10 12 10 1 1 12 10 12 10 12 10 1 1 12 10 12 10 12 10 12 10 1 1 12 10 1 1 12 10 1 1 12 10 1 1 12 10 1 1 12 10 1 1 12 10 1 1 12 10 1 1 12 10 1 1 12 10 1 1 12 10 1 1 12 10 1 1 12 10 1 1 12 10 12 10 12 10 12 10 1 12 10 1 1 12 10 1 1 12 10 1 1 1 1 12 10 12 10 1 1 12 10 1 12 10 12 10 1 1 12 10 1 12 10 12 10 1 1 1 12 10 1 12 10 1 7 1 1 12 9 1 7 1 12 10 1 12 10 1 1 1 12 10 1 12 10 1 1 12 10 1 12 10 1 1 1 12 10 1 12 10 1 1 12 10 1 12 10 1 1 12 10 1 12 10 1 1 12 10 1 12 10 1 1 12 10 1 12 10 1 1 12 10 1 12 10 1 1 12 10 1 12 10 1 1 12 10 1 12 10 1 1 1 12 10 1 12 10 1 1 1 12 10 1 12 10 1 1 1 1 12 10 1 12 10 1 1 1 12 10 1 12 10 1 1 1 1 1 12 10 1 12 10 1 1 1 12 10 1 12 10 1 1 1 12 10 1 12 10 1 1 12 10 1 12 10 1 1 1
ciInstanceKlass java/lang/invoke/DelegatingMethodHandle$Holder 1 1 240 1 100 1 100 1 1 1 1 1 1 1 7 1 1 12 9 1 7 1 1 12 10 1 1 7 1 1 12 10 1 1 12 10 1 1 12 10 1 1 12 10 1 1 12 10 1 12 10 1 1 12 10 1 12 10 1 12 10 1 12 10 1 12 10 1 1 12 10 1 1 12 10 1 1 12 10 1 1 12 10 1 12 10 1 1 12 10 1 1 12 10 1 1 12 10 1 1 12 10 1 1 12 10 1 1 12 10 1 1 12 10 1 1 12 10 1 1 12 10 1 1 12 10 1 1 12 10 1 12 10 1 12 10 1 12 10 1 1 12 10 1 1 12 10 1 12 10 1 1 12 10 1 12 10 1 12 10 1 12 10 1 12 10 1 12 10 1 12 10 1 1 12 10 1 12 10 1 12 10 1 12 10 1 12 10 12 10 1 12 10 1 1 12 10 1 1 12 10 1 12 10 1 12 10 1 12 10 1 12 10 1 12 10 1 12 10 1 12 10 1 12 10 1 12 10 1 12 10 1 12 10 12 10 1 12 10 1 1 1
ciMethod java/lang/invoke/DelegatingMethodHandle$Holder delegate (Ljava/lang/Object;Ljava/lang/Object;)I 534 0 66364 0 -1
ciMethod java/lang/invoke/DelegatingMethodHandle$Holder delegate (Ljava/lang/Object;Ljava/lang/Object;Ljava/lang/Object;ILjava/lang/Object;)Ljava/lang/Object; 512 0 1906 0 -1
ciMethod java/lang/invoke/DelegatingMethodHandle$Holder delegate (Ljava/lang/Object;Ljava/lang/Object;I)I 530 0 35425 0 -1
ciMethod java/lang/invoke/DelegatingMethodHandle$Holder delegate (Ljava/lang/Object;Ljava/lang/Object;)V 512 0 121063 0 -1
ciMethod java/lang/invoke/DelegatingMethodHandle$Holder delegate (Ljava/lang/Object;Ljava/lang/Object;)Ljava/lang/Object; 770 0 45942 0 -1
ciMethod java/lang/invoke/DelegatingMethodHandle$Holder delegate (Ljava/lang/Object;)Ljava/lang/Object; 452 0 9960 0 -1
ciMethod java/lang/invoke/DelegatingMethodHandle$Holder delegate (Ljava/lang/Object;Ljava/lang/Object;Ljava/lang/Object;Ljava/lang/Object;)V 782 0 11208 0 -1
ciMethod java/lang/invoke/DelegatingMethodHandle$Holder delegate (Ljava/lang/Object;Ljava/lang/Object;Ljava/lang/Object;)V 788 0 53545 0 -1
ciMethod java/lang/invoke/DelegatingMethodHandle$Holder delegate (Ljava/lang/Object;Ljava/lang/Object;Ljava/lang/Object;)Ljava/lang/Object; 1024 0 23985 0 -1
ciMethod java/lang/invoke/DelegatingMethodHandle$Holder delegate (Ljava/lang/Object;Ljava/lang/Object;I)Ljava/lang/Object; 636 0 18270 0 -1
ciMethod java/lang/invoke/DirectMethodHandle$Holder invokeVirtual (Ljava/lang/Object;Ljava/lang/Object;)Ljava/lang/Object; 778 0 544141 0 -1
ciMethod java/lang/invoke/DirectMethodHandle$Holder invokeStatic (Ljava/lang/Object;)Ljava/lang/Object; 512 0 9460 0 -1
ciMethod java/lang/invoke/DirectMethodHandle$Holder invokeStatic (Ljava/lang/Object;Ljava/lang/Object;)I 798 0 22066 0 -1
ciMethod java/lang/invoke/DirectMethodHandle$Holder invokeSpecial (Ljava/lang/Object;Ljava/lang/Object;Ljava/lang/Object;Ljava/lang/Object;)V 786 0 12251 0 -1
ciMethod java/lang/invoke/DirectMethodHandle$Holder invokeSpecial (Ljava/lang/Object;Ljava/lang/Object;Ljava/lang/Object;)Ljava/lang/Object; 512 0 28802 0 -1
ciMethod java/lang/invoke/DirectMethodHandle$Holder invokeSpecial (Ljava/lang/Object;Ljava/lang/Object;)Ljava/lang/Object; 1024 0 26113 0 -1
ciMethod java/lang/invoke/DirectMethodHandle$Holder invokeSpecial (Ljava/lang/Object;Ljava/lang/Object;)V 768 0 104760 0 -1
ciMethod java/lang/invoke/DirectMethodHandle$Holder invokeSpecial (Ljava/lang/Object;Ljava/lang/Object;I)Ljava/lang/Object; 860 0 18067 0 -1
ciMethod java/lang/invoke/DirectMethodHandle$Holder newInvokeSpecial (Ljava/lang/Object;Ljava/lang/Object;Ljava/lang/Object;)Ljava/lang/Object; 108 0 14804 0 -1
ciMethod java/lang/invoke/Invokers$Holder linkToTargetMethod (Ljava/lang/Object;Ljava/lang/Object;Ljava/lang/Object;)Ljava/lang/Object; 108 0 22254 0 -1
ciMethod java/lang/invoke/Invokers$Holder linkToCallSite (Ljava/lang/Object;ILjava/lang/Object;)Ljava/lang/Object; 554 0 18837 0 -1
ciMethod java/lang/invoke/Invokers$Holder linkToCallSite (Ljava/lang/Object;)Ljava/lang/Object; 512 0 18125 0 -1
ciMethod java/lang/invoke/Invokers$Holder linkToCallSite (Ljava/lang/Object;Ljava/lang/Object;)Ljava/lang/Object; 768 0 51045 0 -1
ciMethod java/lang/invoke/Invokers$Holder linkToCallSite (Ljava/lang/Object;Ljava/lang/Object;Ljava/lang/Object;)Ljava/lang/Object; 514 0 24294 0 -1
ciInstanceKlass java/util/Locale 1 1 1155 9 7 12 1 1 1 7 1 10 12 1 1 9 12 1 1 11 7 12 1 1 1 10 7 12 1 1 9 12 1 1 9 12 1 1 100 1 10 10 12 1 1 8 1 10 12 1 1 10 12 1 1 10 12 1 10 12 1 10 12 1 11 12 1 1 9 7 12 1 1 1 10 100 1 10 9 12 1 1 10 7 12 1 1 9 7 12 1 1 1 9 12 1 10 12 1 1 9 12 1 1 9 12 1 100 1 8 1 10 12 1 9 12 1 10 12 1 10 12 1 1 10 7 12 1 1 1 8 1 8 1 10 7 12 1 1 1 8 1 10 12 10 7 12 1 1 1 10 12 1 1 10 12 1 8 1 8 1 8 1 8 1 10 12 1 1 10 7 12 1 1 100 1 9 12 1 1 10 12 1 1 9 12 1 10 12 1 9 12 1 10 12 1 9 12 1 10 12 1 9 12 1 10 12 1 1 10 7 12 1 1 1 10 12 1 1 7 1 10 10 12 1 1 10 100 1 10 12 1 1 10 12 1 1 8 1 10 12 1 8 1 10 7 12 1 1 1 100 1 8 1 10 12 1 10 100 12 1 1 1 9 7 12 1 1 1 10 12 1 1 8 1 10 100 12 1 1 1 9 12 1 1 100 1 8 1 10 12 1 1 10 12 1 1 10 100 12 1 1 1 9 12 1 8 1 10 12 1 10 10 10 12 1 10 10 12 1 1 10 12 1 1 100 1 7 1 10 8 1 10 12 1 1 10 12 1 10 12 1 10 10 100 12 1 1 1 10 12 1 1 10 100 12 1 1 1 10 12 1 10 12 1 10 12 1 8 1 10 12 1 10 12 1 10 12 10 12 1 10 8 1 9 12 1 10 7 12 1 1 1 10 10 12 1 10 8 1 10 12 1 10 10 12 1 10 12 1 1 11 7 12 1 1 1 11 7 12 1 1 11 12 1 1 10 12 1 10 12 1 10 12 1 10 8 1 10 12 1 1 10 12 1 1 10 12 1 1 10 12 1 100 1 8 1 8 1 10 8 1 10 8 1 8 1 10 12 1 1 10 12 1 10 12 1 1 10 12 1 1 10 12 1 10 12 1 100 1 10 12 1 1 8 1 9 100 12 1 1 1 10 7 12 1 1 10 12 1 1 10 12 1 10 100 12 1 1 1 10 12 1 1 10 12 1 1 8 1 10 100 12 1 1 10 12 1 1 10 12 1 8 1 100 1 10 12 1 10 12 1 1 10 100 12 1 1 1 10 12 1 1 11 100 12 1 1 1 18 12 1 1 11 100 12 1 1 1 18 12 1 1 11 12 1 1 18 12 1 10 12 1 10 12 1 10 12 1 1 11 12 1 1 100 100 1 10 10 12 1 1 8 1 10 12 1 100 1 100 1 10 12 1 9 12 1 1 10 12 1 10 10 12 1 10 100 1 8 1 10 10 12 1 10 12 1 10 10 8 1 8 1 8 1 9 12 1 10 12 1 10 12 1 8 1 10 12 1 10 12 1 10 100 12 1 1 18 12 1 10 12 1 8 1 10 12 1 10 12 1 8 1 10 100 12 1 1 1 11 12 1 1 18 12 1 11 12 1 1 10 12 1 10 100 12 1 1 1 8 1 10 100 12 1 1 8 1 8 1 8 1 8 1 8 1 10 12 1 10 12 1 10 100 12 1 1 1 10 100 12 1 1 100 1 10 12 1 10 10 12 1 10 12 1 10 8 1 10 12 1 1 8 1 8 1 9 12 1 8 1 8 1 9 12 1 10 100 12 1 1 1 9 100 12 1 1 1 10 10 12 1 10 10 12 1 1 10 12 1 1 100 1 10 12 1 1 10 12 1 1 10 7 12 1 1 7 1 10 10 12 1 1 9 12 1 9 12 1 9 12 1 9 12 1 9 12 1 9 12 1 9 12 1 9 12 1 9 12 1 9 12 1 9 12 1 9 12 1 9 12 1 9 12 1 9 12 1 9 12 1 9 12 1 9 12 1 9 12 1 9 12 1 9 12 1 10 12 7 1 10 12 1 9 12 1 1 9 12 1 1 100 1 100 1 1 1 1 1 1 3 1 3 1 1 5 0 1 3 1 3 1 3 1 3 1 3 1 3 1 1 1 1 1 1 1 1 1 1 1 1 1 1 1 1 1 1 1 1 1 1 1 1 1 1 1 1 1 1 1 1 1 1 1 1 1 1 1 1 1 1 1 1 1 1 1 1 1 1 1 1 1 1 1 1 1 1 1 1 100 1 1 1 1 1 1 1 1 1 1 1 1 1 1 1 1 1 1 1 1 1 1 1 1 1 1 1 1 1 1 1 1 1 1 1 1 1 1 1 100 1 1 1 1 1 1 1 1 1 1 1 1 1 1 1 1 1 1 100 1 1 1 1 1 1 1 1 100 1 1 100 1 1 1 1 1 1 1 1 1 1 1 1 1 1 1 1 1 1 1 1 1 1 1 1 1 1 1 1 1 1 100 1 100 1 100 1 100 1 100 1 1 15 10 100 12 1 1 1 16 15 10 12 16 16 15 16 15 10 12 15 10 12 16 15 10 12 16 1 1 1 1 1 1 100 1 1 1 1 1 1 1 100 1 100 1 1
staticfield java/util/Locale ENGLISH Ljava/util/Locale; java/util/Locale
staticfield java/util/Locale FRENCH Ljava/util/Locale; java/util/Locale
staticfield java/util/Locale GERMAN Ljava/util/Locale; java/util/Locale
staticfield java/util/Locale ITALIAN Ljava/util/Locale; java/util/Locale
staticfield java/util/Locale JAPANESE Ljava/util/Locale; java/util/Locale
staticfield java/util/Locale KOREAN Ljava/util/Locale; java/util/Locale
staticfield java/util/Locale CHINESE Ljava/util/Locale; java/util/Locale
staticfield java/util/Locale SIMPLIFIED_CHINESE Ljava/util/Locale; java/util/Locale
staticfield java/util/Locale TRADITIONAL_CHINESE Ljava/util/Locale; java/util/Locale
staticfield java/util/Locale FRANCE Ljava/util/Locale; java/util/Locale
staticfield java/util/Locale GERMANY Ljava/util/Locale; java/util/Locale
staticfield java/util/Locale ITALY Ljava/util/Locale; java/util/Locale
staticfield java/util/Locale JAPAN Ljava/util/Locale; java/util/Locale
staticfield java/util/Locale KOREA Ljava/util/Locale; java/util/Locale
staticfield java/util/Locale UK Ljava/util/Locale; java/util/Locale
staticfield java/util/Locale US Ljava/util/Locale; java/util/Locale
staticfield java/util/Locale CANADA Ljava/util/Locale; java/util/Locale
staticfield java/util/Locale CANADA_FRENCH Ljava/util/Locale; java/util/Locale
staticfield java/util/Locale ROOT Ljava/util/Locale; java/util/Locale
staticfield java/util/Locale CONSTANT_LOCALES Ljava/util/Map; java/util/HashMap
staticfield java/util/Locale CHINA Ljava/util/Locale; java/util/Locale
staticfield java/util/Locale PRC Ljava/util/Locale; java/util/Locale
staticfield java/util/Locale TAIWAN Ljava/util/Locale; java/util/Locale
staticfield java/util/Locale serialPersistentFields [Ljava/io/ObjectStreamField; 6 [Ljava/io/ObjectStreamField;
staticfield java/util/Locale $assertionsDisabled Z 1
instanceKlass sun/nio/ch/Util$1
instanceKlass sun/nio/fs/NativeBuffers$1
ciInstanceKlass jdk/internal/misc/TerminatingThreadLocal 1 1 86 10 7 12 1 1 1 10 12 1 1 10 7 12 1 1 1 10 12 1 10 12 1 9 12 1 1 10 12 1 1 7 1 11 12 1 1 11 7 12 1 1 1 11 12 1 10 12 1 10 10 12 1 11 12 1 1 11 12 7 1 10 1 1 1 1 1 1 1 1 1 1 1 1 1 1 1 1 1 1 1 1 1 1 1 1
staticfield jdk/internal/misc/TerminatingThreadLocal REGISTRY Ljava/lang/ThreadLocal; jdk/internal/misc/TerminatingThreadLocal$1
ciInstanceKlass sun/nio/fs/NativeBuffers$1 1 1 41 100 1 10 7 12 1 1 1 10 7 12 1 1 7 1 10 7 12 1 1 1 1 1 1 1 1 1 1 1 1 1 1 1 1 1 1 1 1 1 1
ciMethod jdk/internal/misc/TerminatingThreadLocal register (Ljdk/internal/misc/TerminatingThreadLocal;)V 22 0 11 0 -1
ciInstanceKlass java/lang/invoke/DirectMethodHandle$Constructor 1 1 90 10 7 12 1 1 1 9 7 12 1 1 1 9 12 1 1 9 12 1 1 10 100 12 1 1 1 100 1 10 12 1 9 12 1 9 12 1 10 12 1 10 12 1 1 9 12 1 1 10 12 1 1 10 7 12 1 1 1 1 1 1 1 1 1 1 1 1 1 1 100 1 100 1 1 1 1 1 1 1 1 1 1 1 1 1 1 1 1 1
staticfield java/lang/invoke/DirectMethodHandle$Constructor $assertionsDisabled Z 1
ciInstanceKlass java/lang/invoke/Invokers 1 1 782 100 1 10 7 12 1 1 1 9 7 12 1 1 1 7 1 9 12 1 1 9 12 1 1 10 12 1 1 10 12 1 1 10 12 1 1 10 7 12 1 1 1 10 12 1 10 12 1 1 10 12 1 1 7 1 10 12 1 10 12 1 1 10 7 12 1 1 1 9 12 1 1 10 12 1 1 100 1 10 10 12 1 10 12 1 1 10 12 1 1 10 12 1 1 9 12 1 10 7 12 1 1 1 10 12 1 10 12 1 1 10 7 12 1 1 1 8 1 8 1 10 7 12 1 1 1 10 12 1 1 10 12 1 1 7 1 100 1 10 12 1 1 10 12 1 1 100 1 9 12 1 1 10 100 1 10 12 1 10 12 1 1 10 12 1 10 12 1 10 12 1 10 12 1 9 12 1 10 7 12 1 1 9 7 12 1 1 1 8 1 10 12 1 1 100 1 100 1 10 8 1 10 12 1 1 10 12 1 10 12 1 10 7 12 1 1 1 10 12 1 10 12 1 1 100 1 10 7 12 1 1 1 10 12 1 10 12 1 1 10 12 1 10 12 1 1 10 12 1 1 10 12 1 10 12 1 10 12 1 1 10 12 1 1 10 100 12 1 1 1 9 100 12 1 1 1 10 100 12 1 1 1 10 12 1 1 10 12 1 1 10 12 1 7 1 10 12 1 1 8 1 10 12 1 1 10 100 12 1 1 1 10 12 1 1 8 1 10 7 12 1 1 10 100 1 8 1 10 12 1 9 12 1 1 9 7 12 1 1 1 9 12 1 9 12 1 9 12 1 10 10 12 1 1 9 12 1 10 12 1 1 10 12 1 1 100 1 10 100 12 1 1 10 12 1 1 10 7 12 1 1 1 10 7 12 1 1 1 10 12 1 10 12 1 1 10 12 1 1 10 12 1 10 12 1 10 12 1 10 12 1 1 8 1 10 12 1 10 12 1 10 12 1 1 10 100 12 1 1 10 12 1 1 10 12 1 9 12 1 10 12 1 8 1 10 12 1 1 10 12 1 1 10 12 1 1 9 12 1 9 12 1 8 1 8 1 10 12 1 10 12 1 9 12 10 12 1 1 9 12 1 100 1 8 1 8 1 10 9 12 1 10 12 1 9 12 1 10 12 1 10 12 1 1 10 12 1 1 10 12 1 7 1 10 7 12 1 1 1 9 12 1 9 12 1 10 12 1 10 7 12 1 1 9 12 1 10 12 1 10 12 9 12 1 1 10 12 1 7 1 10 100 12 1 1 1 8 1 9 7 12 1 1 1 10 12 1 1 10 12 1 1 8 1 8 1 10 12 1 8 1 8 1 8 1 8 1 8 1 10 12 1 10 12 1 10 12 1 1 7 1 10 7 12 1 1 10 12 1 10 12 1 9 12 1 9 12 1 1 7 1 10 7 12 1 1 1 1 1 1 1 3 1 3 1 3 1 3 1 1 1 1 1 1 1 3 1 3 1 3 1 3 1 1 1 1 1 1 1 1 1 1 1 1 1 1 1 1 1 1 1 1 1 1 1 1 1 1 1 1 1 1 1 1 1 1 1 1 1 1 1 1 1 1 1 1 1 1 1 1 1 1 1 1 1 1 1 1 1 1 1 1 1 1 1 1 1 1 1 1 1 1 1 1 1 100 1 1 1 1 1 1 1 1 1 1 1 1 1 1 1 1 1 1 1 1 1 1 1 1 1 100 1 1 1 1 1 1 1 1 1 1 1 1 1 1 100 1 1 1 1 1 1 1 1 1 1 1 1 1 1
staticfield java/lang/invoke/Invokers VH_INV_GENERIC I 34
staticfield java/lang/invoke/Invokers INV_LIMIT I 65
staticfield java/lang/invoke/Invokers NFS [Ljava/lang/invoke/LambdaForm$NamedFunction; 7 [Ljava/lang/invoke/LambdaForm$NamedFunction;
staticfield java/lang/invoke/Invokers $assertionsDisabled Z 1
ciMethod java/lang/invoke/Invokers maybeCustomize (Ljava/lang/invoke/MethodHandle;)V 512 0 1210 0 -1
ciMethod java/lang/invoke/Invokers newWrongMethodTypeException (Ljava/lang/invoke/MethodType;Ljava/lang/invoke/MethodType;)Ljava/lang/invoke/WrongMethodTypeException; 0 0 1 0 -1
ciMethod java/lang/invoke/Invokers checkExactType (Ljava/lang/invoke/MethodHandle;Ljava/lang/invoke/MethodType;)V 512 0 577266 0 -1
ciMethod java/lang/invoke/Invokers getCallSiteTarget (Ljava/lang/invoke/CallSite;)Ljava/lang/invoke/MethodHandle; 774 0 597493 0 -1
ciMethod java/lang/invoke/Invokers checkCustomized (Ljava/lang/invoke/MethodHandle;)V 512 0 579048 0 -1
ciInstanceKlass java/util/concurrent/locks/LockSupport 1 1 94 10 100 12 1 1 1 9 7 12 1 1 1 9 12 1 1 10 7 12 1 1 1 10 7 12 1 1 1 10 12 1 1 10 12 1 1 10 12 1 1 100 1 10 10 12 1 1 9 12 1 10 12 1 1 10 12 1 1 8 1 10 12 1 1 8 1 1 1 1 1 1 1 1 1 1 1 1 1 1 1 1 1 1 1 1 1 1 1 1 1 1 1 1
staticfield java/util/concurrent/locks/LockSupport U Ljdk/internal/misc/Unsafe; jdk/internal/misc/Unsafe
staticfield java/util/concurrent/locks/LockSupport PARKBLOCKER J 76
staticfield java/util/concurrent/locks/LockSupport TID J 32
ciInstanceKlass java/lang/invoke/BoundMethodHandle$Species_L 1 1 125 10 7 12 1 1 1 9 7 12 1 1 1 9 12 1 1 10 12 1 9 7 12 1 1 1 10 7 12 1 1 1 10 12 1 1 10 7 12 1 1 1 100 1 10 100 12 1 1 1 9 12 1 10 12 1 9 12 1 10 12 1 9 12 1 10 12 1 9 12 1 10 12 1 10 12 1 1 10 12 1 1 1 1 1 1 1 1 1 1 1 1 1 1 1 1 1 1 1 1 1 1 1 1 1 1 1 1 1 1 1 1 1 1 1 1 1 1 1 1 1 1 100 1 1
ciInstanceKlass java/lang/invoke/BoundMethodHandle$Species_I 1 1 69 1 7 1 7 1 1 1 1 1 1 1 12 9 1 1 1 12 10 12 9 1 1 12 10 1 1 1 100 1 100 1 1 12 10 1 100 1 1 12 10 1 1 12 10 1 1 1 12 10 1 1 1 12 10 1 1 1 12 10 1 1 1 12 10 1 1 1 1
ciInstanceKlass java/lang/invoke/BoundMethodHandle$Species_LL 1 1 73 1 7 1 7 1 1 1 1 1 1 1 1 12 9 1 1 1 12 10 12 9 12 9 1 1 12 10 1 1 1 100 1 7 1 1 12 10 1 7 1 1 12 10 1 1 1 12 10 1 1 1 12 10 1 1 1 12 10 1 1 1 12 10 1 1 1 12 10 1 1 1 1
ciInstanceKlass java/lang/invoke/BoundMethodHandle$Species_LLL 1 1 76 1 7 1 7 1 1 1 1 1 1 1 1 1 12 9 1 1 1 12 10 12 9 12 9 12 9 1 1 12 10 1 1 1 100 1 7 1 1 12 10 1 7 1 1 12 10 1 1 1 12 10 1 1 1 12 10 1 1 1 12 10 1 1 1 12 10 1 1 1 12 10 1 1 1 1
ciInstanceKlass java/lang/invoke/BoundMethodHandle$Species_LLLL 1 1 79 1 7 1 7 1 1 1 1 1 1 1 1 1 1 12 9 1 1 1 12 10 12 9 12 9 12 9 12 9 1 1 12 10 1 1 1 100 1 7 1 1 12 10 1 7 1 1 12 10 1 1 1 12 10 1 1 1 12 10 1 1 1 12 10 1 1 1 12 10 1 1 1 12 10 1 1 1 1
ciInstanceKlass java/lang/invoke/BoundMethodHandle$Species_LLLLL 1 1 82 1 7 1 7 1 1 1 1 1 1 1 1 1 1 1 12 9 1 1 1 12 10 12 9 12 9 12 9 12 9 12 9 1 1 12 10 1 1 1 100 1 7 1 1 12 10 1 7 1 1 12 10 1 1 1 12 10 1 1 1 12 10 1 1 1 12 10 1 1 1 12 10 1 1 1 12 10 1 1 1 1
ciInstanceKlass java/lang/invoke/BoundMethodHandle$Species_LLLLLLL 1 1 88 1 7 1 7 1 1 1 1 1 1 1 1 1 1 1 1 1 12 9 1 1 1 12 10 12 9 12 9 12 9 12 9 12 9 12 9 12 9 1 1 12 10 1 1 1 100 1 7 1 1 12 10 1 7 1 1 12 10 1 1 1 12 10 1 1 1 12 10 1 1 1 12 10 1 1 1 12 10 1 1 1 12 10 1 1 1 1
ciMethod java/util/concurrent/locks/LockSupport parkNanos (Ljava/lang/Object;J)V 4 0 198 0 -1
ciMethod java/lang/invoke/DelegatingMethodHandle getTarget ()Ljava/lang/invoke/MethodHandle; 0 0 1 0 -1
ciMethod java/lang/ThreadLocal$ThreadLocalMap set (Ljava/lang/ThreadLocal;Ljava/lang/Object;)V 194 50 97 0 -1
ciMethod java/lang/ThreadLocal$ThreadLocalMap nextIndex (II)I 512 0 857 0 0
ciMethod java/lang/ThreadLocal$ThreadLocalMap getEntry (Ljava/lang/ThreadLocal;)Ljava/lang/ThreadLocal$ThreadLocalMap$Entry; 514 0 5403 0 384
ciMethod java/lang/ThreadLocal$ThreadLocalMap getEntryAfterMiss (Ljava/lang/ThreadLocal;ILjava/lang/ThreadLocal$ThreadLocalMap$Entry;)Ljava/lang/ThreadLocal$ThreadLocalMap$Entry; 2 0 506 0 0
ciMethod java/lang/ThreadLocal$ThreadLocalMap expungeStaleEntry (I)I 14 2 26 0 0
ciMethod java/lang/invoke/DirectMethodHandle allocateInstance (Ljava/lang/Object;)Ljava/lang/Object; 316 0 28953 0 416
ciMethod java/lang/invoke/DirectMethodHandle internalMemberName (Ljava/lang/Object;)Ljava/lang/Object; 544 0 1163528 0 -1
ciMethod java/lang/invoke/DirectMethodHandle constructorMethod (Ljava/lang/Object;)Ljava/lang/Object; 316 0 29224 0 128
ciMethod java/lang/ThreadLocal setInitialValue ()Ljava/lang/Object; 4 0 76 0 0
ciMethod java/lang/ref/Reference refersTo0 (Ljava/lang/Object;)Z 256 0 128 0 -1
ciMethod java/lang/ref/Reference refersTo (Ljava/lang/Object;)Z 514 0 14331 0 96
ciMethod java/util/Arrays copyOfRange ([BII)[B 512 0 6443 0 -1
ciMethod java/lang/Thread interrupted ()Z 1024 0 35973 0 -1
ciMethod java/lang/Thread currentThread ()Ljava/lang/Thread; 256 0 128 0 -1
ciMethod java/util/Map get (Ljava/lang/Object;)Ljava/lang/Object; 0 0 1 0 -1
ciMethod jdk/internal/misc/Unsafe allocateInstance (Ljava/lang/Class;)Ljava/lang/Object; 256 0 128 0 -1
ciMethod java/lang/String length ()I 776 0 448069 0 -1
ciMethod java/lang/String <init> ([BB)V 512 0 18261 0 -1
ciMethod java/lang/String equals (Ljava/lang/Object;)Z 982 0 6776 0 -1
ciMethod java/lang/String isLatin1 ()Z 480 0 1289602 0 96
ciMethod java/lang/String substring (II)Ljava/lang/String; 398 0 5906 0 -1
ciMethod java/lang/String toUpperCase (Ljava/util/Locale;)Ljava/lang/String; 524 0 16790 0 -1
ciMethod java/lang/String trim ()Ljava/lang/String; 772 0 17642 0 0
ciMethod java/util/ArrayList clear ()V 514 106 2573 0 -1
ciMethod java/util/ArrayList add (Ljava/lang/Object;)Z 512 0 28276 0 -1
ciMethod java/util/ArrayList <init> ()V 264 0 12567 0 -1
ciMethod java/lang/Class isInstance (Ljava/lang/Object;)Z 256 0 128 0 -1
ciMethod java/lang/Object <init> ()V 1024 0 799731 0 128
ciInstanceKlass java/lang/invoke/LambdaForm$DMH+0x000002e201029400 1 1 49 1 7 1 100 1 1 1 1 1 1 1 7 1 1 12 10 1 7 1 7 1 1 12 10 1 1 1 1 1 7 1 1 12 10 1 7 1 1 12 11 1 7 12 9 1 1 1 1
staticfield java/lang/invoke/LambdaForm$DMH+0x000002e201029400 _D_0 Ljava/lang/invoke/LambdaForm; java/lang/invoke/LambdaForm
ciInstanceKlass java/util/concurrent/Callable 1 0 17 100 1 100 1 1 1 1 100 1 1 1 1 1 1 1 1
instanceKlass android/media/MediaCodec$CodecException
instanceKlass java/util/concurrent/CancellationException
instanceKlass org/bouncycastle/util/encoders/EncoderException
instanceKlass org/bouncycastle/util/encoders/DecoderException
instanceKlass java/nio/channels/ClosedSelectorException
ciInstanceKlass java/lang/IllegalStateException 1 1 35 10 7 12 1 1 1 10 12 1 10 12 1 10 12 1 100 1 1 1 1 5 0 1 1 1 1 1 1 1 1 1 1 1 1
ciInstanceKlass java/util/concurrent/atomic/AtomicBoolean 1 1 143 10 7 12 1 1 1 9 7 12 1 1 1 9 12 1 1 10 7 12 1 1 1 10 12 1 10 12 1 1 10 12 1 1 10 12 1 1 10 100 12 1 1 1 10 12 1 10 12 1 10 12 1 10 12 1 10 12 1 10 12 1 1 10 12 1 10 12 1 10 12 1 10 12 1 10 12 1 10 7 12 1 1 1 8 9 7 12 1 1 1 10 7 12 1 1 1 100 1 100 1 10 12 1 100 1 1 1 1 5 0 1 1 1 1 1 1 1 1 1 1 1 1 1 1 1 1 1 1 1 1 1 1 1 1 1 1 1 1 1 1 1 1
staticfield java/util/concurrent/atomic/AtomicBoolean VALUE Ljava/lang/invoke/VarHandle; java/lang/invoke/VarHandleInts$FieldInstanceReadWrite
instanceKlass org/robolectric/shadows/ShadowParcel$UnreliableBehaviorError
instanceKlass org/junit/ComparisonFailure
ciInstanceKlass java/lang/AssertionError 0 0 79 10 100 12 1 1 1 10 12 1 10 100 12 1 1 1 10 100 1 100 1 10 12 1 1 10 12 1 10 12 1 10 12 1 10 12 1 10 12 1 10 12 1 10 12 1 1 1 1 5 0 1 1 1 1 1 1 1 1 1 1 100 1 1 1 1 1 1 1 1 1 1 1 1 1 1 1 1 1
ciInstanceKlass java/lang/invoke/DirectMethodHandle$Special 1 1 110 10 7 12 1 1 1 9 7 12 1 1 1 9 12 1 1 9 12 1 1 10 12 1 9 12 1 10 12 1 1 100 1 10 12 1 9 12 1 1 10 7 12 1 1 1 8 1 100 1 10 12 1 1 10 12 1 1 10 100 12 1 1 1 100 1 10 12 1 10 12 1 10 12 1 1 1 1 1 1 1 1 1 1 1 1 1 1 1 1 1 1 1 1 1 1 1 1 1 1 1 1 1 1 1 1 1 1 1 1
staticfield java/lang/invoke/DirectMethodHandle$Special $assertionsDisabled Z 1
ciInstanceKlass org/robolectric/util/PerfStatsCollector 1 1 199 9 7 12 1 1 1 9 12 1 1 9 12 1 1 18 12 1 1 10 12 1 1 10 7 12 1 1 7 1 10 9 12 1 9 12 1 1 7 1 10 12 1 10 12 1 1 11 7 12 1 1 1 10 12 1 1 7 1 7 1 10 12 1 11 7 12 1 1 7 1 10 12 1 1 10 12 1 1 10 11 12 1 1 10 12 1 11 7 12 1 1 100 1 11 12 1 1 10 12 1 100 1 10 12 1 11 12 1 10 1 1 1 1 1 1 1 1 1 1 1 1 1 1 1 1 1 1 1 1 1 1 1 1 1 100 1 100 1 1 1 1 1 1 1 1 1 1 1 1 1 1 1 1 1 1 1 1 1 1 1 1 1 1 1 1 1 1 1 1 1 1 1 1 1 15 10 7 12 1 1 1 16 1 15 10 7 12 1 1 1 1 1 1 100 1 100 1 1
staticfield org/robolectric/util/PerfStatsCollector INSTANCE Lorg/robolectric/util/PerfStatsCollector; org/robolectric/util/PerfStatsCollector
ciInstanceKlass org/robolectric/util/PerfStatsCollector$ThrowingSupplier 1 0 19 100 1 100 1 1 1 1 100 1 1 1 1 1 1 1 100 1 1
ciInstanceKlass java/lang/invoke/LambdaForm$DMH+0x000002e201104400 1 1 49 1 7 1 100 1 1 1 1 1 1 1 7 1 1 12 10 1 7 1 7 1 1 12 10 1 1 1 1 1 7 1 1 12 10 1 7 1 1 12 11 1 7 12 9 1 1 1 1
staticfield java/lang/invoke/LambdaForm$DMH+0x000002e201104400 _D_0 Ljava/lang/invoke/LambdaForm; java/lang/invoke/LambdaForm
ciInstanceKlass org/robolectric/annotation/LooperMode$Mode 1 1 61 7 1 9 12 1 1 9 12 1 9 12 1 9 12 1 1 10 7 12 1 1 10 7 12 1 1 1 10 12 1 1 8 10 8 8 10 12 1 1 1 1 1 1 1 1 1 1 1 1 1 1 1 1 1 1 1 1 100 1 1
staticfield org/robolectric/annotation/LooperMode$Mode LEGACY Lorg/robolectric/annotation/LooperMode$Mode; org/robolectric/annotation/LooperMode$Mode
staticfield org/robolectric/annotation/LooperMode$Mode PAUSED Lorg/robolectric/annotation/LooperMode$Mode; org/robolectric/annotation/LooperMode$Mode
staticfield org/robolectric/annotation/LooperMode$Mode INSTRUMENTATION_TEST Lorg/robolectric/annotation/LooperMode$Mode; org/robolectric/annotation/LooperMode$Mode
staticfield org/robolectric/annotation/LooperMode$Mode $VALUES [Lorg/robolectric/annotation/LooperMode$Mode; 3 [Lorg/robolectric/annotation/LooperMode$Mode;
ciInstanceKlass java/lang/invoke/WrongMethodTypeException 0 0 34 10 100 12 1 1 1 10 12 1 10 12 1 10 12 1 100 1 1 1 1 5 0 1 1 1 1 1 1 1 1 1 1 1
ciInstanceKlass java/lang/invoke/MethodHandleImpl$CountingWrapper 1 1 139 10 7 12 1 1 1 10 7 12 1 1 1 9 7 12 1 1 1 9 12 1 1 9 12 1 1 9 12 1 9 12 1 1 10 12 1 1 11 100 12 1 1 1 100 1 9 100 12 1 1 10 12 1 9 12 1 10 12 1 1 10 12 1 1 7 1 10 12 1 10 12 1 1 7 1 8 1 7 1 7 1 10 12 1 1 10 12 1 9 12 1 1 100 1 10 12 1 1 1 1 1 1 1 1 1 1 1 1 1 1 1 1 1 1 1 1 1 1 1 1 1 1 1 1 1 1 1 1 1 1 1 1 1 7 1 1 1 1
staticfield java/lang/invoke/MethodHandleImpl$CountingWrapper NF_maybeStopCounting Ljava/lang/invoke/LambdaForm$NamedFunction; java/lang/invoke/LambdaForm$NamedFunction
instanceKlass org/robolectric/internal/bytecode/MethodCallSite
ciInstanceKlass org/robolectric/internal/bytecode/RoboCallSite 1 1 30 10 7 12 1 1 1 9 7 12 1 1 1 1 1 1 1 1 1 1 1 1 1 1 1 1 1 1 1 1
ciInstanceKlass org/robolectric/internal/bytecode/MethodCallSite 1 1 98 10 7 12 1 1 1 9 7 12 1 1 1 9 12 1 1 9 12 1 1 9 12 1 1 10 12 1 1 10 12 1 1 10 7 12 1 1 1 9 7 12 1 1 100 1 10 12 1 8 1 10 12 1 1 10 12 1 1 10 12 1 8 1 8 1 10 12 1 10 12 1 1 1 1 1 1 1 1 1 1 1 1 1 1 1 1 1 1 1 1 100 1 1 1 1 1 1
ciInstanceKlass java/lang/invoke/LambdaForm$MH+0x000002e201184000 1 1 49 1 7 1 100 1 1 1 1 1 1 1 7 1 1 12 9 1 12 9 1 7 1 12 10 1 1 1 1 1 7 1 1 12 10 1 7 1 1 12 11 1 7 12 9 1 1 1 1
staticfield java/lang/invoke/LambdaForm$MH+0x000002e201184000 _D_0 Ljava/lang/invoke/LambdaForm; java/lang/invoke/LambdaForm
ciInstanceKlass java/lang/invoke/LambdaForm$MH+0x000002e201184800 1 1 65 1 7 1 100 1 1 1 1 1 1 1 7 1 1 12 9 1 7 1 1 12 10 1 12 9 1 7 1 7 1 1 12 10 1 1 12 10 1 12 10 1 1 1 1 1 7 1 1 12 10 1 7 1 1 12 11 1 7 12 9 1 1 1 1
staticfield java/lang/invoke/LambdaForm$MH+0x000002e201184800 _D_0 Ljava/lang/invoke/LambdaForm; java/lang/invoke/LambdaForm
ciInstanceKlass org/robolectric/config/ConfigurationRegistry 1 1 163 9 7 12 1 1 1 10 12 1 1 10 7 12 1 1 1 7 1 10 9 12 1 1 11 7 12 1 1 1 11 7 12 1 1 1 11 7 12 1 1 1 11 12 1 1 7 1 11 12 1 1 10 12 1 1 11 12 1 1 10 12 1 10 12 1 10 12 1 1 8 1 10 7 12 1 1 1 100 1 10 100 1 10 12 1 10 12 1 1 10 12 1 7 1 10 12 1 1 100 1 100 1 10 12 10 12 1 1 100 1 100 1 10 12 1 10 12 1 10 12 1 10 100 1 1 1 1 1 1 1 1 1 1 1 1 1 1 1 1 1 1 1 1 1 1 1 1 1 1 1 1 1 1 1 1 1 1 100 100 1 1 1
ciInstanceKlass java/lang/invoke/LambdaForm$DMH+0x000002e201188000 1 1 49 1 7 1 100 1 1 1 1 1 1 1 7 1 1 12 10 1 7 1 7 1 1 12 10 1 1 1 1 1 7 1 1 12 10 1 7 1 1 12 11 1 7 12 9 1 1 1 1
staticfield java/lang/invoke/LambdaForm$DMH+0x000002e201188000 _D_0 Ljava/lang/invoke/LambdaForm; java/lang/invoke/LambdaForm
ciInstanceKlass java/lang/invoke/LambdaForm$MH+0x000002e201191000 1 1 41 1 7 1 100 1 1 1 1 1 1 1 7 1 1 12 9 1 1 1 1 1 7 1 1 12 10 1 7 1 1 12 11 1 7 12 9 1 1 1 1
staticfield java/lang/invoke/LambdaForm$MH+0x000002e201191000 _D_0 Ljava/lang/invoke/LambdaForm; java/lang/invoke/LambdaForm
ciInstanceKlass java/lang/invoke/LambdaForm$MH+0x000002e201191c00 1 1 65 1 7 1 100 1 1 1 1 1 1 1 7 1 1 12 9 1 7 1 1 12 10 1 12 9 1 7 1 7 1 1 12 10 1 1 12 10 1 12 10 1 1 1 1 1 7 1 1 12 10 1 7 1 1 12 11 1 7 12 9 1 1 1 1
staticfield java/lang/invoke/LambdaForm$MH+0x000002e201191c00 _D_0 Ljava/lang/invoke/LambdaForm; java/lang/invoke/LambdaForm
ciInstanceKlass java/lang/invoke/LambdaForm$MH+0x000002e201193000 1 1 69 1 7 1 100 1 1 1 1 1 1 1 7 1 1 12 9 1 12 9 1 12 9 1 12 9 1 7 1 1 12 10 1 7 1 7 1 1 12 10 1 1 12 10 1 1 1 1 1 7 1 1 12 10 1 7 1 1 12 11 1 7 12 9 1 1 1 1 1
staticfield java/lang/invoke/LambdaForm$MH+0x000002e201193000 _D_0 Ljava/lang/invoke/LambdaForm; java/lang/invoke/LambdaForm
ciInstanceKlass java/lang/invoke/LambdaForm$DMH+0x000002e201197800 1 1 49 1 7 1 100 1 1 1 1 1 1 1 7 1 1 12 10 1 7 1 7 1 1 12 10 1 1 1 1 1 7 1 1 12 10 1 7 1 1 12 11 1 7 12 9 1 1 1 1
staticfield java/lang/invoke/LambdaForm$DMH+0x000002e201197800 _D_0 Ljava/lang/invoke/LambdaForm; java/lang/invoke/LambdaForm
ciInstanceKlass java/lang/invoke/LambdaForm$MH+0x000002e201198000 1 1 70 1 7 1 100 1 1 1 1 1 1 1 7 1 1 12 9 1 12 9 1 12 9 1 12 9 1 12 9 1 100 1 7 1 1 12 10 1 100 1 1 12 10 12 10 1 1 1 1 1 7 1 1 12 10 1 7 1 1 12 11 1 7 12 9 1 1 1 1 1
staticfield java/lang/invoke/LambdaForm$MH+0x000002e201198000 _D_0 Ljava/lang/invoke/LambdaForm; java/lang/invoke/LambdaForm
ciInstanceKlass java/lang/invoke/LambdaForm$MH+0x000002e201199000 1 1 69 1 7 1 100 1 1 1 1 1 1 1 7 1 1 12 9 1 12 9 1 12 9 1 12 9 1 7 1 1 12 10 1 7 1 7 1 1 12 10 1 1 12 10 1 1 1 1 1 7 1 1 12 10 1 7 1 1 12 11 1 7 12 9 1 1 1 1 1
staticfield java/lang/invoke/LambdaForm$MH+0x000002e201199000 _D_0 Ljava/lang/invoke/LambdaForm; java/lang/invoke/LambdaForm
ciInstanceKlass java/lang/invoke/LambdaForm$MH+0x000002e201199400 1 1 49 1 7 1 100 1 1 1 1 1 1 1 7 1 7 1 1 12 10 1 7 1 1 12 10 1 1 1 1 1 7 1 1 12 10 1 7 1 1 12 11 1 7 12 9 1 1 1 1
staticfield java/lang/invoke/LambdaForm$MH+0x000002e201199400 _D_0 Ljava/lang/invoke/LambdaForm; java/lang/invoke/LambdaForm
ciInstanceKlass java/lang/invoke/LambdaForm$MH+0x000002e20119a400 1 1 70 1 7 1 100 1 1 1 1 1 1 1 7 1 1 12 9 1 12 9 1 12 9 1 12 9 1 12 9 1 100 1 7 1 1 12 10 1 100 1 1 12 10 12 10 1 1 1 1 1 7 1 1 12 10 1 7 1 1 12 11 1 7 12 9 1 1 1 1 1
staticfield java/lang/invoke/LambdaForm$MH+0x000002e20119a400 _D_0 Ljava/lang/invoke/LambdaForm; java/lang/invoke/LambdaForm
ciInstanceKlass java/lang/invoke/LambdaForm$MH+0x000002e20119b000 1 1 69 1 7 1 100 1 1 1 1 1 1 1 7 1 1 12 9 1 12 9 1 12 9 1 12 9 1 7 1 1 12 10 1 7 1 7 1 1 12 10 1 1 12 10 1 1 1 1 1 7 1 1 12 10 1 7 1 1 12 11 1 7 12 9 1 1 1 1 1
staticfield java/lang/invoke/LambdaForm$MH+0x000002e20119b000 _D_0 Ljava/lang/invoke/LambdaForm; java/lang/invoke/LambdaForm
ciInstanceKlass java/lang/invoke/LambdaForm$MH+0x000002e2011a2c00 1 1 70 1 7 1 100 1 1 1 1 1 1 1 7 1 1 12 9 1 12 9 1 12 9 1 12 9 1 12 9 1 100 1 7 1 1 12 10 1 100 1 1 12 10 12 10 1 1 1 1 1 7 1 1 12 10 1 7 1 1 12 11 1 7 12 9 1 1 1 1 1
staticfield java/lang/invoke/LambdaForm$MH+0x000002e2011a2c00 _D_0 Ljava/lang/invoke/LambdaForm; java/lang/invoke/LambdaForm
ciInstanceKlass java/lang/invoke/LambdaForm$MH+0x000002e2011a4400 1 1 69 1 7 1 100 1 1 1 1 1 1 1 7 1 1 12 9 1 12 9 1 12 9 1 12 9 1 7 1 1 12 10 1 7 1 7 1 1 12 10 1 1 12 10 1 1 1 1 1 7 1 1 12 10 1 7 1 1 12 11 1 7 12 9 1 1 1 1 1
staticfield java/lang/invoke/LambdaForm$MH+0x000002e2011a4400 _D_0 Ljava/lang/invoke/LambdaForm; java/lang/invoke/LambdaForm
ciInstanceKlass java/lang/invoke/LambdaForm$MH+0x000002e2011a4800 1 1 49 1 7 1 100 1 1 1 1 1 1 1 7 1 7 1 1 12 10 1 7 1 1 12 10 1 1 1 1 1 7 1 1 12 10 1 7 1 1 12 11 1 7 12 9 1 1 1 1
staticfield java/lang/invoke/LambdaForm$MH+0x000002e2011a4800 _D_0 Ljava/lang/invoke/LambdaForm; java/lang/invoke/LambdaForm
ciInstanceKlass java/lang/invoke/LambdaForm$DMH+0x000002e2011acc00 1 1 49 1 7 1 100 1 1 1 1 1 1 1 7 1 1 12 10 1 7 1 7 1 1 12 10 1 1 1 1 1 7 1 1 12 10 1 7 1 1 12 11 1 7 12 9 1 1 1 1
staticfield java/lang/invoke/LambdaForm$DMH+0x000002e2011acc00 _D_0 Ljava/lang/invoke/LambdaForm; java/lang/invoke/LambdaForm
ciInstanceKlass java/lang/invoke/LambdaForm$MH+0x000002e2011ae000 1 1 70 1 7 1 100 1 1 1 1 1 1 1 7 1 1 12 9 1 12 9 1 12 9 1 12 9 1 12 9 1 100 1 7 1 1 12 10 1 100 1 1 12 10 12 10 1 1 1 1 1 7 1 1 12 10 1 7 1 1 12 11 1 7 12 9 1 1 1 1 1
staticfield java/lang/invoke/LambdaForm$MH+0x000002e2011ae000 _D_0 Ljava/lang/invoke/LambdaForm; java/lang/invoke/LambdaForm
ciInstanceKlass java/lang/invoke/LambdaForm$MH+0x000002e2011af000 1 1 65 1 7 1 100 1 1 1 1 1 1 1 7 1 1 12 9 1 7 1 1 12 10 1 12 9 1 7 1 7 1 1 12 10 1 1 12 10 1 12 10 1 1 1 1 1 7 1 1 12 10 1 7 1 1 12 11 1 7 12 9 1 1 1 1
staticfield java/lang/invoke/LambdaForm$MH+0x000002e2011af000 _D_0 Ljava/lang/invoke/LambdaForm; java/lang/invoke/LambdaForm
ciInstanceKlass java/lang/invoke/LambdaForm$MH+0x000002e2011af800 1 1 69 1 7 1 100 1 1 1 1 1 1 1 7 1 1 12 9 1 12 9 1 12 9 1 12 9 1 7 1 1 12 10 1 7 1 7 1 1 12 10 1 1 12 10 1 1 1 1 1 7 1 1 12 10 1 7 1 1 12 11 1 7 12 9 1 1 1 1 1
staticfield java/lang/invoke/LambdaForm$MH+0x000002e2011af800 _D_0 Ljava/lang/invoke/LambdaForm; java/lang/invoke/LambdaForm
ciInstanceKlass java/lang/invoke/LambdaForm$MH+0x000002e2011afc00 1 1 49 1 7 1 100 1 1 1 1 1 1 1 7 1 7 1 1 12 10 1 7 1 1 12 10 1 1 1 1 1 7 1 1 12 10 1 7 1 1 12 11 1 7 12 9 1 1 1 1
staticfield java/lang/invoke/LambdaForm$MH+0x000002e2011afc00 _D_0 Ljava/lang/invoke/LambdaForm; java/lang/invoke/LambdaForm
ciInstanceKlass java/lang/invoke/LambdaForm$MH+0x000002e2011b0800 1 1 70 1 7 1 100 1 1 1 1 1 1 1 7 1 1 12 9 1 12 9 1 12 9 1 12 9 1 12 9 1 100 1 7 1 1 12 10 1 100 1 1 12 10 12 10 1 1 1 1 1 7 1 1 12 10 1 7 1 1 12 11 1 7 12 9 1 1 1 1 1
staticfield java/lang/invoke/LambdaForm$MH+0x000002e2011b0800 _D_0 Ljava/lang/invoke/LambdaForm; java/lang/invoke/LambdaForm
ciInstanceKlass java/lang/invoke/LambdaForm$MH+0x000002e2011b1400 1 1 65 1 7 1 100 1 1 1 1 1 1 1 7 1 1 12 9 1 7 1 1 12 10 1 12 9 1 7 1 7 1 1 12 10 1 1 12 10 1 12 10 1 1 1 1 1 7 1 1 12 10 1 7 1 1 12 11 1 7 12 9 1 1 1 1
staticfield java/lang/invoke/LambdaForm$MH+0x000002e2011b1400 _D_0 Ljava/lang/invoke/LambdaForm; java/lang/invoke/LambdaForm
ciInstanceKlass java/lang/invoke/LambdaForm$MH+0x000002e2011b2000 1 1 69 1 7 1 100 1 1 1 1 1 1 1 7 1 1 12 9 1 12 9 1 12 9 1 12 9 1 7 1 1 12 10 1 7 1 7 1 1 12 10 1 1 12 10 1 1 1 1 1 7 1 1 12 10 1 7 1 1 12 11 1 7 12 9 1 1 1 1 1
staticfield java/lang/invoke/LambdaForm$MH+0x000002e2011b2000 _D_0 Ljava/lang/invoke/LambdaForm; java/lang/invoke/LambdaForm
ciInstanceKlass java/lang/invoke/LambdaForm$MH+0x000002e2011b2400 1 1 49 1 7 1 100 1 1 1 1 1 1 1 7 1 7 1 1 12 10 1 7 1 1 12 10 1 1 1 1 1 7 1 1 12 10 1 7 1 1 12 11 1 7 12 9 1 1 1 1
staticfield java/lang/invoke/LambdaForm$MH+0x000002e2011b2400 _D_0 Ljava/lang/invoke/LambdaForm; java/lang/invoke/LambdaForm
ciInstanceKlass java/lang/invoke/LambdaForm$DMH+0x000002e2011b2800 1 1 49 1 7 1 100 1 1 1 1 1 1 1 7 1 1 12 10 1 7 1 7 1 1 12 10 1 1 1 1 1 7 1 1 12 10 1 7 1 1 12 11 1 7 12 9 1 1 1 1
staticfield java/lang/invoke/LambdaForm$DMH+0x000002e2011b2800 _D_0 Ljava/lang/invoke/LambdaForm; java/lang/invoke/LambdaForm
ciInstanceKlass java/lang/invoke/LambdaForm$MH+0x000002e2011b3800 1 1 70 1 7 1 100 1 1 1 1 1 1 1 7 1 1 12 9 1 12 9 1 12 9 1 12 9 1 12 9 1 100 1 7 1 1 12 10 1 100 1 1 12 10 12 10 1 1 1 1 1 7 1 1 12 10 1 7 1 1 12 11 1 7 12 9 1 1 1 1 1
staticfield java/lang/invoke/LambdaForm$MH+0x000002e2011b3800 _D_0 Ljava/lang/invoke/LambdaForm; java/lang/invoke/LambdaForm
ciInstanceKlass java/lang/invoke/LambdaForm$MH+0x000002e2011b4000 1 1 66 1 7 1 100 1 1 1 1 1 1 1 7 1 1 12 9 1 12 9 1 12 9 1 12 9 1 7 1 1 12 10 1 7 1 7 1 1 12 10 1 1 1 1 1 1 7 1 1 12 10 1 7 1 1 12 11 1 7 12 9 1 1 1 1 1
staticfield java/lang/invoke/LambdaForm$MH+0x000002e2011b4000 _D_0 Ljava/lang/invoke/LambdaForm; java/lang/invoke/LambdaForm
ciInstanceKlass java/lang/invoke/LambdaForm$MH+0x000002e2011b4400 1 1 49 1 7 1 100 1 1 1 1 1 1 1 7 1 7 1 1 12 10 1 7 1 1 12 10 1 1 1 1 1 7 1 1 12 10 1 7 1 1 12 11 1 7 12 9 1 1 1 1
staticfield java/lang/invoke/LambdaForm$MH+0x000002e2011b4400 _D_0 Ljava/lang/invoke/LambdaForm; java/lang/invoke/LambdaForm
ciInstanceKlass java/lang/invoke/LambdaForm$MH+0x000002e2011b5000 1 1 70 1 7 1 100 1 1 1 1 1 1 1 7 1 1 12 9 1 12 9 1 12 9 1 12 9 1 12 9 1 100 1 7 1 1 12 10 1 100 1 1 12 10 12 10 1 1 1 1 1 7 1 1 12 10 1 7 1 1 12 11 1 7 12 9 1 1 1 1 1
staticfield java/lang/invoke/LambdaForm$MH+0x000002e2011b5000 _D_0 Ljava/lang/invoke/LambdaForm; java/lang/invoke/LambdaForm
instanceKlass org/robolectric/shadows/ShadowLegacyLooper
instanceKlass org/robolectric/shadows/ShadowPausedLooper
ciInstanceKlass org/robolectric/shadows/ShadowLooper 1 1 233 10 7 12 1 1 1 10 7 12 1 1 1 100 1 100 1 10 8 1 10 12 1 1 10 12 1 8 1 10 12 1 1 10 12 1 10 100 12 1 1 1 10 100 12 1 1 1 10 12 1 1 9 7 12 1 1 1 10 100 12 1 1 1 100 1 10 10 12 1 1 10 100 1 10 12 1 9 12 1 1 9 12 1 10 7 12 1 1 1 10 12 1 10 12 1 10 12 1 1 10 12 1 9 100 12 1 1 1 10 12 1 1 10 12 1 10 12 1 1 10 12 1 10 12 1 10 12 1 10 100 12 1 1 1 10 12 1 1 10 12 1 1 1 1 1 1 1 1 1 1 1 1 1 1 1 1 1 1 1 1 1 1 1 1 100 1 1 1 1 1 1 1 1 1 1 1 1 1 1 1 1 1 1 1 1 1 1 1 1 1 1 1 1 1 1 1 1 1 1 1 1 1 1 1 1 1 1 1 1 1 1 1 1 1 1 1 1 1 1 1 1 1 1 1 1 1 100 1 1 100 1 1
staticfield org/robolectric/shadows/ShadowLooper looperModeLock Ljava/lang/Object; java/lang/Object
ciInstanceKlass java/lang/invoke/LambdaForm$MH+0x000002e2011b8000 1 1 66 1 7 1 100 1 1 1 1 1 1 1 7 1 1 12 9 1 12 9 1 12 9 1 12 9 1 7 1 1 12 10 1 7 1 7 1 1 12 10 1 1 1 1 1 1 7 1 1 12 10 1 7 1 1 12 11 1 7 12 9 1 1 1 1 1
staticfield java/lang/invoke/LambdaForm$MH+0x000002e2011b8000 _D_0 Ljava/lang/invoke/LambdaForm; java/lang/invoke/LambdaForm
ciInstanceKlass java/lang/invoke/LambdaForm$MH+0x000002e2011b8400 1 1 49 1 7 1 100 1 1 1 1 1 1 1 7 1 7 1 1 12 10 1 7 1 1 12 10 1 1 1 1 1 7 1 1 12 10 1 7 1 1 12 11 1 7 12 9 1 1 1 1
staticfield java/lang/invoke/LambdaForm$MH+0x000002e2011b8400 _D_0 Ljava/lang/invoke/LambdaForm; java/lang/invoke/LambdaForm
ciInstanceKlass java/lang/invoke/LambdaForm$MH+0x000002e2011f4800 1 1 70 1 7 1 100 1 1 1 1 1 1 1 7 1 1 12 9 1 12 9 1 12 9 1 12 9 1 12 9 1 100 1 7 1 1 12 10 1 100 1 1 12 10 12 10 1 1 1 1 1 7 1 1 12 10 1 7 1 1 12 11 1 7 12 9 1 1 1 1 1
staticfield java/lang/invoke/LambdaForm$MH+0x000002e2011f4800 _D_0 Ljava/lang/invoke/LambdaForm; java/lang/invoke/LambdaForm
ciInstanceKlass java/lang/invoke/LambdaForm$MH+0x000002e2011f5800 1 1 66 1 7 1 100 1 1 1 1 1 1 1 7 1 1 12 9 1 12 9 1 12 9 1 12 9 1 7 1 1 12 10 1 7 1 7 1 1 12 10 1 1 1 1 1 1 7 1 1 12 10 1 7 1 1 12 11 1 7 12 9 1 1 1 1 1
staticfield java/lang/invoke/LambdaForm$MH+0x000002e2011f5800 _D_0 Ljava/lang/invoke/LambdaForm; java/lang/invoke/LambdaForm
ciInstanceKlass java/lang/invoke/LambdaForm$MH+0x000002e2011f5c00 1 1 49 1 7 1 100 1 1 1 1 1 1 1 7 1 7 1 1 12 10 1 7 1 1 12 10 1 1 1 1 1 7 1 1 12 10 1 7 1 1 12 11 1 7 12 9 1 1 1 1
staticfield java/lang/invoke/LambdaForm$MH+0x000002e2011f5c00 _D_0 Ljava/lang/invoke/LambdaForm; java/lang/invoke/LambdaForm
ciInstanceKlass java/lang/invoke/LambdaForm$MH+0x000002e2011f6400 1 1 70 1 7 1 100 1 1 1 1 1 1 1 7 1 1 12 9 1 12 9 1 12 9 1 12 9 1 12 9 1 100 1 7 1 1 12 10 1 100 1 1 12 10 12 10 1 1 1 1 1 7 1 1 12 10 1 7 1 1 12 11 1 7 12 9 1 1 1 1 1
staticfield java/lang/invoke/LambdaForm$MH+0x000002e2011f6400 _D_0 Ljava/lang/invoke/LambdaForm; java/lang/invoke/LambdaForm
ciInstanceKlass android/os/Looper 1 1 427 1 7 1 7 1 100 1 1 1 1 1 1 1 1 1 8 1 1 1 1 1 1 1 1 1 1 1 1 1 1 1 12 10 12 9 1 7 1 1 12 10 1 100 1 8 1 1 12 10 12 10 1 1 12 10 1 1 1 12 9 1 100 1 8 10 1 1 12 10 1 100 1 100 1 1 1 8 12 9 1 100 1 1 12 10 1 7 1 1 12 10 12 9 1 100 12 10 1 8 1 1 12 10 1 100 1 1 12 9 1 12 10 1 8 1 1 12 9 1 8 1 1 12 9 1 12 10 1 1 12 10 1 100 1 12 11 1 100 1 1 12 10 1 8 1 8 1 100 1 1 12 10 1 8 1 8 1 1 12 10 1 12 10 1 8 1 100 1 1 12 10 1 12 10 1 1 1 1 1 1 1 1 1 1 1 1 1 1 1 1 10 1 7 1 1 12 10 12 9 1 1 1 1 12 10 1 1 1 1 100 1 12 10 1 1 12 10 1 1 1 12 10 1 1 1 1 1 12 10 1 1 10 1 8 1 12 10 1 1 1 1 8 10 1 8 1 12 10 1 12 10 1 8 1 100 1 1 12 10 1 100 1 12 10 1 8 1 10 12 10 15 3 1 7 1 1 12 10 15 12 18 12 10 15 18 1 12 10 15 12 18 1 12 10 15 12 18 1 12 10 15 12 18 12 10 15 18 1 12 10 15 1 12 10 15 1 12 18 1 12 10 15 12 18 1 12 10 10 1 12 10 15 1 12 18 1 12 10 15 1 12 18 12 10 15 1 12 18 1 12 10 15 12 18 1 12 10 15 1 12 18 12 10 15 1 12 18 1 12 10 15 1 12 18 1 12 10 15 1 12 18 12 10 15 12 18 12 10 15 1 12 18 12 10 15 1 12 18 1 1 7 1 1 12 10 12 9 1 1 12 10 15 1 1 12 18 1 1 1 1 1 1 1 1 1 1
ciInstanceKlass java/lang/invoke/LambdaForm$MH+0x000002e201203800 1 1 47 1 7 1 100 1 1 1 1 1 1 1 7 1 1 12 10 1 7 1 1 12 10 1 1 1 1 1 7 1 1 12 10 1 7 1 1 12 11 1 7 12 9 1 1 1 1
staticfield java/lang/invoke/LambdaForm$MH+0x000002e201203800 _D_0 Ljava/lang/invoke/LambdaForm; java/lang/invoke/LambdaForm
ciInstanceKlass java/lang/invoke/LambdaForm$DMH+0x000002e201204400 1 1 49 1 7 1 100 1 1 1 1 1 1 1 7 1 1 12 10 1 7 1 7 1 1 12 10 1 1 1 1 1 7 1 1 12 10 1 7 1 1 12 11 1 7 12 9 1 1 1 1
staticfield java/lang/invoke/LambdaForm$DMH+0x000002e201204400 _D_0 Ljava/lang/invoke/LambdaForm; java/lang/invoke/LambdaForm
ciInstanceKlass java/lang/invoke/LambdaForm$MH+0x000002e201229800 1 1 70 1 7 1 100 1 1 1 1 1 1 1 7 1 1 12 9 1 12 9 1 12 9 1 12 9 1 12 9 1 100 1 7 1 1 12 10 1 100 1 1 12 10 12 10 1 1 1 1 1 7 1 1 12 10 1 7 1 1 12 11 1 7 12 9 1 1 1 1 1
staticfield java/lang/invoke/LambdaForm$MH+0x000002e201229800 _D_0 Ljava/lang/invoke/LambdaForm; java/lang/invoke/LambdaForm
ciInstanceKlass java/lang/invoke/LambdaForm$MH+0x000002e20122a400 1 1 65 1 7 1 100 1 1 1 1 1 1 1 7 1 1 12 9 1 7 1 1 12 10 1 12 9 1 7 1 7 1 1 12 10 1 1 12 10 1 12 10 1 1 1 1 1 7 1 1 12 10 1 7 1 1 12 11 1 7 12 9 1 1 1 1
staticfield java/lang/invoke/LambdaForm$MH+0x000002e20122a400 _D_0 Ljava/lang/invoke/LambdaForm; java/lang/invoke/LambdaForm
ciInstanceKlass java/lang/invoke/LambdaForm$DMH+0x000002e20122a800 1 1 49 1 7 1 100 1 1 1 1 1 1 1 7 1 1 12 10 1 7 1 7 1 1 12 10 1 1 1 1 1 7 1 1 12 10 1 7 1 1 12 11 1 7 12 9 1 1 1 1
staticfield java/lang/invoke/LambdaForm$DMH+0x000002e20122a800 _D_0 Ljava/lang/invoke/LambdaForm; java/lang/invoke/LambdaForm
ciInstanceKlass java/lang/invoke/LambdaForm$MH+0x000002e20122b000 1 1 69 1 7 1 100 1 1 1 1 1 1 1 7 1 1 12 9 1 12 9 1 12 9 1 12 9 1 7 1 1 12 10 1 7 1 7 1 1 12 10 1 1 12 10 1 1 1 1 1 7 1 1 12 10 1 7 1 1 12 11 1 7 12 9 1 1 1 1 1
staticfield java/lang/invoke/LambdaForm$MH+0x000002e20122b000 _D_0 Ljava/lang/invoke/LambdaForm; java/lang/invoke/LambdaForm
ciInstanceKlass java/lang/invoke/LambdaForm$MH+0x000002e20122b400 1 1 49 1 7 1 100 1 1 1 1 1 1 1 7 1 7 1 1 12 10 1 7 1 1 12 10 1 1 1 1 1 7 1 1 12 10 1 7 1 1 12 11 1 7 12 9 1 1 1 1
staticfield java/lang/invoke/LambdaForm$MH+0x000002e20122b400 _D_0 Ljava/lang/invoke/LambdaForm; java/lang/invoke/LambdaForm
ciInstanceKlass java/lang/invoke/LambdaForm$MH+0x000002e20122b800 1 1 47 1 7 1 100 1 1 1 1 1 1 1 1 12 9 1 7 1 7 1 1 12 9 1 1 1 1 1 7 1 1 12 10 1 7 1 1 12 11 1 7 12 9 1 1 1 1
staticfield java/lang/invoke/LambdaForm$MH+0x000002e20122b800 _D_0 Ljava/lang/invoke/LambdaForm; java/lang/invoke/LambdaForm
staticfield java/lang/invoke/LambdaForm$MH+0x000002e20122b800 _D_1 Ljava/lang/invoke/MethodHandle; java/lang/invoke/BoundMethodHandle$Species_I
instanceKlass android/database/CursorWindow
instanceKlass android/database/sqlite/SQLiteProgram
instanceKlass android/database/sqlite/SQLiteDatabase
ciInstanceKlass android/database/sqlite/SQLiteClosable 1 1 131 1 7 1 7 1 100 1 100 1 1 1 1 1 1 1 12 9 1 1 1 1 1 12 10 1 1 100 1 100 1 12 10 1 8 1 1 12 10 1 12 10 1 1 12 10 1 12 10 1 100 1 1 1 1 1 12 10 1 1 12 10 1 12 10 10 1 12 10 15 3 1 7 1 1 12 10 15 1 12 18 12 10 15 12 18 1 12 10 15 12 18 12 10 15 12 18 1 12 10 15 12 18 1 12 10 15 12 18 12 9 1 1 12 10 15 1 1 12 18 1 1 1 1 1 1 1 1 1 1 1
ciInstanceKlass android/database/sqlite/SQLiteDatabase 1 1 1522 1 7 1 7 1 100 1 1 1 1 1 100 1 1 100 1 1 100 1 7 1 100 1 100 1 1 1 1 1 1 8 1 1 3 1 1 1 1 1 1 1 1 1 1 1 1 1 1 1 1 1 1 1 1 3 1 3 1 3 1 3 1 3 1 3 1 1 1 3 1 1 1 1 3 1 3 1 3 1 3 1 1 1 1 1 12 10 12 9 1 7 1 12 10 12 9 1 7 1 1 12 10 12 9 12 9 1 7 10 12 9 1 7 1 12 10 12 9 1 1 1 1 1 1 1 7 1 100 1 1 7 1 1 12 10 1 12 10 1 1 1 12 10 1 12 10 12 9 12 9 1 7 1 1 12 10 1 7 10 1 1 1 1 1 100 1 12 10 1 1 1 1 1 1 12 9 1 1 12 10 1 100 1 1 12 10 1 12 11 1 1 1 7 1 12 10 1 7 1 1 12 10 1 12 10 1 1 1 1 12 10 1 1 1 1 7 1 1 12 10 1 12 10 1 1 1 1 1 12 10 1 1 1 1 1 1 1 12 10 1 12 10 1 12 10 1 12 10 1 12 10 1 1 100 1 1 1 12 10 1 1 12 10 1 1 12 10 1 1 12 10 1 1 5 0 1 1 12 10 1 1 1 1 1 1 1 12 10 1 1 1 1 1 100 1 12 10 1 1 1 1 12 10 1 12 10 1 12 10 1 1 1 1 100 1 12 10 1 1 12 10 1 1 1 1 1 1 100 1 8 1 12 10 1 12 10 1 7 10 1 1 12 10 1 8 1 12 10 10 1 8 1 8 1 1 12 10 1 12 10 1 8 10 1 1 12 10 1 1 1 1 1 1 1 1 1 100 1 1 100 1 12 10 12 9 1 1 12 10 1 1 1 1 1 100 1 100 1 12 10 12 10 1 8 1 8 1 100 1 1 12 10 10 1 1 1 12 9 1 100 10 1 12 10 8 12 10 1 1 12 10 1 1 1 8 12 10 1 1 1 100 12 10 1 1 12 9 1 100 1 1 12 10 12 10 1 1 1 1 1 1 1 1 8 1 7 1 1 12 10 1 7 1 1 12 10 1 12 10 1 1 8 1 12 10 1 12 10 1 1 1 1 8 1 12 10 1 1 1 1 8 1 12 10 1 1 1 1 1 1 8 1 1 1 8 1 1 1 1 1 1 1 1 1 1 100 1 1 12 10 1 1 12 10 1 1 12 10 1 100 1 8 10 1 1 1 1 1 1 7 1 7 1 12 10 1 1 1 1 1 12 10 1 1 1 1 1 1 1 1 1 1 1 1 1 1 100 1 1 12 10 1 12 10 1 1 12 10 1 1 12 10 1 1 1 1 1 1 1 1 7 1 12 10 1 7 1 12 11 1 1 100 1 100 1 1 1 1 12 10 1 8 1 12 10 1 1 1 1 1 1 1 1 1 1 8 12 9 1 8 1 12 10 1 100 1 12 10 1 1 12 10 1 100 1 1 12 11 1 100 1 12 11 1 12 11 1 8 1 8 1 12 10 1 8 1 8 1 8 1 8 1 12 10 10 1 1 1 1 1 1 1 1 1 100 1 1 1 8 1 8 1 12 10 1 1 1 1 1 1 12 10 1 1 8 10 1 8 1 8 1 8 1 1 1 1 1 12 10 1 1 8 1 1 1 12 10 12 9 1 12 10 1 1 1 1 1 12 10 1 1 1 1 12 10 1 1 12 9 1 1 1 8 1 1 12 9 1 1 100 1 1 8 1 12 9 1 1 1 1 12 9 1 1 1 8 1 12 10 1 1 12 10 1 8 1 8 1 12 10 3 1 1 1 1 1 10 1 12 10 10 1 1 12 10 1 1 1 1 10 1 1 10 1 1 12 10 1 1 1 1 1 12 10 1 1 1 1 1 100 1 12 11 10 1 1 1 1 100 1 8 1 12 10 1 8 1 12 10 1 100 1 12 11 1 1 12 11 11 1 1 1 1 1 1 12 10 1 8 10 1 8 1 8 1 100 11 11 1 12 11 1 8 1 12 9 1 8 1 12 10 1 12 10 1 8 1 1 12 10 1 8 1 12 9 1 8 12 10 1 1 1 1 1 1 1 1 1 8 1 1 8 1 8 1 1 7 1 12 10 10 1 8 1 8 1 8 1 8 1 8 1 12 10 10 1 12 10 15 1 7 1 1 12 10 15 1 12 18 12 10 15 12 18 1 12 10 15 12 18 12 10 15 1 12 18 12 10 15 1 12 10 15 18 1 12 10 15 12 18 12 10 15 1 12 18 12 10 15 18 12 10 15 1 12 18 1 12 10 15 12 18 12 10 15 1 12 18 12 10 15 18 12 10 15 12 18 1 12 10 15 12 18 1 12 10 15 1 12 18 1 12 10 15 12 18 12 10 15 1 12 18 12 10 15 12 18 12 10 15 12 18 1 12 10 15 1 12 18 1 12 10 15 12 18 1 12 10 15 12 18 1 12 10 15 12 18 1 12 10 15 12 18 12 10 15 1 12 18 12 10 15 1 12 18 1 12 10 15 1 12 18 12 10 15 18 12 10 15 18 12 10 15 12 18 12 10 15 18 12 10 15 12 18 1 12 10 15 12 18 1 12 10 15 12 18 12 10 15 12 18 12 10 15 12 18 1 12 10 15 12 18 1 12 10 15 1 12 18 12 10 15 1 12 18 1 12 10 15 1 12 18 1 12 10 15 1 12 18 1 12 10 15 1 12 18 12 10 15 12 18 1 12 10 15 1 12 18 1 12 10 15 1 12 18 12 10 15 1 12 18 12 10 15 18 12 10 15 1 12 18 12 10 15 1 12 18 12 10 15 1 12 18 12 10 15 1 12 18 12 10 15 1 12 18 12 10 15 1 12 18 12 10 15 1 12 18 12 10 15 1 12 18 12 10 15 1 12 18 12 10 15 1 12 18 12 10 15 1 12 18 1 12 10 15 1 12 18 1 12 10 15 12 18 1 12 10 15 12 18 1 12 10 15 12 18 12 10 15 1 12 18 12 10 15 1 12 18 1 12 10 15 1 12 18 12 10 15 1 12 18 12 10 15 1 12 18 12 10 15 12 18 12 10 15 1 12 18 1 12 10 15 12 18 12 10 15 12 18 1 12 10 15 12 18 1 12 10 15 12 18 1 12 10 15 1 12 18 12 10 15 12 18 1 12 10 15 1 12 18 1 12 10 15 12 18 1 12 10 15 12 18 1 12 10 15 12 18 12 10 15 12 18 1 12 10 15 12 18 1 12 10 15 12 18 12 10 15 1 12 18 12 10 15 18 1 12 10 15 12 18 12 10 15 1 12 18 12 10 15 1 12 18 1 12 10 15 12 18 12 10 15 12 18 12 10 15 12 18 1 1 7 1 1 12 10 12 9 1 1 12 10 15 1 1 12 18 1 1 1 1 1 1 1 1 1 1 1 1 1 1
ciInstanceKlass java/lang/invoke/LambdaForm$MH+0x000002e20127cc00 1 1 47 1 7 1 100 1 1 1 1 1 1 1 7 1 1 12 10 1 7 1 1 12 10 1 1 1 1 1 7 1 1 12 10 1 7 1 1 12 11 1 7 12 9 1 1 1 1
staticfield java/lang/invoke/LambdaForm$MH+0x000002e20127cc00 _D_0 Ljava/lang/invoke/LambdaForm; java/lang/invoke/LambdaForm
ciInstanceKlass java/lang/invoke/LambdaForm$MH+0x000002e20127d400 1 1 65 1 7 1 100 1 1 1 1 1 1 1 7 1 1 12 9 1 7 1 1 12 10 1 12 9 1 7 1 7 1 1 12 10 1 1 12 10 1 12 10 1 1 1 1 1 7 1 1 12 10 1 7 1 1 12 11 1 7 12 9 1 1 1 1
staticfield java/lang/invoke/LambdaForm$MH+0x000002e20127d400 _D_0 Ljava/lang/invoke/LambdaForm; java/lang/invoke/LambdaForm
ciInstanceKlass java/lang/invoke/LambdaForm$DMH+0x000002e20127fc00 1 1 49 1 7 1 100 1 1 1 1 1 1 1 7 1 1 12 10 1 7 1 7 1 1 12 10 1 1 1 1 1 7 1 1 12 10 1 7 1 1 12 11 1 7 12 9 1 1 1 1
staticfield java/lang/invoke/LambdaForm$DMH+0x000002e20127fc00 _D_0 Ljava/lang/invoke/LambdaForm; java/lang/invoke/LambdaForm
ciInstanceKlass java/lang/invoke/LambdaForm$MH+0x000002e201281400 1 1 47 1 7 1 100 1 1 1 1 1 1 1 7 1 1 12 10 1 7 1 1 12 10 1 1 1 1 1 7 1 1 12 10 1 7 1 1 12 11 1 7 12 9 1 1 1 1
staticfield java/lang/invoke/LambdaForm$MH+0x000002e201281400 _D_0 Ljava/lang/invoke/LambdaForm; java/lang/invoke/LambdaForm
ciInstanceKlass java/lang/invoke/LambdaForm$MH+0x000002e201286000 1 1 70 1 7 1 100 1 1 1 1 1 1 1 7 1 1 12 9 1 12 9 1 12 9 1 12 9 1 12 9 1 100 1 7 1 1 12 10 1 100 1 1 12 10 12 10 1 1 1 1 1 7 1 1 12 10 1 7 1 1 12 11 1 7 12 9 1 1 1 1 1
staticfield java/lang/invoke/LambdaForm$MH+0x000002e201286000 _D_0 Ljava/lang/invoke/LambdaForm; java/lang/invoke/LambdaForm
ciInstanceKlass java/lang/invoke/LambdaForm$MH+0x000002e201287000 1 1 69 1 7 1 100 1 1 1 1 1 1 1 7 1 1 12 9 1 12 9 1 12 9 1 12 9 1 7 1 1 12 10 1 7 1 7 1 1 12 10 1 1 12 10 1 1 1 1 1 7 1 1 12 10 1 7 1 1 12 11 1 7 12 9 1 1 1 1 1
staticfield java/lang/invoke/LambdaForm$MH+0x000002e201287000 _D_0 Ljava/lang/invoke/LambdaForm; java/lang/invoke/LambdaForm
ciInstanceKlass android/os/CancellationSignal 0 0 186 1 100 1 100 1 100 1 1 1 1 1 100 1 100 1 1 100 1 1 1 1 1 1 1 1 1 1 1 1 1 1 1 1 12 9 1 100 1 1 12 10 1 100 1 12 10 1 1 100 12 9 12 9 12 9 1 12 11 1 100 1 12 11 1 12 10 1 1 1 1 1 12 10 1 1 1 1 100 1 12 10 1 1 1 12 10 1 1 1 12 9 1 1 12 10 10 1 12 10 15 3 1 100 1 1 12 10 15 1 12 18 12 10 15 1 12 18 1 12 10 15 12 18 12 10 15 12 18 1 12 10 15 1 12 18 1 12 10 15 1 12 18 12 10 15 12 18 1 12 10 15 1 12 10 15 12 18 1 12 10 15 12 18 12 9 1 1 12 10 15 1 1 12 18 1 1 1 1 1 1 1 1 1 1 1
ciInstanceKlass java/lang/invoke/LambdaForm$MH+0x000002e20129c800 1 1 70 1 7 1 100 1 1 1 1 1 1 1 7 1 1 12 9 1 12 9 1 12 9 1 12 9 1 12 9 1 100 1 7 1 1 12 10 1 100 1 1 12 10 12 10 1 1 1 1 1 7 1 1 12 10 1 7 1 1 12 11 1 7 12 9 1 1 1 1 1
staticfield java/lang/invoke/LambdaForm$MH+0x000002e20129c800 _D_0 Ljava/lang/invoke/LambdaForm; java/lang/invoke/LambdaForm
ciInstanceKlass java/lang/invoke/LambdaForm$MH+0x000002e20129d800 1 1 69 1 7 1 100 1 1 1 1 1 1 1 7 1 1 12 9 1 12 9 1 12 9 1 12 9 1 7 1 1 12 10 1 7 1 7 1 1 12 10 1 1 12 10 1 1 1 1 1 7 1 1 12 10 1 7 1 1 12 11 1 7 12 9 1 1 1 1 1
staticfield java/lang/invoke/LambdaForm$MH+0x000002e20129d800 _D_0 Ljava/lang/invoke/LambdaForm; java/lang/invoke/LambdaForm
ciInstanceKlass java/lang/invoke/LambdaForm$DMH+0x000002e2012ac800 1 1 49 1 7 1 100 1 1 1 1 1 1 1 7 1 1 12 10 1 7 1 7 1 1 12 10 1 1 1 1 1 7 1 1 12 10 1 7 1 1 12 11 1 7 12 9 1 1 1 1
staticfield java/lang/invoke/LambdaForm$DMH+0x000002e2012ac800 _D_0 Ljava/lang/invoke/LambdaForm; java/lang/invoke/LambdaForm
ciInstanceKlass java/lang/invoke/LambdaForm$MH+0x000002e2012ae800 1 1 70 1 7 1 100 1 1 1 1 1 1 1 7 1 1 12 9 1 12 9 1 12 9 1 12 9 1 12 9 1 100 1 7 1 1 12 10 1 100 1 1 12 10 12 10 1 1 1 1 1 7 1 1 12 10 1 7 1 1 12 11 1 7 12 9 1 1 1 1 1
staticfield java/lang/invoke/LambdaForm$MH+0x000002e2012ae800 _D_0 Ljava/lang/invoke/LambdaForm; java/lang/invoke/LambdaForm
ciInstanceKlass java/lang/invoke/LambdaForm$MH+0x000002e2012b0000 1 1 65 1 7 1 100 1 1 1 1 1 1 1 7 1 1 12 9 1 7 1 1 12 10 1 12 9 1 7 1 7 1 1 12 10 1 1 12 10 1 12 10 1 1 1 1 1 7 1 1 12 10 1 7 1 1 12 11 1 7 12 9 1 1 1 1
staticfield java/lang/invoke/LambdaForm$MH+0x000002e2012b0000 _D_0 Ljava/lang/invoke/LambdaForm; java/lang/invoke/LambdaForm
ciInstanceKlass java/lang/invoke/LambdaForm$MH+0x000002e2012b0c00 1 1 69 1 7 1 100 1 1 1 1 1 1 1 7 1 1 12 9 1 12 9 1 12 9 1 12 9 1 7 1 1 12 10 1 7 1 7 1 1 12 10 1 1 12 10 1 1 1 1 1 7 1 1 12 10 1 7 1 1 12 11 1 7 12 9 1 1 1 1 1
staticfield java/lang/invoke/LambdaForm$MH+0x000002e2012b0c00 _D_0 Ljava/lang/invoke/LambdaForm; java/lang/invoke/LambdaForm
ciInstanceKlass java/lang/invoke/LambdaForm$MH+0x000002e2012b1000 1 1 49 1 7 1 100 1 1 1 1 1 1 1 7 1 7 1 1 12 10 1 7 1 1 12 10 1 1 1 1 1 7 1 1 12 10 1 7 1 1 12 11 1 7 12 9 1 1 1 1
staticfield java/lang/invoke/LambdaForm$MH+0x000002e2012b1000 _D_0 Ljava/lang/invoke/LambdaForm; java/lang/invoke/LambdaForm
ciInstanceKlass java/lang/invoke/LambdaForm$MH+0x000002e2012b9000 1 1 47 1 7 1 100 1 1 1 1 1 1 1 7 1 1 12 10 1 7 1 1 12 10 1 1 1 1 1 7 1 1 12 10 1 7 1 1 12 11 1 7 12 9 1 1 1 1
staticfield java/lang/invoke/LambdaForm$MH+0x000002e2012b9000 _D_0 Ljava/lang/invoke/LambdaForm; java/lang/invoke/LambdaForm
instanceKlass android/database/sqlite/SQLiteTableLockedException
instanceKlass android/database/sqlite/SQLiteReadOnlyDatabaseException
instanceKlass android/database/sqlite/SQLiteOutOfMemoryException
instanceKlass android/database/sqlite/SQLiteMisuseException
instanceKlass android/database/sqlite/SQLiteFullException
instanceKlass android/database/sqlite/SQLiteDoneException
instanceKlass android/database/sqlite/SQLiteDiskIOException
instanceKlass android/database/sqlite/SQLiteDatatypeMismatchException
instanceKlass android/database/sqlite/SQLiteConstraintException
instanceKlass android/database/sqlite/SQLiteCantOpenDatabaseException
instanceKlass android/database/sqlite/SQLiteBlobTooBigException
instanceKlass android/database/sqlite/SQLiteAccessPermException
instanceKlass android/database/sqlite/SQLiteAbortException
instanceKlass android/database/sqlite/SQLiteDatabaseLockedException
instanceKlass android/database/sqlite/SQLiteBindOrColumnIndexOutOfRangeException
instanceKlass android/database/sqlite/SQLiteDatabaseCorruptException
ciInstanceKlass android/database/sqlite/SQLiteException 0 0 77 1 100 1 100 1 100 1 1 1 1 1 1 1 1 1 1 1 1 1 1 12 10 1 12 10 1 12 10 15 3 1 100 1 1 12 10 15 1 12 18 12 10 12 10 15 1 12 18 12 10 12 10 15 1 12 18 12 9 1 1 12 10 15 1 1 12 18 1 1 1 1 1 1 1 1 1
ciInstanceKlass android/database/sqlite/SQLiteStatement 1 1 191 1 7 1 7 1 100 1 1 1 1 1 1 1 1 1 1 1 1 1 1 1 1 1 1 1 100 1 12 10 1 1 12 10 1 1 12 10 1 1 12 10 1 1 12 10 1 7 1 1 12 10 1 12 10 1 12 10 1 1 1 100 1 1 1 12 10 1 1 1 1 12 10 1 1 12 10 1 1 1 12 10 1 1 1 1 12 10 1 1 100 1 12 10 1 8 1 1 12 10 1 12 10 1 12 10 1 12 10 1 12 10 15 3 1 7 1 1 12 10 15 1 12 18 12 10 15 1 12 18 1 12 10 15 1 12 18 1 12 10 15 1 12 18 1 12 10 15 12 18 1 12 10 15 1 12 18 1 12 10 15 1 12 18 12 10 15 12 18 10 12 9 1 1 12 10 15 1 1 12 18 1 1 1 1 1 1 1 1 1 1
ciInstanceKlass android/database/sqlite/SQLiteSession 1 1 516 1 7 1 7 1 100 1 1 1 1 1 100 1 7 1 1 1 1 1 1 1 1 1 1 1 1 1 1 3 1 3 1 3 1 1 1 1 1 100 1 8 1 1 12 10 12 9 1 1 1 1 1 12 9 1 1 12 9 1 12 9 1 1 1 1 12 10 1 12 10 1 1 1 1 1 1 1 1 100 1 100 1 12 10 1 1 12 10 1 8 1 7 1 1 12 10 1 8 1 8 1 100 1 12 11 1 8 1 1 12 10 1 12 10 1 1 1 1 100 1 1 12 10 1 12 9 1 1 12 9 1 100 12 10 1 1 12 10 1 1 12 9 1 12 9 1 12 11 1 12 11 1 1 12 10 1 8 1 1 1 1 1 1 1 1 12 10 1 1 12 10 1 1 1 1 1 100 12 9 1 7 1 1 12 10 1 12 9 1 100 1 1 12 10 1 1 1 8 1 1 12 10 1 1 1 1 1 1 1 1 12 10 1 1 1 1 1 1 12 10 1 1 1 1 12 10 1 1 1 1 12 10 1 1 1 1 12 10 1 1 12 10 1 1 1 8 1 100 1 12 10 1 1 12 10 1 1 1 1 1 1 1 7 1 1 12 10 1 12 10 1 12 10 1 12 10 1 1 12 9 1 12 10 1 1 12 10 1 1 100 1 8 10 1 1 8 1 1 12 10 1 8 1 12 9 1 12 10 1 1 1 1 7 1 12 10 1 12 10 10 1 12 10 15 1 7 1 1 12 10 15 1 12 18 1 12 10 15 1 12 18 12 10 15 12 18 1 12 10 15 12 18 12 10 15 1 12 18 12 10 15 12 18 12 10 15 1 12 18 12 10 15 1 12 18 12 10 15 1 12 18 1 12 10 15 1 12 18 12 10 15 1 12 18 12 10 15 1 12 18 12 10 15 1 12 18 12 10 15 1 12 18 12 10 15 1 12 18 12 10 15 1 12 18 12 10 15 1 12 18 12 10 15 12 18 12 10 15 1 12 18 12 10 15 1 12 18 12 10 15 1 12 18 12 10 15 12 18 12 10 15 12 18 12 10 15 12 18 12 10 15 12 18 12 10 15 1 12 18 12 10 15 1 12 18 1 1 7 1 1 12 10 12 9 1 1 12 10 15 1 1 12 18 1 1 1 1 1 1 1 1 1 1 1 1
ciInstanceKlass android/database/sqlite/SQLiteConnectionPool 1 1 980 1 7 1 7 1 100 1 100 1 1 1 1 1 7 1 1 7 1 1 100 1 100 1 100 1 1 100 1 100 1 1 100 1 100 1 1 1 1 1 1 8 1 1 5 0 1 1 1 1 1 1 1 1 1 1 1 1 1 1 1 1 1 1 1 1 1 1 1 1 3 1 3 1 3 1 1 1 1 7 1 1 12 10 12 9 1 1 12 10 12 9 1 7 10 12 9 1 7 10 12 9 1 7 10 12 9 1 7 12 10 12 9 1 12 10 1 1 1 1 1 7 1 1 12 10 1 12 10 1 1 1 100 1 8 1 12 10 10 1 12 10 1 1 1 12 10 12 9 12 9 1 8 12 10 1 1 1 12 10 12 10 1 12 10 1 12 10 1 1 12 10 1 100 10 1 8 1 1 12 10 1 12 9 1 8 1 12 10 1 8 1 8 1 1 12 10 1 100 1 1 12 10 1 12 10 1 1 1 1 12 9 3 1 1 12 10 1 100 1 8 10 1 12 10 12 9 10 1 100 10 1 12 9 1 8 1 12 10 1 12 10 1 12 10 1 12 10 1 1 1 1 1 1 12 10 1 1 1 1 1 1 1 1 12 10 1 8 1 12 10 1 7 1 12 10 1 1 12 10 10 12 9 1 1 12 10 1 1 1 1 1 100 1 12 9 1 12 10 1 8 1 12 10 1 1 12 10 1 12 9 1 1 1 1 1 12 10 1 1 12 10 1 1 1 1 12 10 1 1 12 10 1 7 1 12 11 1 1 12 11 1 1 12 10 1 7 11 1 12 10 1 1 1 1 1 12 9 1 12 10 1 1 1 1 8 1 8 1 8 1 8 1 12 10 1 12 10 1 1 1 12 10 1 12 10 1 1 12 10 1 1 10 1 8 1 1 1 12 10 1 1 8 1 8 1 1 12 10 1 12 10 1 12 11 1 12 11 1 1 12 10 1 1 1 1 1 1 1 1 12 10 1 1 12 10 1 1 12 10 1 1 12 10 1 7 1 1 12 10 1 7 1 1 12 10 1 1 12 10 12 9 1 12 9 1 12 9 1 12 9 1 12 10 1 1 12 10 1 12 9 1 1 12 10 5 0 1 7 1 1 12 10 1 12 10 1 12 9 1 12 9 1 1 12 10 1 1 12 10 1 1 1 1 1 1 1 1 1 1 1 100 1 1 100 10 1 1 12 9 1 1 12 10 1 1 1 8 1 8 1 12 10 1 12 10 1 8 1 12 10 1 8 1 8 1 100 1 1 12 10 1 8 4 1 12 10 1 8 1 12 10 1 8 1 8 1 8 1 8 1 8 1 8 1 8 1 1 1 1 1 1 1 1 1 1 1 1 1 12 9 1 12 9 1 12 9 1 1 1 1 1 12 10 1 1 1 1 12 10 1 1 1 12 10 1 12 9 1 8 1 8 12 10 1 1 1 1 1 1 100 1 12 10 1 1 8 1 12 9 1 12 10 1 1 1 1 8 1 100 1 1 12 10 1 8 1 12 9 1 8 1 100 1 12 11 1 8 1 12 10 1 8 1 8 1 12 10 1 8 1 8 1 8 1 12 10 1 8 1 8 1 8 1 8 1 8 1 8 1 8 1 1 1 1 1 1 8 1 1 1 1 1 1 12 10 1 1 1 7 1 12 10 1 12 10 1 12 10 15 3 1 7 1 1 12 10 15 1 12 18 12 10 15 1 12 18 12 10 15 1 12 10 15 12 18 12 10 15 12 18 12 10 15 12 18 12 10 15 1 12 18 12 10 15 12 18 1 12 10 15 1 12 18 1 12 10 15 1 12 18 12 10 15 1 12 18 1 12 10 15 1 12 18 12 10 15 1 12 18 12 10 15 1 12 18 1 12 10 15 12 18 12 10 15 12 18 12 10 15 12 18 12 10 15 12 18 12 10 15 12 18 12 10 15 12 18 12 10 15 12 18 12 10 15 1 12 18 12 10 15 12 18 12 10 15 12 18 12 10 15 1 12 18 12 10 15 12 18 12 10 15 1 12 18 12 10 15 1 12 18 12 10 15 1 12 18 12 10 15 1 12 18 12 10 15 18 12 10 15 12 18 12 10 15 12 18 12 10 15 1 12 18 12 10 15 12 18 12 10 15 1 12 18 12 10 15 1 12 18 1 1 7 1 1 12 10 12 9 1 1 12 10 15 1 12 18 1 1 1 1 1 1 1 1 1 1 1 1 1
ciInstanceKlass android/os/CancellationSignal$OnCancelListener 1 0 15 1 100 1 100 1 100 1 1 100 1 1 1 1 1
ciInstanceKlass android/database/sqlite/SQLiteDatabase$1 1 1 79 1 7 1 1 7 1 100 1 1 7 1 1 1 1 1 1 1 1 1 1 12 9 1 12 10 1 1 12 10 1 12 10 1 1 12 10 1 12 10 15 3 1 7 1 1 12 10 15 1 12 18 12 10 15 1 12 18 12 9 1 1 12 10 15 1 1 12 18 1 1 1 1 1 1 1 1 1 1
instanceKlass android/database/sqlite/SQLiteQuery
instanceKlass android/database/sqlite/SQLiteStatement
ciInstanceKlass android/database/sqlite/SQLiteProgram 1 1 367 1 7 1 7 1 100 1 1 1 1 1 1 1 1 1 1 1 1 1 1 1 1 1 1 12 9 1 7 1 1 12 10 12 9 1 7 1 1 12 10 12 9 12 9 12 9 12 9 1 7 1 1 12 10 1 7 1 1 12 10 1 1 12 10 1 7 1 1 12 10 1 12 9 1 12 9 1 12 9 1 100 1 100 10 1 8 1 1 12 10 1 12 10 1 8 1 8 1 12 10 1 12 10 1 7 12 9 1 8 1 7 1 1 12 10 15 1 1 12 18 1 1 1 1 1 1 1 1 1 1 1 1 1 1 1 1 1 1 1 1 1 1 1 12 10 1 1 1 1 1 1 12 10 1 1 1 1 7 1 1 12 10 1 1 1 1 1 7 1 12 10 1 1 1 1 8 1 8 1 1 1 1 1 7 1 1 12 10 1 1 1 12 10 1 1 1 12 10 1 1 8 1 8 1 8 1 8 1 1 12 10 10 1 12 10 15 3 1 1 12 10 15 1 12 18 1 12 10 15 1 12 18 1 12 10 15 1 12 18 1 12 10 15 1 12 18 1 12 10 15 1 12 18 1 12 10 15 1 12 18 1 12 10 15 1 12 18 12 10 15 1 12 18 1 12 10 15 12 18 1 12 10 15 1 12 18 1 12 10 15 1 12 18 1 12 10 15 1 12 18 12 10 15 1 12 18 1 12 10 15 1 12 18 12 10 15 12 18 1 12 10 15 1 12 18 1 12 10 15 12 18 12 10 15 1 12 18 1 1 7 1 1 12 10 12 9 1 1 12 10 15 1 1 12 18 1 1 1 1 1 1 1 1 1 1 1
ciInstanceKlass java/lang/invoke/LambdaForm$MH+0x000002e201360c00 1 1 70 1 7 1 100 1 1 1 1 1 1 1 7 1 1 12 9 1 12 9 1 12 9 1 12 9 1 12 9 1 100 1 7 1 1 12 10 1 100 1 1 12 10 12 10 1 1 1 1 1 7 1 1 12 10 1 7 1 1 12 11 1 7 12 9 1 1 1 1 1
staticfield java/lang/invoke/LambdaForm$MH+0x000002e201360c00 _D_0 Ljava/lang/invoke/LambdaForm; java/lang/invoke/LambdaForm
ciInstanceKlass java/lang/invoke/LambdaForm$MH+0x000002e201361800 1 1 65 1 7 1 100 1 1 1 1 1 1 1 7 1 1 12 9 1 7 1 1 12 10 1 12 9 1 7 1 7 1 1 12 10 1 1 12 10 1 12 10 1 1 1 1 1 7 1 1 12 10 1 7 1 1 12 11 1 7 12 9 1 1 1 1
staticfield java/lang/invoke/LambdaForm$MH+0x000002e201361800 _D_0 Ljava/lang/invoke/LambdaForm; java/lang/invoke/LambdaForm
ciInstanceKlass java/lang/invoke/LambdaForm$MH+0x000002e201362400 1 1 69 1 7 1 100 1 1 1 1 1 1 1 7 1 1 12 9 1 12 9 1 12 9 1 12 9 1 7 1 1 12 10 1 7 1 7 1 1 12 10 1 1 12 10 1 1 1 1 1 7 1 1 12 10 1 7 1 1 12 11 1 7 12 9 1 1 1 1 1
staticfield java/lang/invoke/LambdaForm$MH+0x000002e201362400 _D_0 Ljava/lang/invoke/LambdaForm; java/lang/invoke/LambdaForm
ciInstanceKlass java/lang/invoke/LambdaForm$MH+0x000002e201362800 1 1 49 1 7 1 100 1 1 1 1 1 1 1 7 1 7 1 1 12 10 1 7 1 1 12 10 1 1 1 1 1 7 1 1 12 10 1 7 1 1 12 11 1 7 12 9 1 1 1 1
staticfield java/lang/invoke/LambdaForm$MH+0x000002e201362800 _D_0 Ljava/lang/invoke/LambdaForm; java/lang/invoke/LambdaForm
ciInstanceKlass android/database/sqlite/SQLiteConnectionPool$ConnectionWaiter 1 1 92 1 7 1 7 1 100 1 1 1 1 1 7 1 1 100 1 1 1 1 1 1 1 1 1 1 1 1 1 1 1 1 1 1 1 1 1 1 1 1 1 1 1 12 10 1 12 10 1 12 10 15 3 1 7 1 1 12 10 15 1 12 18 12 10 10 15 1 12 18 12 9 1 1 12 10 15 1 1 12 18 1 1 1 1 1 1 1 1 1 1 1
ciInstanceKlass android/database/sqlite/SQLiteConnection 1 1 1422 1 7 1 7 1 100 1 100 1 1 1 1 1 100 1 7 1 1 7 1 1 7 1 1 7 1 1 100 1 7 1 1 100 1 1 100 1 100 1 1 1 1 1 1 8 1 1 3 1 1 1 1 1 1 1 1 1 1 1 1 1 1 1 1 1 1 1 1 1 1 1 1 1 1 1 1 1 1 1 1 1 1 1 1 1 1 1 1 1 1 1 1 1 1 1 1 1 1 1 1 1 1 1 1 1 1 1 1 1 1 1 1 1 1 1 1 1 1 1 1 1 1 1 7 1 1 12 10 12 9 1 1 12 10 12 9 12 9 1 7 1 12 10 12 9 12 9 12 9 1 12 9 12 9 1 12 9 1 12 10 12 9 1 8 1 1 12 10 1 1 1 1 1 1 1 100 1 1 1 7 12 9 1 12 10 1 1 12 10 1 12 10 1 1 1 100 12 10 12 10 1 1 1 1 1 12 9 1 12 9 1 12 9 1 12 9 1 12 10 1 12 10 1 12 10 1 12 10 1 12 10 1 12 10 1 12 10 1 1 12 9 1 7 1 1 12 10 1 12 10 1 100 1 12 10 1 1 1 1 1 1 12 10 12 10 1 1 12 10 1 12 10 1 12 10 1 1 12 10 1 1 1 1 1 12 10 1 7 1 12 10 1 8 1 1 12 10 1 7 12 10 1 8 1 1 12 10 1 12 10 1 1 12 10 1 1 12 10 1 1 1 12 10 1 8 1 8 1 1 12 10 1 8 1 8 1 1 12 9 1 8 1 8 1 3 1 8 1 12 10 1 12 10 1 12 10 1 12 10 1 12 10 1 1 8 1 1 12 10 1 1 12 10 1 7 1 1 12 10 1 8 1 1 8 1 1 12 10 1 8 1 8 1 8 1 8 1 8 1 1 100 1 8 1 8 1 8 1 8 1 8 1 8 1 8 1 8 1 8 1 100 1 1 12 10 1 1 1 100 1 1 12 9 1 7 10 1 12 10 1 8 1 8 1 8 1 8 1 8 1 8 1 8 1 8 1 8 1 8 1 12 10 1 1 1 1 1 12 9 1 12 10 10 1 12 10 1 12 10 1 1 1 1 1 1 1 12 10 1 1 1 1 1 1 100 1 8 12 10 1 8 1 1 12 10 1 12 9 1 7 1 12 9 1 12 9 12 9 1 12 9 1 12 10 12 9 1 12 9 1 12 10 1 1 12 10 1 1 12 10 1 1 1 1 1 8 1 12 10 1 1 12 10 1 12 10 1 1 12 10 1 12 10 1 12 10 1 1 1 1 100 1 8 1 12 10 1 8 1 12 10 1 1 1 8 1 12 10 1 100 1 1 12 10 1 1 1 1 8 1 12 10 1 1 12 10 1 8 1 12 10 1 1 12 10 1 1 1 8 1 12 10 1 1 1 8 1 7 1 12 10 1 8 1 12 9 1 12 10 1 12 10 1 12 10 1 8 1 12 10 1 8 1 8 1 8 1 8 1 12 10 1 1 1 1 1 1 1 1 1 1 12 9 1 12 10 1 12 10 1 7 1 1 12 10 1 12 10 1 1 12 10 1 12 10 1 1 12 10 1 12 9 1 12 10 1 1 1 1 1 12 10 1 12 9 1 12 10 1 12 10 1 1 12 10 1 1 12 10 12 9 1 12 10 1 1 12 10 1 12 9 1 100 10 1 1 12 10 1 1 100 1 8 1 8 1 8 10 1 1 12 10 1 12 10 1 7 1 1 12 10 1 12 10 1 1 12 10 1 12 10 100 1 12 10 1 7 1 12 10 10 1 12 10 1 1 1 1 8 10 1 1 1 1 1 12 10 1 12 11 1 12 11 1 1 1 12 10 1 1 1 1 1 8 1 8 1 100 1 12 11 1 8 1 100 1 1 12 10 1 8 1 12 10 1 8 1 12 10 1 12 10 1 1 12 10 1 1 1 1 12 10 1 8 1 8 1 1 12 10 1 12 10 1 8 10 1 8 12 10 1 1 12 10 1 8 1 8 1 8 1 8 1 12 10 1 8 1 12 10 10 1 1 1 1 1 1 1 1 1 8 1 8 1 12 10 1 12 10 10 1 1 8 1 12 9 1 12 9 10 1 12 9 1 1 12 9 1 7 1 1 12 10 1 8 1 100 1 12 10 1 1 1 1 1 1 12 10 1 1 12 9 1 1 7 1 12 10 1 8 1 1 12 10 1 12 10 15 3 1 7 1 1 12 10 15 18 1 12 10 15 18 1 12 10 15 18 1 12 10 15 18 1 12 10 15 18 1 12 10 15 18 1 12 10 15 18 1 12 10 15 18 1 12 10 15 18 1 12 10 15 18 1 12 10 15 18 1 12 10 15 18 1 12 10 15 18 1 12 10 15 18 1 12 10 15 18 1 12 10 15 18 1 12 10 15 18 1 12 10 15 18 1 12 10 15 18 1 12 10 15 18 1 12 10 15 18 1 12 10 15 18 1 12 10 15 18 1 12 10 15 18 1 12 10 15 18 1 12 10 15 18 1 12 10 10 1 12 10 15 1 12 10 15 1 12 18 12 10 15 1 12 18 12 10 15 12 18 12 10 15 12 18 12 10 15 12 18 12 10 15 1 12 18 12 10 15 12 18 12 10 15 12 18 12 10 15 12 18 12 10 15 12 18 12 10 15 12 18 12 10 15 1 12 18 12 10 15 18 12 10 15 12 18 12 10 15 12 18 1 12 10 15 1 12 18 1 12 10 15 12 18 1 12 10 15 1 12 18 1 12 10 15 1 12 18 1 12 10 15 1 12 18 12 10 15 1 12 18 12 10 15 1 12 18 12 10 15 1 12 18 12 10 15 1 12 18 12 10 15 1 12 18 12 10 15 1 12 18 12 10 15 12 18 12 10 15 1 12 18 12 10 15 1 12 18 12 10 15 12 18 12 10 15 12 18 12 10 15 1 12 18 12 10 15 12 18 1 12 10 15 12 18 12 10 15 1 12 18 12 10 15 12 18 12 10 15 18 12 10 15 12 18 12 10 15 1 12 18 12 10 15 12 18 1 12 10 15 1 12 18 12 10 15 1 12 18 1 12 10 15 12 18 12 10 15 1 12 18 12 10 15 12 18 12 10 15 1 12 18 12 10 15 12 18 12 10 15 18 1 1 7 1 1 12 10 12 9 1 1 12 10 15 1 1 12 18 1 1 1 1 1 1 1 1 1 1 1 1 1 1
ciInstanceKlass org/robolectric/shadows/ShadowLegacySQLiteConnection 1 1 224 10 7 12 1 1 1 10 7 12 1 1 9 7 12 1 1 1 10 7 12 1 1 1 10 12 1 1 10 12 1 1 10 12 1 1 9 12 1 1 10 7 12 1 1 1 8 1 10 7 12 1 1 10 12 1 10 12 1 1 10 12 1 1 10 12 1 1 10 12 1 1 10 12 1 1 10 12 1 10 12 1 1 10 12 1 10 12 1 1 10 12 1 1 10 12 1 1 10 12 1 1 10 12 1 1 10 12 1 1 10 12 1 10 12 1 10 12 1 1 10 12 1 10 12 1 10 8 1 10 12 1 1 1 1 1 8 1 1 1 3 1 1 1 1 1 1 1 1 1 1 1 1 1 1 3 1 1 1 1 3 1 1 1 1 1 1 1 1 1 1 1 1 1 1 3 1 1 3 1 1 1 1 1 1 1 1 1 1 1 1 1 1 1 1 1 1 1 1 1 1 1 1 1 1 1 1 1 1 1 1 3 1 1 1 1 1 1 1 1 1 3 1 1
staticfield org/robolectric/shadows/ShadowLegacySQLiteConnection CONNECTIONS Lorg/robolectric/shadows/ShadowLegacySQLiteConnection$Connections; org/robolectric/shadows/ShadowLegacySQLiteConnection$Connections
staticfield org/robolectric/shadows/ShadowLegacySQLiteConnection COLLATE_LOCALIZED_UNICODE_PATTERN Ljava/util/regex/Pattern; java/util/regex/Pattern
ciInstanceKlass android/database/sqlite/SQLiteStatementInfo 1 1 65 1 7 1 7 1 100 1 1 1 1 1 1 1 1 1 1 1 1 1 1 1 1 1 12 10 1 12 10 1 12 10 15 3 1 7 1 1 12 10 15 1 12 18 12 9 1 1 12 10 15 1 1 12 18 1 1 1 1 1 1 1 1 1 1
ciInstanceKlass android/database/sqlite/SQLiteConnection$PreparedStatement 1 1 87 1 7 1 7 1 100 1 1 1 1 1 7 1 1 100 1 1 1 1 1 1 1 1 1 1 1 1 1 1 1 1 1 1 1 1 1 1 12 10 1 12 10 1 12 10 15 3 1 7 1 1 12 10 15 1 12 18 12 10 10 15 1 12 18 12 9 1 1 12 10 15 1 1 12 18 1 1 1 1 1 1 1 1 1 1 1
ciInstanceKlass android/database/CursorWindow 1 1 868 1 7 1 7 1 100 1 100 1 1 7 1 100 1 1 1 1 1 1 8 1 1 1 1 1 1 1 1 1 1 1 1 1 1 1 1 1 1 1 1 1 1 1 1 1 1 1 1 1 1 1 1 1 1 1 1 1 1 1 1 1 1 1 1 1 1 1 1 1 1 1 1 1 1 1 1 1 7 1 1 12 10 12 9 12 9 1 7 1 1 12 10 1 8 12 9 12 9 1 7 1 1 12 10 3 1 1 12 10 1 12 10 12 9 1 100 1 100 1 1 12 10 1 8 1 1 12 10 1 12 10 1 8 1 1 12 10 1 12 10 12 10 1 8 1 12 10 1 7 1 12 10 1 1 12 10 1 1 1 1 1 1 1 1 1 100 1 12 10 1 12 10 1 8 1 12 10 1 1 1 1 7 1 12 10 1 12 10 1 7 1 12 10 1 12 10 1 12 10 1 12 10 1 1 1 12 10 1 12 10 1 12 10 1 1 1 1 1 1 12 10 1 1 1 12 10 1 1 1 1 12 10 1 1 12 10 1 1 1 1 12 10 1 1 1 1 1 1 1 1 1 12 10 1 1 1 12 10 1 1 1 12 10 1 1 1 100 1 8 10 1 12 10 1 1 1 1 1 12 10 1 1 1 12 10 1 1 1 12 10 1 1 1 1 12 10 1 1 1 12 10 1 1 1 1 1 12 10 1 1 12 10 1 1 1 12 10 1 1 1 12 10 1 1 12 9 1 1 12 11 1 1 1 1 1 12 10 1 12 10 1 1 1 1 12 9 1 7 1 1 12 10 1 7 1 1 12 10 1 7 1 1 12 10 1 8 1 1 12 10 1 1 1 1 12 10 1 12 10 1 1 100 1 12 10 1 100 10 1 8 1 1 12 10 1 12 10 12 10 1 12 10 10 1 8 1 12 10 1 8 1 8 1 8 1 8 10 1 12 10 1 8 1 1 1 1 1 1 1 1 1 1 1 12 10 1 8 1 100 1 12 10 1 8 1 1 1 1 1 10 10 1 12 10 15 3 1 7 1 1 12 10 15 18 1 12 10 15 18 1 12 10 15 18 1 12 10 15 18 1 12 10 15 18 1 12 10 15 18 1 12 10 15 18 1 12 10 15 18 1 12 10 15 18 1 12 10 15 18 1 12 10 15 18 1 12 10 15 18 1 12 10 15 18 1 12 10 15 18 1 12 10 15 18 1 12 10 15 18 1 12 10 15 18 1 12 10 15 18 1 12 10 15 18 1 12 10 15 18 1 12 10 15 18 1 12 10 10 1 12 10 15 3 1 12 10 15 1 12 18 12 10 10 15 1 12 18 12 10 15 1 12 18 12 10 15 1 12 18 12 10 15 12 18 12 10 15 1 12 18 1 12 10 15 12 18 1 12 10 15 1 12 18 1 12 10 15 1 12 18 1 12 10 15 12 18 1 12 10 15 1 12 18 1 12 10 15 1 12 18 1 12 10 15 12 18 1 12 10 15 1 12 18 1 12 10 15 12 18 1 12 10 15 12 18 1 12 10 15 12 18 1 12 10 15 12 18 12 10 15 1 12 18 1 12 10 15 1 12 18 1 12 10 15 1 12 18 1 12 10 15 1 12 18 12 10 15 1 12 18 12 10 15 1 12 18 1 12 10 15 1 12 18 1 12 10 15 12 18 1 12 10 15 1 12 18 1 12 10 15 1 12 18 1 12 10 15 1 12 18 1 12 10 15 1 12 18 1 12 10 15 1 12 18 1 12 10 15 12 18 1 12 10 15 12 18 1 12 10 15 12 18 1 12 10 15 1 12 18 1 12 10 15 12 18 12 10 15 1 12 18 12 10 15 1 12 18 12 10 15 12 18 12 10 15 12 18 12 10 12 10 15 1 12 18 1 1 7 1 1 12 10 12 9 1 1 12 10 15 1 1 12 18 1 1 1 1 1 1 1 1 1 1 1 1 1 1
ciInstanceKlass org/robolectric/shadows/ShadowLegacySQLiteConnection$Connections 1 1 841 7 1 10 7 12 1 1 1 9 7 12 1 1 1 7 1 10 12 1 9 12 1 1 7 1 10 9 12 1 1 9 12 1 9 12 1 10 12 1 1 10 7 12 1 1 1 9 12 1 1 10 12 1 18 12 1 1 10 7 12 1 1 1 11 7 12 1 1 1 7 1 100 1 7 1 10 8 1 10 12 1 1 10 12 1 8 1 10 7 12 1 1 1 10 12 1 8 1 11 12 1 1 10 12 1 1 10 12 1 10 12 1 1 7 1 100 1 8 1 8 1 10 10 12 1 1 8 1 8 1 7 1 10 12 1 10 12 1 1 10 12 1 1 11 12 1 1 7 1 10 8 1 10 7 12 1 1 1 5 0 7 1 10 12 1 7 1 11 12 1 18 12 1 1 11 12 1 11 12 1 1 10 12 1 11 12 1 10 12 1 1 11 7 12 1 1 1 11 7 12 1 1 11 12 1 1 18 11 7 12 1 1 1 10 12 1 1 11 12 1 5 0 9 7 12 1 1 1 11 12 1 1 100 1 100 1 10 12 1 10 12 1 1 18 12 1 11 100 1 10 12 1 7 1 10 12 1 10 12 1 1 7 1 10 12 1 1 7 1 10 7 1 10 12 1 7 1 10 10 12 1 7 1 10 7 1 10 7 1 10 7 1 10 12 1 7 1 10 7 1 10 12 1 7 1 10 12 1 7 1 10 12 1 100 1 10 12 1 7 1 10 12 1 100 1 10 7 1 10 12 1 7 1 10 18 12 1 10 7 12 1 1 1 8 1 18 12 1 10 12 1 1 10 7 12 1 1 100 1 10 12 1 1 100 1 10 12 1 10 12 1 10 12 1 1 10 12 1 1 100 1 8 1 8 1 10 12 1 1 10 8 1 10 12 1 9 12 1 1 10 12 1 10 100 12 1 1 10 100 12 1 1 10 12 1 8 1 100 1 10 100 1 10 100 1 10 100 1 10 100 1 10 100 1 10 100 1 10 100 1 10 100 1 10 100 1 10 100 1 10 100 1 10 100 1 10 100 1 10 100 1 10 100 1 10 100 1 10 8 1 10 11 7 12 1 1 10 12 1 10 11 7 12 1 1 10 7 12 1 1 8 1 10 12 1 7 1 10 8 1 10 12 1 8 1 8 1 8 1 8 1 8 1 8 1 8 1 8 1 8 1 8 1 8 1 8 1 8 1 8 1 8 1 8 1 8 1 8 1 8 1 8 1 8 1 8 1 8 1 8 1 8 1 8 1 8 1 8 1 8 1 8 1 8 1 8 1 8 1 8 1 8 1 8 1 8 1 8 1 8 1 8 1 8 1 8 1 8 1 8 1 8 1 8 1 8 1 8 1 8 1 8 1 8 1 8 1 8 1 8 1 8 1 8 1 8 1 8 1 8 1 8 1 8 1 8 1 8 1 8 1 8 1 8 1 8 1 8 1 8 1 8 1 8 1 8 1 8 1 8 1 8 1 8 1 8 1 8 1 8 1 8 1 8 1 8 1 8 1 10 12 1 1 1 1 1 1 1 1 1 1 1 1 1 1 1 1 1 1 1 100 1 1 1 1 1 1 1 1 1 1 1 1 1 1 1 1 1 1 1 1 1 1 1 1 1 1 1 1 1 1 1 1 1 1 1 1 1 1 1 1 1 1 1 1 1 1 1 1 1 1 1 1 1 1 1 1 1 1 1 1 1 1 1 1 1 1 1 1 100 1 1 1 1 1 1 1 1 1 1 1 1 1 1 1 1 1 1 1 1 1 1 1 1 1 100 1 1 1 1 1 1 1 1 1 1 1 1 1 1 1 15 10 7 12 1 1 1 16 15 10 12 16 15 10 12 15 10 12 15 10 12 15 10 12 15 10 12 1 1 1 100 1 1 1 100 1 100 1 1
staticfield org/robolectric/shadows/ShadowLegacySQLiteConnection$Connections ERROR_CODE_MAP Lcom/google/common/collect/ImmutableMap; com/google/common/collect/RegularImmutableMap
ciInstanceKlass org/robolectric/shadows/ShadowLegacySQLiteConnection$Connections$StatementOperation 1 0 22 100 1 100 1 1 1 1 100 1 1 1 1 1 1 1 100 1 100 1 1 1
ciInstanceKlass android/database/sqlite/SQLiteConnection$OperationLog 1 1 340 1 7 1 7 1 100 1 1 1 1 1 7 1 7 1 1 1 100 1 1 1 1 3 1 3 1 3 1 1 1 1 1 1 12 9 1 1 1 1 12 9 1 1 12 10 1 1 12 9 1 1 12 9 1 1 12 9 1 7 1 12 10 1 8 1 7 1 1 12 10 15 1 1 12 18 1 1 12 9 1 1 12 9 1 12 9 12 10 1 7 1 1 12 10 1 1 12 10 1 1 12 10 1 12 9 1 1 1 1 1 1 1 1 1 100 1 100 100 1 100 1 1 1 1 12 10 1 1 1 100 1 1 1 1 12 10 1 1 12 10 1 1 1 1 1 12 9 1 7 1 12 9 1 1 12 10 1 1 100 10 1 1 12 10 1 8 1 1 12 10 1 8 1 1 12 10 1 100 1 1 12 10 1 1 1 12 9 1 1 1 1 1 1 8 1 100 1 1 12 11 1 8 1 12 10 1 8 1 1 12 10 1 8 1 8 1 1 1 1 1 1 1 12 10 10 1 12 10 15 3 1 1 12 10 15 1 12 18 1 12 10 15 1 12 18 1 12 10 15 1 12 18 1 12 10 15 1 12 18 1 12 10 15 1 12 18 1 12 10 15 1 12 18 12 10 15 12 18 12 10 15 12 18 12 10 15 1 12 18 12 10 15 1 12 18 1 12 10 15 1 12 18 1 12 10 15 1 12 18 12 10 10 15 1 12 18 12 9 1 1 12 10 15 1 1 12 18 1 1 1 1 1 1 1 1 1 1 1 1
ciInstanceKlass android/database/sqlite/SQLiteConnection$Operation 1 1 246 1 7 1 7 1 100 1 1 1 1 1 7 1 1 100 1 1 1 1 1 1 1 1 1 1 1 1 1 1 1 1 1 1 1 1 1 1 1 1 1 12 9 1 100 1 1 12 10 12 9 1 8 12 9 12 9 1 12 10 1 8 1 8 1 8 1 7 1 1 12 10 15 1 1 12 18 1 8 1 8 1 1 12 10 12 9 1 8 1 1 12 10 1 8 12 9 1 100 1 1 12 10 1 8 1 1 12 10 1 8 1 8 1 100 1 8 1 100 1 12 10 1 8 12 9 1 8 1 100 1 12 10 1 1 1 1 1 1 1 1 8 1 8 1 8 1 12 9 1 100 1 1 12 10 1 7 1 1 12 10 1 1 1 1 1 1 12 10 1 1 8 1 12 10 1 12 10 12 10 1 12 10 15 3 1 1 12 10 15 1 12 18 1 12 10 15 1 12 18 12 10 15 12 18 12 10 15 12 18 12 10 10 15 1 12 18 1 1 7 1 1 12 10 12 9 1 1 12 10 15 1 1 12 18 1 1 1 1 1 1 1 1 1 1 1
ciInstanceKlass android/database/sqlite/SQLiteConnection$1 0 0 41 1 100 1 100 1 100 1 1 100 1 1 1 1 12 10 1 12 10 12 9 1 100 1 1 12 10 15 1 1 12 18 1 1 1 1 1 1 1 1 1
instanceKlass android/database/sqlite/SQLiteConnection$PreparedStatementCache
ciInstanceKlass android/util/LruCache 1 1 361 1 7 1 1 7 1 100 1 1 7 1 100 1 1 1 1 1 1 1 1 1 1 1 1 1 1 1 1 1 100 1 8 1 1 12 10 12 9 1 7 4 1 12 10 12 9 1 1 1 1 1 12 10 1 100 1 1 1 1 100 1 8 10 1 12 10 12 9 12 9 1 12 10 12 9 1 1 12 10 12 9 1 1 12 10 1 1 12 10 1 1 1 1 1 1 1 1 8 12 9 1 1 1 1 1 12 10 1 100 1 100 1 12 10 1 1 12 10 1 100 1 1 12 10 1 1 12 10 1 8 1 12 10 10 1 8 1 7 1 1 12 10 15 1 1 12 18 1 1 12 11 1 12 11 1 12 10 12 9 1 1 1 1 1 1 1 1 1 1 1 1 1 1 12 10 1 8 1 12 10 1 8 1 1 1 1 1 1 1 1 1 1 1 1 1 1 1 12 10 1 1 8 1 100 1 1 12 10 1 100 1 1 12 10 1 1 1 12 10 10 1 12 10 15 3 1 1 12 10 15 1 12 18 1 12 10 15 12 18 12 10 15 1 12 18 12 10 15 1 12 18 12 10 15 12 18 12 10 15 12 18 12 10 15 1 12 18 12 10 15 12 18 12 10 15 1 12 18 12 10 15 12 18 1 12 10 15 1 12 18 12 10 15 1 12 18 12 10 15 12 18 12 10 15 12 18 12 10 15 12 18 12 10 15 12 18 12 10 15 12 18 12 10 15 12 18 1 12 10 15 1 12 18 12 10 15 1 12 18 12 9 1 1 12 10 15 1 1 12 18 1 1 1 1 1 1 1 1 1 1
ciInstanceKlass android/database/sqlite/SQLiteConnection$PreparedStatementCache 1 1 232 1 7 1 1 7 1 100 1 1 1 1 1 7 1 1 7 1 1 100 1 100 1 1 1 1 1 1 1 1 1 1 1 1 1 1 1 12 9 1 12 9 12 9 1 1 12 10 1 1 1 1 1 1 1 1 1 8 1 100 1 1 12 11 1 1 12 10 1 1 12 11 1 1 12 11 1 100 1 1 12 11 1 100 1 12 11 1 1 12 11 1 12 11 1 12 11 1 7 1 100 1 1 12 10 1 8 1 1 12 10 1 12 10 1 8 1 1 12 9 1 100 1 1 12 10 1 8 1 12 9 1 8 1 12 9 1 8 1 12 9 1 12 10 1 8 1 1 12 10 1 8 1 1 12 10 1 8 1 1 1 1 1 1 1 1 1 1 1 1 1 1 1 12 10 1 12 10 1 12 10 1 12 10 15 3 1 7 1 1 12 10 15 1 12 18 12 10 15 1 12 18 1 12 10 15 1 12 18 10 12 9 1 1 12 10 15 1 1 12 18 1 1 1 1 1 1 1 1 1 1 1
ciInstanceKlass android/database/sqlite/SQLiteDebug 1 1 193 1 7 1 100 1 100 1 1 1 1 1 100 1 1 100 1 1 1 1 1 1 1 1 1 1 1 1 1 1 1 1 1 8 1 100 1 1 12 10 1 1 1 1 1 1 1 12 10 1 12 10 1 100 1 1 12 10 1 1 12 9 1 1 1 1 1 8 1 100 1 1 12 10 1 1 12 10 1 1 1 1 1 1 1 1 1 1 1 100 100 1 1 8 1 7 1 1 12 10 12 9 1 8 12 9 1 8 12 9 1 7 1 12 9 12 9 1 12 10 15 3 1 100 1 1 12 10 15 18 1 12 10 10 1 12 10 15 3 1 12 10 15 1 12 18 1 12 10 15 12 18 1 12 10 15 12 18 1 12 10 15 12 18 1 1 7 1 1 12 10 12 9 1 1 12 10 15 1 1 12 18 1 1 1 1 1 1 1 1 1 1 1
ciInstanceKlass com/almworks/sqlite4java/SQLiteConnection 1 1 1217 10 10 10 10 10 10 10 9 10 10 10 10 9 7 9 7 10 9 9 9 7 10 9 7 10 9 7 10 9 7 10 9 10 9 9 7 10 8 10 10 8 10 10 10 10 10 10 100 8 10 10 10 8 9 9 10 8 10 10 8 9 100 10 10 9 9 10 8 10 8 10 10 10 10 10 10 10 100 9 8 10 8 10 8 8 10 8 9 8 10 7 10 10 10 8 10 8 10 10 8 8 8 10 8 100 10 10 10 7 10 10 10 10 7 10 8 10 10 10 8 10 10 10 8 8 8 10 7 10 10 8 10 8 10 8 10 10 10 8 10 10 8 8 100 10 8 10 8 10 10 8 10 10 10 10 10 10 100 10 8 10 8 10 10 10 10 10 100 100 10 10 7 10 8 8 10 10 8 8 10 100 10 10 10 8 8 8 10 8 8 10 8 8 8 10 10 10 8 10 8 8 8 9 8 10 8 8 9 10 10 9 10 10 10 100 10 100 10 9 10 8 8 10 8 9 8 100 10 11 11 7 11 11 10 10 8 8 8 10 8 10 11 11 10 8 8 8 100 8 8 8 10 10 8 10 10 10 10 10 10 10 8 8 10 10 10 10 8 8 8 10 8 8 10 8 10 10 8 10 10 8 8 8 8 8 10 10 8 8 8 8 10 10 8 100 10 100 10 10 8 10 9 10 8 8 8 10 8 10 8 8 9 8 10 8 8 10 8 10 8 8 8 8 8 8 10 8 10 10 8 10 10 10 10 10 10 10 10 10 8 8 3 10 10 10 10 10 10 10 10 8 10 11 10 10 10 8 11 11 10 10 100 1 1 1 1 100 1 1 1 1 1 1 1 3 1 1 1 1 1 1 1 1 1 1 1 1 1 1 1 1 1 1 1 1 1 1 1 1 1 1 1 1 1 1 1 1 1 1 1 1 1 1 1 1 1 1 1 1 1 1 1 1 1 1 1 1 1 1 1 1 1 1 1 1 1 1 1 1 1 1 1 1 1 1 1 1 1 1 1 1 1 1 1 1 1 1 1 1 1 1 1 1 1 1 1 1 1 1 1 1 1 1 1 1 1 7 1 1 1 1 1 1 1 1 1 1 1 1 1 1 1 1 1 1 1 1 1 1 1 1 1 1 1 1 1 1 1 1 1 1 1 1 1 1 1 1 1 1 1 1 1 1 1 1 1 1 1 1 1 1 1 1 1 1 1 1 1 1 1 1 1 1 1 1 1 1 1 1 1 1 1 1 1 1 1 1 1 1 1 1 1 1 1 1 1 1 1 1 1 1 1 1 1 1 1 1 1 1 1 1 1 1 1 1 1 1 1 1 1 1 1 1 1 1 1 1 1 1 1 1 1 1 1 1 1 1 1 1 1 1 1 1 1 1 1 1 1 1 1 1 1 100 1 1 1 1 1 1 1 1 1 1 1 100 1 1 1 1 1 1 1 1 1 1 1 1 1 1 1 1 1 1 1 1 1 1 1 1 1 1 1 1 1 1 1 1 1 1 1 1 1 1 1 1 1 1 12 12 12 12 12 12 12 12 12 12 12 7 12 12 1 12 1 12 12 12 12 1 12 1 12 12 1 12 1 12 12 12 12 1 1 12 12 1 12 12 12 12 7 12 12 1 1 12 12 12 1 12 12 12 1 12 12 1 12 1 12 12 12 7 12 1 12 1 12 12 12 12 12 12 12 1 100 12 1 12 1 12 1 12 1 12 1 100 12 1 100 12 12 12 1 12 1 12 12 1 1 1 12 1 1 12 12 1 12 12 12 1 12 1 12 12 1 12 12 12 1 1 1 12 1 12 12 1 12 1 12 1 12 12 12 1 12 12 1 1 1 12 1 12 1 12 12 12 12 12 12 12 12 1 1 12 1 12 12 12 12 12 1 1 12 12 1 12 1 1 12 12 1 1 12 1 12 12 12 1 1 1 7 12 1 1 12 1 1 1 12 12 12 1 12 1 1 1 12 1 12 1 1 12 100 12 12 12 12 12 1 12 12 12 12 1 1 12 1 12 1 12 7 12 7 12 100 1 12 1 1 1 1 12 12 12 1 1 1 1 1 1 12 12 1 12 12 12 12 12 12 1 1 12 12 12 1 1 1 12 1 1 12 1 12 12 1 12 12 1 1 1 1 1 12 12 1 1 1 1 12 12 1 1 1 7 12 1 12 100 12 12 1 1 1 12 1 12 1 1 12 1 12 1 1 12 1 12 1 1 1 1 1 1 12 1 12 12 1 12 12 12 12 12 12 12 100 12 12 1 12 12 12 12 12 12 1 12 100 100 12 12 12 1 12 7 12 1 1 1 1 1 1 1 1 1 1 1 1 1 1 1 1 1 1 1 1 1 1 1 1 1 1 1 1 1 1 1 1 1 1 1 1 1 1 1 1 1 1 1 1 1 1 1 1 1 1 1 1 1 1 1 1 1 1 1 1 1 1 1 1 1 1 1 1 1 1 1 1 1 1 1 1 1 1 1 1 1 1 1 1 1 1 1 1 1 1 1 1 1 1 1 1 1 1 1 1 1 1 1 1 1 1 1 1 1 1 1 1 1 1 1 1 1 1 1 1 1 1 1 1 1 1 1 1 1 1 1 1 1 1 1 1 1 1 1 1 1 1 1 1 1 1 1 1 1 1 1 1 1 1 1 1 1 1 1 1 1 1 1 1 1 1 1 1 1 1 1 1 1 1 1 1 1 1 1 1 1 1 1 1 1 1 1 1 1 1 1 1
staticfield com/almworks/sqlite4java/SQLiteConnection $assertionsDisabled Z 0
ciInstanceKlass org/robolectric/shadows/ShadowSystem 1 1 57 10 100 12 1 1 1 10 7 12 1 1 1 9 7 12 1 1 1 10 100 12 1 1 1 9 100 12 1 1 1 10 7 12 1 1 10 12 1 1 10 12 1 100 1 1 1 1 1 1 1 1 1 1 100 1 1
ciInstanceKlass android/os/SystemClock 1 1 198 1 7 1 100 1 100 1 1 1 1 1 100 1 100 1 1 1 1 1 1 8 1 1 1 1 1 1 1 100 1 1 12 10 1 100 1 12 10 1 1 12 10 1 12 10 1 1 1 1 1 1 1 1 1 1 1 100 1 100 1 8 1 100 1 1 12 10 1 1 12 10 1 12 11 1 8 1 100 1 12 10 1 1 1 1 1 1 1 1 100 1 100 1 1 1 1 1 1 1 12 10 1 12 10 1 12 10 15 3 1 7 1 1 12 10 15 1 12 18 12 10 15 1 12 10 15 18 1 12 10 15 12 18 1 12 10 15 3 18 1 1 12 10 15 12 18 1 1 12 10 15 12 18 1 1 12 10 15 12 18 1 1 12 10 15 12 18 1 1 12 10 15 12 18 12 9 1 1 12 10 15 1 1 12 18 1 1 1 1 1 1 1 1 1 1 1 1
ciInstanceKlass org/robolectric/shadows/ShadowLegacySystemClock 1 1 112 10 7 12 1 1 1 10 100 12 1 1 1 10 100 12 1 1 1 7 1 5 0 9 12 1 1 9 100 12 1 1 1 10 12 1 1 10 12 1 10 12 1 1 9 12 1 10 12 1 10 12 1 5 0 9 12 1 1 10 12 1 100 1 8 1 10 12 1 10 12 1 1 1 1 3 1 1 1 1 1 1 1 1 1 1 1 1 1 1 1 1 1 1 1 1 3 1 1 1 1 1 1 1 1 1 1 3 1 100 1 1
ciInstanceKlass org/robolectric/shadows/ShadowLegacySQLiteConnection$Connections$$Lambda$191+0x000002e20137f968 1 1 30 1 7 1 7 1 100 1 1 1 1 1 1 1 12 10 12 9 12 9 1 1 1 7 1 1 12 10 1 1
ciInstanceKlass android/database/DatabaseUtils 1 1 1104 1 7 1 100 1 100 1 1 100 1 1 100 1 7 1 1 1 1 1 1 8 1 1 3 1 1 3 1 3 1 3 1 3 1 3 1 3 1 3 1 3 1 3 1 3 1 1 1 1 1 1 1 1 1 7 1 100 1 100 1 100 1 100 1 100 1 100 1 100 1 100 1 7 1 100 1 100 1 1 12 10 1 8 1 100 1 1 12 10 1 1 12 10 1 100 1 1 12 10 1 1 12 10 1 1 1 1 1 1 1 1 1 12 10 1 12 10 1 1 12 10 1 1 1 12 10 1 7 1 10 10 10 10 10 10 10 10 10 10 1 1 12 10 1 1 1 100 1 12 10 1 7 1 7 1 100 1 1 12 10 1 1 12 10 1 1 12 10 1 1 12 10 1 100 1 1 12 10 1 7 1 1 12 10 1 12 10 1 12 10 1 1 1 1 1 1 1 1 1 7 1 7 1 7 1 7 1 1 1 1 100 1 12 11 1 12 11 1 12 11 1 100 1 12 10 1 12 10 1 1 12 10 1 12 11 1 12 10 1 1 12 11 1 1 12 10 1 1 12 11 1 1 12 10 1 1 12 11 1 1 12 10 1 1 12 11 1 1 12 10 1 1 12 11 1 1 12 10 1 12 10 1 12 11 1 1 1 1 1 1 1 1 1 1 1 1 1 100 1 1 12 10 1 12 10 1 12 10 1 1 12 10 1 12 10 1 1 1 1 1 1 1 12 10 1 12 10 10 1 1 1 1 8 1 1 1 1 100 1 1 12 10 1 8 1 8 1 8 1 1 1 1 1 12 10 1 1 12 10 1 8 1 12 10 1 8 1 1 1 1 1 100 1 1 12 10 1 12 10 1 1 1 1 12 9 1 100 1 1 12 10 1 12 10 1 1 12 10 1 100 1 1 12 10 1 1 1 100 1 1 12 9 1 1 12 10 1 8 1 12 10 1 100 1 12 10 1 12 10 1 8 1 1 1 1 8 12 10 1 8 1 1 12 10 1 1 1 12 11 1 12 10 1 8 1 8 1 8 1 8 1 1 1 100 1 8 1 8 1 1 1 1 1 12 10 1 1 1 1 1 1 1 12 11 1 12 10 1 1 1 100 1 1 12 10 1 1 1 12 10 1 12 11 1 12 11 1 12 11 1 1 12 10 1 12 10 1 1 1 12 10 1 12 10 1 12 10 1 1 1 12 10 1 1 12 10 1 12 10 1 1 1 100 1 12 10 1 12 10 1 1 1 1 1 1 7 1 12 10 1 1 1 1 1 1 12 10 1 1 1 1 1 1 8 1 8 1 1 12 10 1 1 1 1 1 8 1 1 1 1 12 10 1 12 10 1 7 1 12 10 1 1 1 100 1 1 12 10 1 12 10 1 1 1 1 12 10 1 12 10 1 1 1 1 12 10 1 1 12 10 1 1 1 1 1 1 1 12 11 1 12 10 1 12 10 1 1 1 1 12 11 1 12 10 1 12 10 1 1 1 1 100 1 1 12 10 1 8 1 1 12 10 1 12 10 1 12 10 10 1 1 1 1 1 1 1 1 1 1 1 1 12 10 1 1 12 10 1 7 1 1 12 9 1 1 12 10 1 8 1 1 12 10 1 8 1 8 1 8 1 8 1 8 1 8 1 8 1 8 1 8 1 8 1 8 1 8 1 8 1 8 1 8 1 1 1 1 8 1 7 1 1 12 10 15 1 1 12 18 1 1 1 1 1 1 8 1 1 1 12 10 10 1 12 10 15 1 1 12 10 15 1 12 18 1 12 10 15 1 12 10 15 12 18 12 10 15 12 18 1 12 10 15 12 18 1 12 10 15 12 18 12 10 15 18 1 12 10 15 12 18 1 12 10 15 12 18 1 12 10 15 12 18 12 10 15 18 1 12 10 15 12 18 1 12 10 15 12 18 1 12 10 15 12 18 12 10 15 12 18 1 12 10 15 12 18 12 10 15 18 12 10 15 18 12 10 15 12 18 12 10 15 18 12 10 15 18 1 12 10 15 12 18 12 10 15 12 18 12 10 15 18 12 10 15 18 1 12 10 15 12 18 12 10 15 12 18 1 12 10 15 12 18 12 10 15 18 12 10 15 12 18 12 10 15 18 12 10 15 12 18 12 10 15 18 1 12 10 15 12 18 12 10 15 18 1 12 10 15 12 18 1 12 10 15 12 18 12 10 15 12 18 12 10 15 12 18 12 10 15 18 1 12 10 15 12 18 12 10 15 18 12 10 15 18 12 10 15 12 18 12 10 15 18 12 10 15 12 18 12 10 15 18 1 12 10 15 12 18 1 12 10 15 12 18 1 12 10 15 12 18 1 12 10 15 12 18 1 12 10 15 12 18 1 12 10 15 12 18 1 12 10 15 12 18 1 12 10 15 12 18 1 12 10 15 12 18 1 12 10 15 12 18 1 1 7 1 1 12 10 12 9 1 1 12 10 15 1 1 12 18 1 1 1 1 1 1 1 1 1 1 1 1
ciInstanceKlass java/lang/invoke/LambdaForm$MH+0x000002e201383800 1 1 70 1 7 1 100 1 1 1 1 1 1 1 7 1 1 12 9 1 12 9 1 12 9 1 12 9 1 12 9 1 100 1 7 1 1 12 10 1 100 1 1 12 10 12 10 1 1 1 1 1 7 1 1 12 10 1 7 1 1 12 11 1 7 12 9 1 1 1 1 1
staticfield java/lang/invoke/LambdaForm$MH+0x000002e201383800 _D_0 Ljava/lang/invoke/LambdaForm; java/lang/invoke/LambdaForm
ciInstanceKlass java/lang/invoke/LambdaForm$MH+0x000002e201385000 1 1 66 1 7 1 100 1 1 1 1 1 1 1 7 1 1 12 9 1 12 9 1 12 9 1 12 9 1 7 1 1 12 10 1 7 1 7 1 1 12 10 1 1 1 1 1 1 7 1 1 12 10 1 7 1 1 12 11 1 7 12 9 1 1 1 1 1
staticfield java/lang/invoke/LambdaForm$MH+0x000002e201385000 _D_0 Ljava/lang/invoke/LambdaForm; java/lang/invoke/LambdaForm
ciInstanceKlass java/lang/invoke/LambdaForm$MH+0x000002e201385400 1 1 49 1 7 1 100 1 1 1 1 1 1 1 7 1 7 1 1 12 10 1 7 1 1 12 10 1 1 1 1 1 7 1 1 12 10 1 7 1 1 12 11 1 7 12 9 1 1 1 1
staticfield java/lang/invoke/LambdaForm$MH+0x000002e201385400 _D_0 Ljava/lang/invoke/LambdaForm; java/lang/invoke/LambdaForm
ciInstanceKlass java/lang/invoke/LambdaForm$MH+0x000002e201385c00 1 1 41 1 7 1 100 1 1 1 1 1 1 1 7 1 1 12 10 1 1 1 1 1 7 1 1 12 10 1 7 1 1 12 11 1 7 12 9 1 1 1 1
staticfield java/lang/invoke/LambdaForm$MH+0x000002e201385c00 _D_0 Ljava/lang/invoke/LambdaForm; java/lang/invoke/LambdaForm
ciInstanceKlass java/lang/invoke/LambdaForm$DMH+0x000002e20138a000 1 1 49 1 7 1 100 1 1 1 1 1 1 1 7 1 1 12 10 1 7 1 7 1 1 12 10 1 1 1 1 1 7 1 1 12 10 1 7 1 1 12 11 1 7 12 9 1 1 1 1
staticfield java/lang/invoke/LambdaForm$DMH+0x000002e20138a000 _D_0 Ljava/lang/invoke/LambdaForm; java/lang/invoke/LambdaForm
ciInstanceKlass java/lang/invoke/LambdaForm$MH+0x000002e20138b800 1 1 70 1 7 1 100 1 1 1 1 1 1 1 7 1 1 12 9 1 12 9 1 12 9 1 12 9 1 12 9 1 100 1 7 1 1 12 10 1 100 1 1 12 10 12 10 1 1 1 1 1 7 1 1 12 10 1 7 1 1 12 11 1 7 12 9 1 1 1 1 1
staticfield java/lang/invoke/LambdaForm$MH+0x000002e20138b800 _D_0 Ljava/lang/invoke/LambdaForm; java/lang/invoke/LambdaForm
ciInstanceKlass com/almworks/sqlite4java/SQLiteStatement 1 1 711 9 9 10 9 10 9 9 100 10 10 10 9 9 9 8 10 10 7 10 10 10 100 100 10 8 10 10 10 10 8 10 10 10 8 10 8 10 9 8 10 9 9 8 10 8 10 10 9 10 8 8 8 10 10 10 10 10 10 10 10 9 10 8 10 8 10 10 10 10 8 8 10 10 8 10 10 10 10 8 10 8 10 10 8 10 10 10 8 10 10 10 8 10 8 10 10 10 8 10 8 10 10 10 8 100 8 10 8 8 10 8 8 8 10 8 10 8 10 8 10 8 10 100 10 100 10 11 100 8 10 10 8 10 8 8 8 8 8 10 8 10 8 10 8 10 8 8 8 10 8 8 10 8 100 10 10 10 10 10 10 10 10 10 8 8 8 10 8 10 8 10 8 10 10 8 11 11 11 10 10 10 10 10 11 8 10 10 8 8 10 8 8 10 10 100 10 10 8 8 8 8 8 7 10 10 9 7 1 1 1 1 1 1 1 1 1 1 1 1 1 1 1 1 1 1 1 1 1 1 1 1 1 1 1 1 1 1 1 1 1 1 1 1 1 1 1 1 1 1 1 1 1 1 1 1 1 1 1 1 1 1 1 1 1 1 1 1 1 1 1 1 1 1 1 1 1 1 1 1 1 1 1 1 1 1 1 1 1 1 1 1 1 1 1 1 1 1 1 1 1 1 1 1 1 1 1 1 1 1 1 1 1 1 1 1 1 1 1 1 1 1 1 1 1 1 1 1 1 1 1 1 1 1 1 1 1 1 1 1 1 1 1 1 1 1 1 1 1 1 1 1 1 1 1 1 1 1 1 1 1 1 1 1 1 1 1 1 1 1 1 1 1 1 1 1 1 1 1 1 1 1 1 1 1 1 1 1 1 1 1 1 1 12 12 12 12 12 12 12 1 12 12 12 12 12 1 7 12 7 12 1 12 12 1 1 1 12 12 12 12 1 12 12 12 1 12 1 12 12 1 7 12 12 12 1 12 1 12 12 12 12 1 12 100 12 12 100 12 12 12 12 12 7 12 1 12 1 12 7 12 12 12 1 12 12 12 12 12 12 1 12 1 12 12 1 12 12 12 1 12 12 12 1 12 1 12 100 12 12 1 12 1 12 12 12 1 1 1 12 1 1 12 1 1 1 12 1 12 1 12 1 12 1 12 1 12 1 12 100 12 1 1 12 12 1 12 1 1 1 1 1 12 1 12 1 12 1 12 1 1 1 7 12 1 1 12 1 12 12 12 12 100 12 12 100 12 12 12 1 1 1 12 1 12 1 12 1 12 12 1 12 100 12 12 12 12 12 1 12 12 1 1 12 1 1 12 12 1 12 1 1 1 1 1 1 7 12 12 1 1 1 1 1 1 1 1 1 1 1 1 1 1 1 1 1 1 1 1 1 1 1 1 1 1 1 1 1 1 1 1 1 1 1 1 1 1 1 1 1 1 1 1 1 1 1 1 1 1 1 1 1 1 1 1 1 1 1 1 1 1 1 1 1 1 1 1 1 1 1 1 1 1 1 1 1 1 1 1 1 1 1 1 1 1 1 1 1 1 1 1 1 1 1 1 1 1 1 1 1 1 1 1 1 1 1 1 1 1 1 1
staticfield com/almworks/sqlite4java/SQLiteStatement DISPOSED Lcom/almworks/sqlite4java/SQLiteStatement; com/almworks/sqlite4java/SQLiteStatement
staticfield com/almworks/sqlite4java/SQLiteStatement $assertionsDisabled Z 0
ciInstanceKlass java/lang/invoke/LambdaForm$MH+0x000002e201391000 1 1 65 1 7 1 100 1 1 1 1 1 1 1 7 1 1 12 9 1 7 1 1 12 10 1 12 9 1 7 1 7 1 1 12 10 1 1 12 10 1 12 10 1 1 1 1 1 7 1 1 12 10 1 7 1 1 12 11 1 7 12 9 1 1 1 1
staticfield java/lang/invoke/LambdaForm$MH+0x000002e201391000 _D_0 Ljava/lang/invoke/LambdaForm; java/lang/invoke/LambdaForm
ciInstanceKlass java/lang/invoke/LambdaForm$MH+0x000002e201391800 1 1 66 1 7 1 100 1 1 1 1 1 1 1 7 1 1 12 9 1 12 9 1 12 9 1 12 9 1 7 1 1 12 10 1 7 1 7 1 1 12 10 1 1 1 1 1 1 7 1 1 12 10 1 7 1 1 12 11 1 7 12 9 1 1 1 1 1
staticfield java/lang/invoke/LambdaForm$MH+0x000002e201391800 _D_0 Ljava/lang/invoke/LambdaForm; java/lang/invoke/LambdaForm
ciInstanceKlass java/lang/invoke/LambdaForm$MH+0x000002e201391c00 1 1 49 1 7 1 100 1 1 1 1 1 1 1 7 1 7 1 1 12 10 1 7 1 1 12 10 1 1 1 1 1 7 1 1 12 10 1 7 1 1 12 11 1 7 12 9 1 1 1 1
staticfield java/lang/invoke/LambdaForm$MH+0x000002e201391c00 _D_0 Ljava/lang/invoke/LambdaForm; java/lang/invoke/LambdaForm
ciInstanceKlass org/robolectric/shadows/ShadowLegacySQLiteConnection$Connections$19 1 1 52 9 7 12 1 1 1 10 7 12 1 1 1 10 7 12 1 1 1 10 12 1 1 100 1 1 1 1 1 1 1 1 1 1 100 1 1 1 1 1 1 1 100 1 12 1 1 1 100 1 1 1
ciInstanceKlass org/robolectric/shadows/ShadowLegacySQLiteConnection$Connections$9 1 1 58 9 7 12 1 1 1 10 7 12 1 1 1 10 7 12 1 1 1 10 7 12 1 1 1 10 12 1 1 100 1 1 1 1 1 1 1 1 1 1 100 1 1 1 1 1 1 1 100 1 12 1 1 1 100 1 1 1
ciInstanceKlass org/robolectric/shadows/ShadowLegacySQLiteConnection$Connections$10 1 1 55 9 7 12 1 1 1 9 12 1 1 10 7 12 1 1 1 10 7 12 1 1 1 10 12 1 1 100 1 1 1 1 1 1 1 1 1 1 1 100 1 1 1 1 1 1 100 1 12 1 1 100 1 1 1
ciInstanceKlass android/database/sqlite/SQLiteQuery 1 1 169 1 7 1 7 1 100 1 1 1 1 1 1 1 1 1 8 1 1 1 1 12 9 1 1 1 1 1 1 1 1 1 100 1 100 1 1 12 10 1 7 10 1 1 12 10 1 1 12 10 1 1 12 10 1 1 12 10 1 7 1 1 12 10 1 12 10 10 1 12 10 1 100 1 12 10 1 8 1 1 12 10 1 12 10 1 8 1 12 10 1 100 1 1 12 10 1 1 1 1 1 1 1 1 1 1 1 1 100 1 1 8 1 12 10 1 12 10 1 12 10 15 3 1 7 1 1 12 10 15 1 12 18 1 12 10 15 1 12 18 12 10 15 1 12 18 10 12 9 1 1 12 10 15 1 1 12 18 1 1 1 1 1 1 1 1 1 1 1
ciInstanceKlass java/lang/invoke/LambdaForm$DMH+0x000002e20139cc00 1 1 49 1 7 1 100 1 1 1 1 1 1 1 7 1 1 12 10 1 7 1 7 1 1 12 10 1 1 1 1 1 7 1 1 12 10 1 7 1 1 12 11 1 7 12 9 1 1 1 1
staticfield java/lang/invoke/LambdaForm$DMH+0x000002e20139cc00 _D_0 Ljava/lang/invoke/LambdaForm; java/lang/invoke/LambdaForm
ciInstanceKlass java/lang/invoke/LambdaForm$MH+0x000002e20139d800 1 1 70 1 7 1 100 1 1 1 1 1 1 1 7 1 1 12 9 1 12 9 1 12 9 1 12 9 1 12 9 1 100 1 7 1 1 12 10 1 100 1 1 12 10 12 10 1 1 1 1 1 7 1 1 12 10 1 7 1 1 12 11 1 7 12 9 1 1 1 1 1
staticfield java/lang/invoke/LambdaForm$MH+0x000002e20139d800 _D_0 Ljava/lang/invoke/LambdaForm; java/lang/invoke/LambdaForm
ciInstanceKlass java/lang/invoke/LambdaForm$MH+0x000002e20139f400 1 1 69 1 7 1 100 1 1 1 1 1 1 1 7 1 1 12 9 1 12 9 1 12 9 1 12 9 1 7 1 1 12 10 1 7 1 7 1 1 12 10 1 1 12 10 1 1 1 1 1 7 1 1 12 10 1 7 1 1 12 11 1 7 12 9 1 1 1 1 1
staticfield java/lang/invoke/LambdaForm$MH+0x000002e20139f400 _D_0 Ljava/lang/invoke/LambdaForm; java/lang/invoke/LambdaForm
ciInstanceKlass java/lang/invoke/LambdaForm$MH+0x000002e20139f800 1 1 49 1 7 1 100 1 1 1 1 1 1 1 7 1 7 1 1 12 10 1 7 1 1 12 10 1 1 1 1 1 7 1 1 12 10 1 7 1 1 12 11 1 7 12 9 1 1 1 1
staticfield java/lang/invoke/LambdaForm$MH+0x000002e20139f800 _D_0 Ljava/lang/invoke/LambdaForm; java/lang/invoke/LambdaForm
ciInstanceKlass java/lang/invoke/LambdaForm$MH+0x000002e2013adc00 1 1 70 1 7 1 100 1 1 1 1 1 1 1 7 1 1 12 9 1 12 9 1 12 9 1 12 9 1 12 9 1 100 1 7 1 1 12 10 1 100 1 1 12 10 12 10 1 1 1 1 1 7 1 1 12 10 1 7 1 1 12 11 1 7 12 9 1 1 1 1 1
staticfield java/lang/invoke/LambdaForm$MH+0x000002e2013adc00 _D_0 Ljava/lang/invoke/LambdaForm; java/lang/invoke/LambdaForm
ciInstanceKlass java/lang/invoke/LambdaForm$MH+0x000002e2013aec00 1 1 65 1 7 1 100 1 1 1 1 1 1 1 7 1 1 12 9 1 7 1 1 12 10 1 12 9 1 7 1 7 1 1 12 10 1 1 12 10 1 12 10 1 1 1 1 1 7 1 1 12 10 1 7 1 1 12 11 1 7 12 9 1 1 1 1
staticfield java/lang/invoke/LambdaForm$MH+0x000002e2013aec00 _D_0 Ljava/lang/invoke/LambdaForm; java/lang/invoke/LambdaForm
ciInstanceKlass java/lang/invoke/LambdaForm$MH+0x000002e2013af400 1 1 69 1 7 1 100 1 1 1 1 1 1 1 7 1 1 12 9 1 12 9 1 12 9 1 12 9 1 7 1 1 12 10 1 7 1 7 1 1 12 10 1 1 12 10 1 1 1 1 1 7 1 1 12 10 1 7 1 1 12 11 1 7 12 9 1 1 1 1 1
staticfield java/lang/invoke/LambdaForm$MH+0x000002e2013af400 _D_0 Ljava/lang/invoke/LambdaForm; java/lang/invoke/LambdaForm
ciInstanceKlass java/lang/invoke/LambdaForm$MH+0x000002e2013af800 1 1 49 1 7 1 100 1 1 1 1 1 1 1 7 1 7 1 1 12 10 1 7 1 1 12 10 1 1 1 1 1 7 1 1 12 10 1 7 1 1 12 11 1 7 12 9 1 1 1 1
staticfield java/lang/invoke/LambdaForm$MH+0x000002e2013af800 _D_0 Ljava/lang/invoke/LambdaForm; java/lang/invoke/LambdaForm
ciInstanceKlass java/lang/invoke/LambdaForm$MH+0x000002e2013b0400 1 1 70 1 7 1 100 1 1 1 1 1 1 1 7 1 1 12 9 1 12 9 1 12 9 1 12 9 1 12 9 1 100 1 7 1 1 12 10 1 100 1 1 12 10 12 10 1 1 1 1 1 7 1 1 12 10 1 7 1 1 12 11 1 7 12 9 1 1 1 1 1
staticfield java/lang/invoke/LambdaForm$MH+0x000002e2013b0400 _D_0 Ljava/lang/invoke/LambdaForm; java/lang/invoke/LambdaForm
ciInstanceKlass java/lang/invoke/LambdaForm$MH+0x000002e2013b1800 1 1 69 1 7 1 100 1 1 1 1 1 1 1 7 1 1 12 9 1 12 9 1 12 9 1 12 9 1 7 1 1 12 10 1 7 1 7 1 1 12 10 1 1 12 10 1 1 1 1 1 7 1 1 12 10 1 7 1 1 12 11 1 7 12 9 1 1 1 1 1
staticfield java/lang/invoke/LambdaForm$MH+0x000002e2013b1800 _D_0 Ljava/lang/invoke/LambdaForm; java/lang/invoke/LambdaForm
ciInstanceKlass java/lang/invoke/LambdaForm$MH+0x000002e2013b1c00 1 1 49 1 7 1 100 1 1 1 1 1 1 1 7 1 7 1 1 12 10 1 7 1 1 12 10 1 1 1 1 1 7 1 1 12 10 1 7 1 1 12 11 1 7 12 9 1 1 1 1
staticfield java/lang/invoke/LambdaForm$MH+0x000002e2013b1c00 _D_0 Ljava/lang/invoke/LambdaForm; java/lang/invoke/LambdaForm
ciInstanceKlass java/lang/invoke/LambdaForm$DMH+0x000002e2013b2000 1 1 49 1 7 1 100 1 1 1 1 1 1 1 7 1 1 12 10 1 7 1 7 1 1 12 10 1 1 1 1 1 7 1 1 12 10 1 7 1 1 12 11 1 7 12 9 1 1 1 1
staticfield java/lang/invoke/LambdaForm$DMH+0x000002e2013b2000 _D_0 Ljava/lang/invoke/LambdaForm; java/lang/invoke/LambdaForm
ciInstanceKlass java/lang/invoke/LambdaForm$MH+0x000002e2013b3c00 1 1 70 1 7 1 100 1 1 1 1 1 1 1 7 1 1 12 9 1 12 9 1 12 9 1 12 9 1 12 9 1 100 1 7 1 1 12 10 1 100 1 1 12 10 12 10 1 1 1 1 1 7 1 1 12 10 1 7 1 1 12 11 1 7 12 9 1 1 1 1 1
staticfield java/lang/invoke/LambdaForm$MH+0x000002e2013b3c00 _D_0 Ljava/lang/invoke/LambdaForm; java/lang/invoke/LambdaForm
ciInstanceKlass java/lang/invoke/LambdaForm$MH+0x000002e2013b4800 1 1 65 1 7 1 100 1 1 1 1 1 1 1 7 1 1 12 9 1 7 1 1 12 10 1 12 9 1 7 1 7 1 1 12 10 1 1 12 10 1 12 10 1 1 1 1 1 7 1 1 12 10 1 7 1 1 12 11 1 7 12 9 1 1 1 1
staticfield java/lang/invoke/LambdaForm$MH+0x000002e2013b4800 _D_0 Ljava/lang/invoke/LambdaForm; java/lang/invoke/LambdaForm
ciInstanceKlass java/lang/invoke/LambdaForm$MH+0x000002e2013b5400 1 1 69 1 7 1 100 1 1 1 1 1 1 1 7 1 1 12 9 1 12 9 1 12 9 1 12 9 1 7 1 1 12 10 1 7 1 7 1 1 12 10 1 1 12 10 1 1 1 1 1 7 1 1 12 10 1 7 1 1 12 11 1 7 12 9 1 1 1 1 1
staticfield java/lang/invoke/LambdaForm$MH+0x000002e2013b5400 _D_0 Ljava/lang/invoke/LambdaForm; java/lang/invoke/LambdaForm
ciInstanceKlass java/lang/invoke/LambdaForm$MH+0x000002e2013b5800 1 1 49 1 7 1 100 1 1 1 1 1 1 1 7 1 7 1 1 12 10 1 7 1 1 12 10 1 1 1 1 1 7 1 1 12 10 1 7 1 1 12 11 1 7 12 9 1 1 1 1
staticfield java/lang/invoke/LambdaForm$MH+0x000002e2013b5800 _D_0 Ljava/lang/invoke/LambdaForm; java/lang/invoke/LambdaForm
ciInstanceKlass java/lang/invoke/LambdaForm$MH+0x000002e201406c00 1 1 47 1 7 1 100 1 1 1 1 1 1 1 7 1 1 12 10 1 7 1 1 12 10 1 1 1 1 1 7 1 1 12 10 1 7 1 1 12 11 1 7 12 9 1 1 1 1
staticfield java/lang/invoke/LambdaForm$MH+0x000002e201406c00 _D_0 Ljava/lang/invoke/LambdaForm; java/lang/invoke/LambdaForm
ciInstanceKlass java/lang/invoke/LambdaForm$MH+0x000002e201414000 1 1 47 1 7 1 100 1 1 1 1 1 1 1 7 1 1 12 10 1 7 1 1 12 10 1 1 1 1 1 7 1 1 12 10 1 7 1 1 12 11 1 7 12 9 1 1 1 1
staticfield java/lang/invoke/LambdaForm$MH+0x000002e201414000 _D_0 Ljava/lang/invoke/LambdaForm; java/lang/invoke/LambdaForm
ciInstanceKlass java/lang/invoke/LambdaForm$MH+0x000002e201414800 1 1 47 1 7 1 100 1 1 1 1 1 1 1 7 1 1 12 10 1 7 1 1 12 10 1 1 1 1 1 7 1 1 12 10 1 7 1 1 12 11 1 7 12 9 1 1 1 1
staticfield java/lang/invoke/LambdaForm$MH+0x000002e201414800 _D_0 Ljava/lang/invoke/LambdaForm; java/lang/invoke/LambdaForm
ciInstanceKlass java/lang/invoke/LambdaForm$MH+0x000002e201414c00 1 1 47 1 7 1 100 1 1 1 1 1 1 1 7 1 1 12 10 1 7 1 1 12 10 1 1 1 1 1 7 1 1 12 10 1 7 1 1 12 11 1 7 12 9 1 1 1 1
staticfield java/lang/invoke/LambdaForm$MH+0x000002e201414c00 _D_0 Ljava/lang/invoke/LambdaForm; java/lang/invoke/LambdaForm
ciInstanceKlass java/lang/invoke/LambdaForm$MH+0x000002e201415000 1 1 47 1 7 1 100 1 1 1 1 1 1 1 7 1 1 12 10 1 7 1 1 12 10 1 1 1 1 1 7 1 1 12 10 1 7 1 1 12 11 1 7 12 9 1 1 1 1
staticfield java/lang/invoke/LambdaForm$MH+0x000002e201415000 _D_0 Ljava/lang/invoke/LambdaForm; java/lang/invoke/LambdaForm
ciInstanceKlass android/database/sqlite/SQLiteConnectionPool$1 0 0 104 1 100 1 100 1 100 1 100 1 1 100 1 1 12 1 100 1 1 100 1 1 1 1 1 1 1 1 1 1 1 1 1 1 1 12 9 1 1 12 10 12 9 1 12 9 12 9 1 1 12 10 1 100 1 12 10 1 12 10 1 12 10 15 3 1 100 1 1 12 10 15 1 12 18 1 12 10 15 1 12 18 12 9 1 1 12 10 15 1 1 12 18 1 1 1 1 1 1 1 1 1 1 1
ciInstanceKlass java/lang/invoke/LambdaForm$MH+0x000002e20142ec00 1 1 47 1 7 1 100 1 1 1 1 1 1 1 7 1 1 12 10 1 7 1 1 12 10 1 1 1 1 1 7 1 1 12 10 1 7 1 1 12 11 1 7 12 9 1 1 1 1
staticfield java/lang/invoke/LambdaForm$MH+0x000002e20142ec00 _D_0 Ljava/lang/invoke/LambdaForm; java/lang/invoke/LambdaForm
ciMethodData java/lang/Object <init> ()V 2 799732 orig 80 1 0 0 0 0 0 0 0 0 0 0 0 0 0 0 0 0 0 0 0 0 0 0 0 0 0 0 0 0 0 0 0 0 0 0 0 0 0 0 0 0 0 0 0 0 0 0 0 0 0 0 0 0 0 0 0 0 0 0 0 0 0 0 0 0 0 0 0 0 0 0 0 0 0 0 0 0 0 0 0 data 4 0x0 0x9 0x1 0x0 oops 0 methods 0
ciMethodData java/lang/String isLatin1 ()Z 2 1289602 orig 80 1 0 0 0 1 0 0 0 0 0 0 0 226 2 0 0 0 0 0 0 0 0 0 0 0 0 0 0 0 0 0 0 0 0 0 0 0 0 0 2 0 0 0 0 0 0 0 0 0 0 0 0 0 0 0 0 0 0 0 0 0 0 0 0 0 0 0 0 0 0 0 0 0 0 0 0 0 0 0 0 data 18 0x30007 0x0 0x58 0x13ac94 0x80000006000a0007 0x6 0x38 0x13ac92 0xe0003 0x13ac93 0x18 0x0 0x0 0x0 0x0 0x9 0x1 0x0 oops 0 methods 0
ciMethod java/lang/invoke/MethodHandle invokeBasic ()Ljava/lang/Object; 0 0 1 0 -1
ciMethod java/lang/invoke/MethodHandle linkToSpecial (Ljava/lang/Object;Ljava/lang/invoke/MemberName;)Ljava/lang/Object; 0 0 1 0 -1
ciMethod java/lang/invoke/MethodHandle linkToSpecial (Ljava/lang/Object;Ljava/lang/Object;Ljava/lang/invoke/MemberName;)V 0 0 1 0 -1
ciMethod java/lang/invoke/MethodHandle invokeBasic (Ljava/lang/Object;)Ljava/lang/Object; 0 0 1 0 -1
ciMethod java/lang/invoke/MethodHandle linkToSpecial (Ljava/lang/Object;Ljava/lang/Object;Ljava/lang/invoke/MemberName;)Ljava/lang/Object; 0 0 1 0 -1
ciMethod java/lang/invoke/MethodHandle linkToSpecial (Ljava/lang/Object;Ljava/lang/Object;Ljava/lang/Object;Ljava/lang/invoke/MemberName;)V 0 0 1 0 -1
ciMethod java/lang/invoke/MethodHandle invokeBasic (Ljava/lang/Object;Ljava/lang/Object;)Ljava/lang/Object; 0 0 1 0 -1
ciMethodData java/lang/ref/Reference refersTo (Ljava/lang/Object;)Z 2 14331 orig 80 0 0 0 0 0 0 0 0 0 0 0 0 226 2 0 0 0 0 0 0 0 0 0 0 0 0 0 0 0 0 0 0 0 0 0 0 0 0 0 0 0 0 0 0 0 0 0 0 0 0 0 0 0 0 0 0 0 0 0 0 0 0 0 0 0 0 0 0 0 0 0 0 0 0 0 0 0 0 0 0 data 17 0x20005 0x396 0x0 0x2e260b52960 0x19fa 0x2e260b4e700 0x196a 0x0 0x0 0x0 0x0 0x0 0x0 0x9 0x2 0xffffffffffffffff 0xffffffffffffffff oops 2 3 java/util/WeakHashMap$Entry 5 java/lang/ThreadLocal$ThreadLocalMap$Entry methods 0
ciMethodData java/lang/ref/Reference refersToImpl (Ljava/lang/Object;)Z 2 9113 orig 80 0 0 0 0 0 0 0 0 0 0 0 0 226 2 0 0 0 0 0 0 0 0 0 0 0 0 0 0 0 0 0 0 0 0 0 0 0 0 0 0 0 0 0 0 0 0 0 0 0 0 0 0 0 0 0 0 0 0 0 0 0 0 0 0 0 0 0 0 0 0 0 0 0 0 0 0 0 0 0 0 data 17 0x20005 0x2297 0x0 0x0 0x0 0x0 0x0 0x0 0x0 0x0 0x0 0x0 0x0 0x9 0x2 0x0 0x0 oops 0 methods 0
ciMethod java/util/concurrent/atomic/AtomicBoolean compareAndSet (ZZ)Z 804 0 1630 0 -1
ciMethodData java/lang/ThreadLocal getMap (Ljava/lang/Thread;)Ljava/lang/ThreadLocal$ThreadLocalMap; 2 5539 orig 80 0 0 0 0 0 0 0 0 0 0 0 0 226 2 0 0 0 0 0 0 0 0 0 0 0 0 0 0 0 0 0 0 0 0 0 0 0 0 0 0 0 0 0 0 0 0 0 0 0 0 0 0 0 0 0 0 0 0 0 0 0 0 0 0 0 0 0 0 0 0 0 0 0 0 0 0 0 0 0 0 data 6 0x0 0x0 0x9 0x2 0x0 0x0 oops 0 methods 0
ciMethodData java/lang/ThreadLocal get ()Ljava/lang/Object; 2 5410 orig 80 0 0 0 0 0 0 0 0 0 0 0 0 226 2 0 0 0 0 0 0 0 0 0 0 0 0 0 0 0 0 0 0 0 0 0 0 0 0 0 0 0 0 0 0 0 0 0 0 0 0 0 0 0 0 0 0 0 0 0 0 0 0 0 0 0 0 0 0 0 0 0 0 0 0 0 0 0 0 0 0 data 40 0x2 0x1422 0x60005 0x866 0x0 0x2e260b4ed30 0x727 0x2e260b4c850 0x495 0xb0007 0x7 0x78 0x141b 0x100005 0x141b 0x0 0x0 0x0 0x0 0x0 0x150007 0x2d 0x20 0x13ee 0x220005 0x34 0x0 0x0 0x0 0x0 0x0 0x0 0x0 0x0 0x0 0x0 0x0 0x9 0x1 0x0 oops 2 5 sun/nio/fs/NativeBuffers$1 7 java/lang/ThreadLocal methods 0
ciMethodData java/lang/ThreadLocal$ThreadLocalMap getEntry (Ljava/lang/ThreadLocal;)Ljava/lang/ThreadLocal$ThreadLocalMap$Entry; 2 5403 orig 80 0 0 0 0 0 0 0 0 0 0 0 0 226 2 0 0 0 0 0 0 0 0 0 0 0 0 0 0 0 0 0 0 0 0 0 0 0 0 0 0 0 0 0 0 0 0 0 0 0 0 0 0 0 0 0 0 0 0 0 0 0 0 0 0 0 0 0 0 0 0 0 0 0 0 0 0 0 0 0 0 data 32 0x150007 0x22 0x78 0x13f8 0x1a0005 0x13f8 0x0 0x0 0x0 0x0 0x0 0x1d0007 0x1d7 0x20 0x1221 0x260005 0x1f9 0x0 0x0 0x0 0x0 0x0 0x0 0x0 0x0 0x0 0x0 0x0 0x9 0x2 0x0 0x0 oops 0 methods 0
ciMethodData java/lang/ThreadLocal$ThreadLocalMap getEntryAfterMiss (Ljava/lang/ThreadLocal;ILjava/lang/ThreadLocal$ThreadLocalMap$Entry;)Ljava/lang/ThreadLocal$ThreadLocalMap$Entry; 1 506 orig 80 0 0 0 0 0 0 0 0 0 0 0 0 226 2 0 0 0 0 0 0 0 0 0 0 0 0 0 0 0 0 0 0 0 0 0 0 0 0 0 0 0 0 0 0 0 0 0 0 0 0 0 0 0 0 0 0 0 0 0 0 0 0 0 0 0 0 0 0 0 0 0 0 0 0 0 0 0 0 0 0 data 53 0xc0007 0x2d 0x148 0x3a4 0x110005 0x3a4 0x0 0x0 0x0 0x0 0x0 0x140007 0x1d8 0x20 0x1cc 0x1b0005 0x1d8 0x0 0x0 0x0 0x0 0x0 0x1e0007 0x1d8 0x70 0x0 0x230005 0x0 0x0 0x0 0x0 0x0 0x0 0x270003 0x0 0x28 0x2d0002 0x1d8 0x360003 0x1d8 0xfffffffffffffed0 0x0 0x0 0x0 0x0 0x0 0x0 0x9 0x4 0x0 0x0 0x0 0x0 oops 0 methods 0
ciMethod java/lang/invoke/MethodHandle linkToStatic (Ljava/lang/invoke/MemberName;)Ljava/lang/Object; 0 0 1 0 -1
ciMethod java/lang/invoke/MethodHandle invokeBasic (Ljava/lang/Object;Ljava/lang/Object;Ljava/lang/Object;)Ljava/lang/Object; 0 0 1 0 -1
ciMethod java/lang/invoke/MethodHandle invokeBasic (Ljava/lang/Object;Ljava/lang/Object;Ljava/lang/Object;ILjava/lang/Object;Ljava/lang/Object;)V 0 0 1 0 -1
ciMethod java/lang/invoke/MethodHandle linkToSpecial (Ljava/lang/Object;Ljava/lang/Object;ILjava/lang/Object;Ljava/lang/Object;Ljava/lang/invoke/MemberName;)V 0 0 1 0 -1
ciMethod java/lang/invoke/MethodHandle invokeBasic (Ljava/lang/Object;Ljava/lang/Object;I)I 0 0 1 0 -1
ciMethod java/lang/invoke/MethodHandle linkToSpecial (Ljava/lang/Object;Ljava/lang/invoke/MemberName;)V 0 0 1 0 -1
ciMethod java/lang/invoke/MethodHandle invokeBasic (Ljava/lang/Object;Ljava/lang/Object;)V 0 0 1 0 -1
ciMethod java/lang/invoke/MethodHandle invokeBasic (Ljava/lang/Object;I)Ljava/lang/Object; 0 0 1 0 -1
ciMethod java/lang/invoke/MethodHandle linkToSpecial (Ljava/lang/Object;Ljava/lang/Object;ILjava/lang/Object;Ljava/lang/invoke/MemberName;)V 0 0 1 0 -1
ciMethod java/lang/invoke/MethodHandle linkToStatic (Ljava/lang/Object;Ljava/lang/invoke/MemberName;)I 0 0 1 0 -1
ciMethod java/lang/invoke/MethodHandle invokeBasic (Ljava/lang/Object;)I 0 0 1 0 -1
ciMethod java/lang/invoke/MethodHandle linkToVirtual (Ljava/lang/Object;Ljava/lang/invoke/MemberName;)Ljava/lang/Object; 0 0 1 0 -1
ciMethodData java/lang/invoke/Invokers$Holder linkToTargetMethod (Ljava/lang/Object;Ljava/lang/Object;Ljava/lang/Object;)Ljava/lang/Object; 2 22254 orig 80 0 0 0 0 0 0 0 0 0 0 0 0 226 2 0 0 0 0 0 0 0 0 0 0 0 0 0 0 0 0 0 0 0 0 0 0 0 0 0 0 0 0 0 0 0 0 0 0 0 0 0 0 0 0 0 0 0 0 0 0 0 0 0 0 0 0 0 0 0 0 0 0 0 0 0 0 0 0 0 0 data 37 0x10004 0x0 0x0 0x2e260b3f560 0x69d 0x2e260b40030 0xa52 0x6000b 0x56b8 0x0 0x0 0x0 0x0 0x0 0x5 0x1 0x2 0x2 0x2 0x2 0x0 0x0 0x0 0x0 0x0 0x0 0x9 0x3 0x0 0x0 0x0 0xc 0x4 0x0 0x2 0x1 0x2 oops 2 3 java/lang/invoke/DirectMethodHandle$Constructor 5 java/lang/invoke/BoundMethodHandle$Species_LLLLLLL methods 0
ciMethodData java/lang/invoke/DirectMethodHandle$Holder newInvokeSpecial (Ljava/lang/Object;Ljava/lang/Object;Ljava/lang/Object;)Ljava/lang/Object; 2 14804 orig 80 0 0 0 0 0 0 0 0 0 0 0 0 226 2 0 0 0 0 0 0 0 0 0 0 0 0 0 0 0 0 0 0 0 0 0 0 0 0 0 0 0 0 0 0 0 0 0 0 0 0 0 0 0 0 0 0 0 0 0 0 0 0 0 0 0 0 0 0 0 0 0 0 0 0 0 0 0 0 0 0 data 43 0x1000a 0x399e 0x3 0x0 0x2e260b3f560 0x2 0x6000a 0x399e 0x3 0x0 0x2e260b3f560 0x2e260b09500 0x100004 0x0 0x0 0x2e260b09500 0x18e 0x0 0x0 0x13000a 0x399e 0x4 0x0 0x2 0x1 0x2 0x0 0x0 0x0 0x0 0x0 0x0 0x9 0x3 0x0 0x0 0x0 0xc 0x4 0x0 0x2e260b3f560 0x1 0x2 oops 5 4 java/lang/invoke/DirectMethodHandle$Constructor 10 java/lang/invoke/DirectMethodHandle$Constructor 11 java/lang/invoke/MemberName 15 java/lang/invoke/MemberName 40 java/lang/invoke/DirectMethodHandle$Constructor methods 0
ciMethodData java/lang/invoke/DirectMethodHandle allocateInstance (Ljava/lang/Object;)Ljava/lang/Object; 2 28953 orig 80 0 0 0 0 0 0 0 0 0 0 0 0 226 2 0 0 0 0 0 0 0 0 0 0 0 0 0 0 0 0 0 0 0 0 0 0 0 0 0 0 0 0 0 0 0 0 0 0 0 0 0 0 0 0 0 0 0 0 0 0 0 0 0 0 0 0 0 0 0 0 0 0 0 0 0 0 0 0 0 0 data 23 0x10004 0x0 0x0 0x2e260b3f560 0x162e 0x0 0x0 0xc0005 0x707b 0x0 0x0 0x0 0x0 0x0 0x0 0x0 0x0 0x0 0x0 0x0 0x9 0x1 0x0 oops 1 3 java/lang/invoke/DirectMethodHandle$Constructor methods 0
ciMethodData java/lang/invoke/DirectMethodHandle constructorMethod (Ljava/lang/Object;)Ljava/lang/Object; 2 29224 orig 80 0 0 0 0 0 0 0 0 0 0 0 0 226 2 0 0 0 0 0 0 0 0 0 0 0 0 0 0 0 0 0 0 0 0 0 0 0 0 0 0 0 0 0 0 0 0 0 0 0 0 0 0 0 0 0 0 0 0 0 0 0 0 0 0 0 0 0 0 0 0 0 0 0 0 0 0 0 0 0 0 data 16 0x10004 0x0 0x0 0x2e260b3f560 0x173e 0x0 0x0 0x0 0x0 0x0 0x0 0x0 0x0 0x9 0x1 0x0 oops 1 3 java/lang/invoke/DirectMethodHandle$Constructor methods 0
ciMethod java/lang/invoke/MethodHandle linkToSpecial (Ljava/lang/Object;ILjava/lang/invoke/MemberName;)V 0 0 1 0 -1
ciMethod java/lang/invoke/MethodHandle linkToSpecial (Ljava/lang/Object;ILjava/lang/invoke/MemberName;)Ljava/lang/Object; 0 0 1 0 -1
ciMethod java/lang/invoke/MethodHandle linkToSpecial (Ljava/lang/Object;Ljava/lang/Object;Ljava/lang/Object;Ljava/lang/Object;Ljava/lang/Object;Ljava/lang/invoke/MemberName;)V 0 0 1 0 -1
ciMethod java/lang/invoke/MethodHandle linkToStatic (Ljava/lang/invoke/MemberName;)J 0 0 1 0 -1
ciMethod java/lang/invoke/MethodHandle linkToSpecial (Ljava/lang/Object;Ljava/lang/Object;Ljava/lang/Object;Ljava/lang/Object;Ljava/lang/invoke/MemberName;)I 0 0 1 0 -1
ciMethod java/lang/invoke/MethodHandle linkToSpecial (Ljava/lang/Object;ILjava/lang/invoke/MemberName;)I 0 0 1 0 -1
ciMethod java/lang/invoke/LambdaForm$DMH+0x000002e201029400 invokeSpecial (Ljava/lang/Object;Ljava/lang/Object;Ljava/lang/Object;ILjava/lang/Object;)V 786 0 10777 0 -1
ciMethodData java/lang/invoke/LambdaForm$DMH+0x000002e201029400 invokeSpecial (Ljava/lang/Object;Ljava/lang/Object;Ljava/lang/Object;ILjava/lang/Object;)V 2 10777 orig 80 0 0 0 0 0 0 0 0 0 0 0 0 226 2 0 0 0 0 0 0 0 0 0 0 0 0 0 0 0 0 0 0 0 0 0 0 0 0 0 0 0 0 0 0 0 0 0 0 0 0 0 0 0 0 0 0 0 0 0 0 0 0 0 0 0 0 0 0 0 0 0 0 0 0 0 0 0 0 0 0 data 39 0x1000a 0x2890 0x3 0x0 0x2e265b935b0 0x2e260b09500 0xd0004 0x0 0x0 0x2e260b09500 0x2 0x0 0x0 0x10000a 0x2890 0x4 0x0 0x2e2686c8850 0x1 0x2e260b07331 0x0 0x0 0x0 0x0 0x0 0x0 0x9 0x5 0x0 0x0 0x0 0x0 0x0 0xc 0x4 0x0 0x2e265b935b0 0x1 0x2e2686c8850 oops 7 4 java/lang/invoke/DirectMethodHandle$Special 5 java/lang/invoke/MemberName 9 java/lang/invoke/MemberName 17 android/database/sqlite/SQLiteSession 19 java/lang/String 36 java/lang/invoke/DirectMethodHandle$Special 38 android/database/sqlite/SQLiteSession methods 0
ciMethod org/robolectric/util/PerfStatsCollector getInstance ()Lorg/robolectric/util/PerfStatsCollector; 452 0 9673 0 -1
ciMethod org/robolectric/util/PerfStatsCollector measure (Ljava/lang/String;Lorg/robolectric/util/PerfStatsCollector$ThrowingSupplier;)Ljava/lang/Object; 446 0 5377 0 -1
ciMethod java/lang/invoke/LambdaForm$DMH+0x000002e201104400 invokeStatic (Ljava/lang/Object;)J 774 0 22564 0 -1
ciMethodData java/lang/invoke/LambdaForm$DMH+0x000002e201104400 invokeStatic (Ljava/lang/Object;)J 2 22564 orig 80 0 0 0 0 0 0 0 0 0 0 0 0 226 2 0 0 0 0 0 0 0 0 0 0 0 0 0 0 0 0 0 0 0 0 0 0 0 0 0 0 0 0 0 0 0 0 0 0 0 0 0 0 0 0 0 0 0 0 0 0 0 0 0 0 0 0 0 0 0 0 0 0 0 0 0 0 0 0 0 0 data 31 0x1000a 0x56a1 0x3 0x0 0x2e260b09350 0x2e260b09500 0x60004 0x0 0x0 0x0 0x0 0x0 0x0 0x9000a 0x56a1 0x2 0x0 0x2e260b09500 0x0 0x0 0x0 0x0 0x0 0x0 0x9 0x1 0x0 0xc 0x2 0x0 0x2e260b09350 oops 4 4 java/lang/invoke/DirectMethodHandle 5 java/lang/invoke/MemberName 17 java/lang/invoke/MemberName 30 java/lang/invoke/DirectMethodHandle methods 0
ciMethod java/lang/invoke/MethodHandle invokeBasic (Ljava/lang/Object;Ljava/lang/Object;ILjava/lang/Object;Ljava/lang/Object;)I 0 0 1 0 -1
ciMethod java/lang/invoke/MethodHandle invokeBasic (Ljava/lang/Object;Ljava/lang/Object;ILjava/lang/Object;Ljava/lang/Object;)V 0 0 1 0 -1
ciMethod java/lang/invoke/LambdaForm$MH+0x000002e201184000 invoke (Ljava/lang/Object;)Ljava/lang/Object; 774 0 544103 0 -1
ciMethodData java/lang/invoke/LambdaForm$MH+0x000002e201184000 invoke (Ljava/lang/Object;)Ljava/lang/Object; 2 544103 orig 80 0 0 0 0 0 0 0 0 0 0 0 0 226 2 0 0 0 0 0 0 0 0 0 0 0 0 0 0 0 0 0 0 0 0 0 0 0 0 0 0 0 0 0 0 0 0 0 0 0 0 0 0 0 0 0 0 0 0 0 0 0 0 0 0 0 0 0 0 0 0 0 0 0 0 0 0 0 0 0 0 data 38 0x10004 0x0 0x0 0x2e26543a450 0x1c78 0x0 0x0 0x100004 0x0 0x0 0x2e260b09350 0x1c78 0x0 0x0 0x14000b 0x84be4 0x0 0x0 0x0 0x0 0x0 0x3 0x1 0x2e260b09aa0 0x2e26543c700 0x0 0x0 0x0 0x0 0x0 0x0 0x9 0x1 0x0 0xc 0x2 0x0 0x2e26543a450 oops 5 3 java/lang/invoke/BoundMethodHandle$Species_LL 10 java/lang/invoke/DirectMethodHandle 23 java/lang/invoke/MutableCallSite 24 java/lang/invoke/BoundMethodHandle$Species_I 37 java/lang/invoke/BoundMethodHandle$Species_LL methods 0
ciMethod java/lang/invoke/LambdaForm$MH+0x000002e201184800 invoke (Ljava/lang/Object;)I 512 0 36980 0 -1
ciMethod java/lang/invoke/LambdaForm$DMH+0x000002e201188000 invokeSpecial (Ljava/lang/Object;Ljava/lang/Object;Ljava/lang/Object;Ljava/lang/Object;Ljava/lang/Object;Ljava/lang/Object;)V 738 0 6281 0 -1
ciMethodData java/lang/invoke/LambdaForm$DMH+0x000002e201188000 invokeSpecial (Ljava/lang/Object;Ljava/lang/Object;Ljava/lang/Object;Ljava/lang/Object;Ljava/lang/Object;Ljava/lang/Object;)V 2 6281 orig 80 0 0 0 0 0 0 0 0 0 0 0 0 226 2 0 0 0 0 0 0 0 0 0 0 0 0 0 0 0 0 0 0 0 0 0 0 0 0 0 0 0 0 0 0 0 0 0 0 0 0 0 0 0 0 0 0 0 0 0 0 0 0 0 0 0 0 0 0 0 0 0 0 0 0 0 0 0 0 0 0 data 40 0x1000a 0x1718 0x3 0x0 0x2e265b935b0 0x2e260b09500 0xf0004 0x0 0x0 0x2e260b09500 0x5d 0x0 0x0 0x12000a 0x1718 0x4 0x0 0x2 0x1 0x2e266c90bb0 0x0 0x0 0x0 0x0 0x0 0x0 0x9 0x6 0x0 0x0 0x0 0x0 0x0 0x0 0xc 0x4 0x0 0x2e265b935b0 0x1 0x2 oops 5 4 java/lang/invoke/DirectMethodHandle$Special 5 java/lang/invoke/MemberName 9 java/lang/invoke/MemberName 19 android/database/sqlite/SQLiteDatabase 37 java/lang/invoke/DirectMethodHandle$Special methods 0
ciMethod org/robolectric/config/ConfigurationRegistry get (Ljava/lang/Class;)Ljava/lang/Object; 18 0 60 0 0
ciMethod org/robolectric/config/ConfigurationRegistry getInSandboxClassLoader (Ljava/lang/Class;)Ljava/lang/Object; 18 0 60 0 -1
ciMethod java/lang/invoke/MethodHandle invokeBasic (Ljava/lang/Object;Ljava/lang/Object;I)Ljava/lang/Object; 0 0 1 0 -1
ciMethod java/lang/invoke/MethodHandle invokeBasic ()I 0 0 1 0 -1
ciMethod java/lang/invoke/MethodHandle invokeBasic (Ljava/lang/Object;Ljava/lang/Object;Ljava/lang/Object;)V 0 0 1 0 -1
ciMethod java/lang/invoke/MethodHandleImpl$CountingWrapper getTarget ()Ljava/lang/invoke/MethodHandle; 282 0 141 0 0
ciMethod java/lang/invoke/MethodHandle invokeBasic (Ljava/lang/Object;I)I 0 0 1 0 -1
ciMethod java/lang/invoke/MethodHandle invokeBasic (Ljava/lang/Object;)V 0 0 1 0 -1
ciMethodData java/lang/invoke/DirectMethodHandle internalMemberName (Ljava/lang/Object;)Ljava/lang/Object; 2 1163530 orig 80 0 0 0 0 0 0 0 0 0 0 0 0 226 2 0 0 0 0 0 0 0 0 0 0 0 0 0 0 0 0 0 0 0 0 0 0 0 0 0 0 0 0 0 0 0 0 0 0 0 0 0 0 0 0 0 0 0 0 0 0 0 0 0 0 0 0 0 0 0 0 0 0 0 0 0 0 0 0 0 0 data 16 0x10004 0x0 0x0 0x2e260b09350 0xd60b 0x2e265b935b0 0xb531 0x0 0x0 0x0 0x0 0x0 0x0 0x9 0x1 0x0 oops 2 3 java/lang/invoke/DirectMethodHandle 5 java/lang/invoke/DirectMethodHandle$Special methods 0
ciMethod java/lang/invoke/MethodHandle invokeBasic (Ljava/lang/Object;)J 0 0 1 0 -1
ciMethod java/lang/invoke/MethodHandle invokeBasic ()J 0 0 1 0 -1
ciMethod java/lang/invoke/MethodHandle invokeBasic (Ljava/lang/Object;Ljava/lang/Object;I)V 0 0 1 0 -1
ciMethod java/lang/invoke/MethodHandle invokeBasic (Ljava/lang/Object;I)V 0 0 1 0 -1
ciMethod java/lang/invoke/MethodHandle invokeBasic (Ljava/lang/Object;Ljava/lang/Object;)I 0 0 1 0 -1
ciMethod java/lang/invoke/MethodHandle linkToStatic (Ljava/lang/invoke/MemberName;)I 0 0 1 0 -1
ciMethod java/lang/invoke/LambdaForm$MH+0x000002e201191000 invoke (Ljava/lang/Object;Ljava/lang/Object;)Ljava/lang/Object; 512 0 13341 0 -1
ciMethodData java/lang/invoke/LambdaForm$MH+0x000002e201191000 invoke (Ljava/lang/Object;Ljava/lang/Object;)Ljava/lang/Object; 2 13341 orig 80 0 0 0 0 0 0 0 0 0 0 0 0 226 2 0 0 0 0 0 0 0 0 0 0 0 0 0 0 0 0 0 0 0 0 0 0 0 0 0 0 0 0 0 0 0 0 0 0 0 0 0 0 0 0 0 0 0 0 0 0 0 0 0 0 0 0 0 0 0 0 0 0 0 0 0 0 0 0 0 0 data 23 0x10004 0x0 0x0 0x2e2682aad00 0x947 0x0 0x0 0x0 0x0 0x0 0x0 0x0 0x0 0x9 0x2 0x0 0x0 0xc 0x4 0x0 0x2e2682aad00 0x1 0x2 oops 2 3 java/lang/invoke/BoundMethodHandle$Species_L 20 java/lang/invoke/BoundMethodHandle$Species_L methods 0
ciMethod java/lang/invoke/LambdaForm$MH+0x000002e201191c00 invoke (Ljava/lang/Object;Ljava/lang/Object;)I 534 0 233448 0 -1
ciMethod java/lang/invoke/LambdaForm$MH+0x000002e201193000 guard (Ljava/lang/Object;Ljava/lang/Object;)Ljava/lang/Object; 768 0 47064 0 -1
ciMethod java/lang/invoke/LambdaForm$DMH+0x000002e201197800 invokeSpecial (Ljava/lang/Object;Ljava/lang/Object;Ljava/lang/Object;)V 514 0 54350 0 -1
ciMethodData java/lang/invoke/LambdaForm$DMH+0x000002e201197800 invokeSpecial (Ljava/lang/Object;Ljava/lang/Object;Ljava/lang/Object;)V 2 54350 orig 80 0 0 0 0 0 0 0 0 0 0 0 0 226 2 0 0 0 0 0 0 0 0 0 0 0 0 0 0 0 0 0 0 0 0 0 0 0 0 0 0 0 0 0 0 0 0 0 0 0 0 0 0 0 0 0 0 0 0 0 0 0 0 0 0 0 0 0 0 0 0 0 0 0 0 0 0 0 0 0 0 data 37 0x1000a 0xd34d 0x3 0x0 0x2e265b935b0 0x2e260b09500 0x80004 0x0 0x0 0x2e260b09500 0x1 0x0 0x0 0xb000a 0xd34d 0x4 0x0 0x2 0x1 0x3 0x0 0x0 0x0 0x0 0x0 0x0 0x9 0x3 0x0 0x0 0x0 0xc 0x4 0x0 0x2e265b935b0 0x1 0x2 oops 4 4 java/lang/invoke/DirectMethodHandle$Special 5 java/lang/invoke/MemberName 9 java/lang/invoke/MemberName 34 java/lang/invoke/DirectMethodHandle$Special methods 0
ciMethod java/lang/invoke/LambdaForm$MH+0x000002e201198000 guardWithCatch (Ljava/lang/Object;Ljava/lang/Object;)V 768 0 106271 0 -1
ciMethod java/lang/invoke/LambdaForm$MH+0x000002e201199000 guard (Ljava/lang/Object;Ljava/lang/Object;)V 512 0 127601 0 -1
ciMethod java/lang/invoke/LambdaForm$MH+0x000002e201199400 linkToCallSite (Ljava/lang/Object;Ljava/lang/Object;)V 512 0 131289 0 -1
ciMethodData java/lang/invoke/LambdaForm$MH+0x000002e201199400 linkToCallSite (Ljava/lang/Object;Ljava/lang/Object;)V 2 131291 orig 80 0 0 0 0 0 0 0 0 0 0 0 0 226 2 0 0 0 0 0 0 0 0 0 0 0 0 0 0 0 0 0 0 0 0 0 0 0 0 0 0 0 0 0 0 0 0 0 0 0 0 0 0 0 0 0 0 0 0 0 0 0 0 0 0 0 0 0 0 0 0 0 0 0 0 0 0 0 0 0 0 data 46 0x10004 0x0 0x0 0x2e266c96d00 0xe3a 0x0 0x0 0x4000a 0x1ffdb 0x3 0x0 0x2e266c96d00 0x2e266c97b30 0x90004 0x0 0x0 0x0 0x0 0x0 0x0 0xd000b 0x1ffdb 0x0 0x0 0x0 0x0 0x0 0x2 0x1 0x2 0x0 0x0 0x0 0x0 0x0 0x0 0x9 0x2 0x0 0x0 0xc 0x4 0x0 0x2 0x1 0x2e266c96d00 oops 4 3 org/robolectric/internal/bytecode/MethodCallSite 11 org/robolectric/internal/bytecode/MethodCallSite 12 java/lang/invoke/BoundMethodHandle$Species_LLLL 45 org/robolectric/internal/bytecode/MethodCallSite methods 0
ciMethod java/lang/invoke/LambdaForm$MH+0x000002e20119a400 guardWithCatch (Ljava/lang/Object;)Ljava/lang/Object; 512 0 9467 0 -1
ciMethod java/lang/invoke/LambdaForm$MH+0x000002e20119b000 guard (Ljava/lang/Object;)Ljava/lang/Object; 514 0 18125 0 -1
ciMethod java/lang/invoke/LambdaForm$MH+0x000002e2011a2c00 guardWithCatch (Ljava/lang/Object;)J 768 0 11310 0 -1
ciMethod java/lang/invoke/LambdaForm$MH+0x000002e2011a4400 guard (Ljava/lang/Object;)J 514 0 11310 0 -1
ciMethod java/lang/invoke/LambdaForm$MH+0x000002e2011a4800 linkToCallSite (Ljava/lang/Object;)J 512 0 11310 0 -1
ciMethodData java/lang/invoke/LambdaForm$MH+0x000002e2011a4800 linkToCallSite (Ljava/lang/Object;)J 2 11310 orig 80 0 0 0 0 0 0 0 0 0 0 0 0 226 2 0 0 0 0 0 0 0 0 0 0 0 0 0 0 0 0 0 0 0 0 0 0 0 0 0 0 0 0 0 0 0 0 0 0 0 0 0 0 0 0 0 0 0 0 0 0 0 0 0 0 0 0 0 0 0 0 0 0 0 0 0 0 0 0 0 0 data 40 0x10004 0x0 0x0 0x2e266c96d00 0x8a 0x0 0x0 0x4000a 0x2b2e 0x3 0x0 0x2e266c96d00 0x2e266c97b30 0x90004 0x0 0x0 0x2e266c97b30 0x1 0x0 0x0 0xc0005 0x2b2e 0x0 0x0 0x0 0x0 0x0 0x0 0x0 0x0 0x0 0x0 0x0 0x9 0x1 0x0 0xc 0x2 0x0 0x2e266c96d00 oops 5 3 org/robolectric/internal/bytecode/MethodCallSite 11 org/robolectric/internal/bytecode/MethodCallSite 12 java/lang/invoke/BoundMethodHandle$Species_LLLL 16 java/lang/invoke/BoundMethodHandle$Species_LLLL 39 org/robolectric/internal/bytecode/MethodCallSite methods 0
ciMethod java/lang/invoke/LambdaForm$DMH+0x000002e2011acc00 invokeSpecial (Ljava/lang/Object;Ljava/lang/Object;I)V 852 0 9958 0 -1
ciMethodData java/lang/invoke/LambdaForm$DMH+0x000002e2011acc00 invokeSpecial (Ljava/lang/Object;Ljava/lang/Object;I)V 2 9958 orig 80 0 0 0 0 0 0 0 0 0 0 0 0 226 2 0 0 0 0 0 0 0 0 0 0 0 0 0 0 0 0 0 0 0 0 0 0 0 0 0 0 0 0 0 0 0 0 0 0 0 0 0 0 0 0 0 0 0 0 0 0 0 0 0 0 0 0 0 0 0 0 0 0 0 0 0 0 0 0 0 0 data 37 0x1000a 0x253c 0x3 0x0 0x2e265b935b0 0x2e260b09500 0x80004 0x0 0x0 0x2e260b09500 0x4c 0x0 0x0 0xb000a 0x253c 0x4 0x0 0x2 0x2 0x2e260b09500 0x0 0x0 0x0 0x0 0x0 0x0 0x9 0x3 0x0 0x0 0x0 0xc 0x4 0x0 0x2e265b935b0 0x1 0x2 oops 5 4 java/lang/invoke/DirectMethodHandle$Special 5 java/lang/invoke/MemberName 9 java/lang/invoke/MemberName 19 java/lang/invoke/MemberName 34 java/lang/invoke/DirectMethodHandle$Special methods 0
ciMethod java/lang/invoke/LambdaForm$MH+0x000002e2011ae000 guardWithCatch (Ljava/lang/Object;Ljava/lang/Object;I)V 786 0 9671 0 -1
ciMethod java/lang/invoke/LambdaForm$MH+0x000002e2011af000 invoke (Ljava/lang/Object;Ljava/lang/Object;I)I 516 0 65175 0 -1
ciMethod java/lang/invoke/LambdaForm$MH+0x000002e2011af800 guard (Ljava/lang/Object;Ljava/lang/Object;I)V 514 0 9906 0 -1
ciMethod java/lang/invoke/LambdaForm$MH+0x000002e2011afc00 linkToCallSite (Ljava/lang/Object;ILjava/lang/Object;)V 514 0 9901 0 -1
ciMethodData java/lang/invoke/LambdaForm$MH+0x000002e2011afc00 linkToCallSite (Ljava/lang/Object;ILjava/lang/Object;)V 2 9901 orig 80 0 0 0 0 0 0 0 0 0 0 0 0 226 2 0 0 0 0 0 0 0 0 0 0 0 0 0 0 0 0 0 0 0 0 0 0 0 0 0 0 0 0 0 0 0 0 0 0 0 0 0 0 0 0 0 0 0 0 0 0 0 0 0 0 0 0 0 0 0 0 0 0 0 0 0 0 0 0 0 0 data 47 0x10004 0x0 0x0 0x2e266c96d00 0x69e 0x0 0x0 0x4000a 0x25ac 0x3 0x0 0x2e266c96d00 0x2e266c97b30 0x90004 0x0 0x0 0x0 0x0 0x0 0x0 0xe000b 0x25ac 0x0 0x0 0x0 0x0 0x0 0x2 0x1 0x2 0x0 0x0 0x0 0x0 0x0 0x0 0x9 0x3 0x0 0x0 0x0 0xc 0x4 0x0 0x2 0x2 0x2e266c96d00 oops 4 3 org/robolectric/internal/bytecode/MethodCallSite 11 org/robolectric/internal/bytecode/MethodCallSite 12 java/lang/invoke/BoundMethodHandle$Species_LLLL 46 org/robolectric/internal/bytecode/MethodCallSite methods 0
ciMethod java/lang/invoke/LambdaForm$MH+0x000002e2011b0800 guardWithCatch (Ljava/lang/Object;Ljava/lang/Object;Ljava/lang/Object;)V 772 0 52603 0 -1
ciMethod java/lang/invoke/LambdaForm$MH+0x000002e2011b1400 invoke (Ljava/lang/Object;Ljava/lang/Object;Ljava/lang/Object;)I 514 0 75816 0 -1
ciMethod java/lang/invoke/LambdaForm$MH+0x000002e2011b2000 guard (Ljava/lang/Object;Ljava/lang/Object;Ljava/lang/Object;)V 516 0 53336 0 -1
ciMethod java/lang/invoke/LambdaForm$MH+0x000002e2011b2400 linkToCallSite (Ljava/lang/Object;Ljava/lang/Object;Ljava/lang/Object;)V 512 0 53433 0 -1
ciMethodData java/lang/invoke/LambdaForm$MH+0x000002e2011b2400 linkToCallSite (Ljava/lang/Object;Ljava/lang/Object;Ljava/lang/Object;)V 2 53434 orig 80 0 0 0 0 0 0 0 0 0 0 0 0 226 2 0 0 0 0 0 0 0 0 0 0 0 0 0 0 0 0 0 0 0 0 0 0 0 0 0 0 0 0 0 0 0 0 0 0 0 0 0 0 0 0 0 0 0 0 0 0 0 0 0 0 0 0 0 0 0 0 0 0 0 0 0 0 0 0 0 0 data 49 0x10004 0x0 0x0 0x2e266c96d00 0x14f8 0x0 0x0 0x4000a 0xcfba 0x3 0x0 0x2e266c96d00 0x2e266c97b30 0x90004 0x0 0x0 0x2e266c97b30 0x2 0x0 0x0 0xe000b 0xcfba 0x0 0x0 0x0 0x0 0x0 0x4 0x1 0x2 0x2 0x3 0x0 0x0 0x0 0x0 0x0 0x0 0x9 0x3 0x0 0x0 0x0 0xc 0x4 0x0 0x2 0x1 0x3 oops 4 3 org/robolectric/internal/bytecode/MethodCallSite 11 org/robolectric/internal/bytecode/MethodCallSite 12 java/lang/invoke/BoundMethodHandle$Species_LLLL 16 java/lang/invoke/BoundMethodHandle$Species_LLLL methods 0
ciMethod java/lang/invoke/LambdaForm$DMH+0x000002e2011b2800 invokeStatic (Ljava/lang/Object;)I 512 0 8228 0 -1
ciMethodData java/lang/invoke/LambdaForm$DMH+0x000002e2011b2800 invokeStatic (Ljava/lang/Object;)I 2 8228 orig 80 0 0 0 0 0 0 0 0 0 0 0 0 226 2 0 0 0 0 0 0 0 0 0 0 0 0 0 0 0 0 0 0 0 0 0 0 0 0 0 0 0 0 0 0 0 0 0 0 0 0 0 0 0 0 0 0 0 0 0 0 0 0 0 0 0 0 0 0 0 0 0 0 0 0 0 0 0 0 0 0 data 31 0x1000a 0x1f24 0x3 0x0 0x2e260b09350 0x2e260b09500 0x60004 0x0 0x0 0x0 0x0 0x0 0x0 0x9000a 0x1f24 0x2 0x0 0x2e260b09500 0x0 0x0 0x0 0x0 0x0 0x0 0x9 0x1 0x0 0xc 0x2 0x0 0x2e260b09350 oops 4 4 java/lang/invoke/DirectMethodHandle 5 java/lang/invoke/MemberName 17 java/lang/invoke/MemberName 30 java/lang/invoke/DirectMethodHandle methods 0
ciMethod java/lang/invoke/LambdaForm$MH+0x000002e2011b3800 guardWithCatch (Ljava/lang/Object;)I 768 0 8230 0 -1
ciMethod java/lang/invoke/LambdaForm$MH+0x000002e2011b4000 guard (Ljava/lang/Object;)I 512 0 8230 0 -1
ciMethod java/lang/invoke/LambdaForm$MH+0x000002e2011b4400 linkToCallSite (Ljava/lang/Object;)I 512 0 8230 0 -1
ciMethodData java/lang/invoke/LambdaForm$MH+0x000002e2011b4400 linkToCallSite (Ljava/lang/Object;)I 2 8230 orig 80 0 0 0 0 0 0 0 0 0 0 0 0 226 2 0 0 0 0 0 0 0 0 0 0 0 0 0 0 0 0 0 0 0 0 0 0 0 0 0 0 0 0 0 0 0 0 0 0 0 0 0 0 0 0 0 0 0 0 0 0 0 0 0 0 0 0 0 0 0 0 0 0 0 0 0 0 0 0 0 0 data 40 0x10004 0x0 0x0 0x2e266c96d00 0x67d 0x0 0x0 0x4000a 0x1f26 0x3 0x0 0x2e266c96d00 0x2e266c97b30 0x90004 0x0 0x0 0x0 0x0 0x0 0x0 0xc0005 0x1f26 0x0 0x0 0x0 0x0 0x0 0x0 0x0 0x0 0x0 0x0 0x0 0x9 0x1 0x0 0xc 0x2 0x0 0x2e266c96d00 oops 4 3 org/robolectric/internal/bytecode/MethodCallSite 11 org/robolectric/internal/bytecode/MethodCallSite 12 java/lang/invoke/BoundMethodHandle$Species_LLLL 39 org/robolectric/internal/bytecode/MethodCallSite methods 0
ciMethod java/lang/invoke/LambdaForm$MH+0x000002e2011b5000 guardWithCatch (Ljava/lang/Object;Ljava/lang/Object;I)I 770 0 32525 0 -1
ciMethod java/lang/invoke/LambdaForm$MH+0x000002e2011b8000 guard (Ljava/lang/Object;Ljava/lang/Object;I)I 518 0 36157 0 -1
ciMethod java/lang/invoke/LambdaForm$MH+0x000002e2011b8400 linkToCallSite (Ljava/lang/Object;ILjava/lang/Object;)I 512 0 40138 0 -1
ciMethodData java/lang/invoke/LambdaForm$MH+0x000002e2011b8400 linkToCallSite (Ljava/lang/Object;ILjava/lang/Object;)I 2 40138 orig 80 0 0 0 0 0 0 0 0 0 0 0 0 226 2 0 0 0 0 0 0 0 0 0 0 0 0 0 0 0 0 0 0 0 0 0 0 0 0 0 0 0 0 0 0 0 0 0 0 0 0 0 0 0 0 0 0 0 0 0 0 0 0 0 0 0 0 0 0 0 0 0 0 0 0 0 0 0 0 0 0 data 47 0x10004 0x0 0x0 0x2e266c96d00 0xab6 0x0 0x0 0x4000a 0x9bca 0x3 0x0 0x2e266c96d00 0x2e266c97b30 0x90004 0x0 0x0 0x2e266c97b30 0x2 0x0 0x0 0xe000b 0x9bca 0x0 0x0 0x0 0x0 0x0 0x2 0x1 0x2 0x0 0x0 0x0 0x0 0x0 0x0 0x9 0x3 0x0 0x0 0x0 0xc 0x4 0x0 0x2 0x2 0x2e266c96d00 oops 5 3 org/robolectric/internal/bytecode/MethodCallSite 11 org/robolectric/internal/bytecode/MethodCallSite 12 java/lang/invoke/BoundMethodHandle$Species_LLLL 16 java/lang/invoke/BoundMethodHandle$Species_LLLL 46 org/robolectric/internal/bytecode/MethodCallSite methods 0
ciMethod org/robolectric/shadows/ShadowLooper looperMode ()Lorg/robolectric/annotation/LooperMode$Mode; 518 0 5398 0 896
ciMethod java/lang/invoke/LambdaForm$MH+0x000002e2011f4800 guardWithCatch (Ljava/lang/Object;Ljava/lang/Object;)I 1024 0 67167 0 -1
ciMethod java/lang/invoke/LambdaForm$MH+0x000002e2011f5800 guard (Ljava/lang/Object;Ljava/lang/Object;)I 530 0 66401 0 -1
ciMethod java/lang/invoke/LambdaForm$MH+0x000002e2011f5c00 linkToCallSite (Ljava/lang/Object;Ljava/lang/Object;)I 512 0 66387 0 -1
ciMethodData java/lang/invoke/LambdaForm$MH+0x000002e2011f5c00 linkToCallSite (Ljava/lang/Object;Ljava/lang/Object;)I 2 66387 orig 80 0 0 0 0 0 0 0 0 0 0 0 0 226 2 0 0 0 0 0 0 0 0 0 0 0 0 0 0 0 0 0 0 0 0 0 0 0 0 0 0 0 0 0 0 0 0 0 0 0 0 0 0 0 0 0 0 0 0 0 0 0 0 0 0 0 0 0 0 0 0 0 0 0 0 0 0 0 0 0 0 data 46 0x10004 0x0 0x0 0x2e266c96d00 0xb02 0x0 0x0 0x4000a 0x10253 0x3 0x0 0x2e266c96d00 0x2e266c97b30 0x90004 0x0 0x0 0x2e266c97b30 0x2 0x0 0x0 0xd000b 0x10253 0x0 0x0 0x0 0x0 0x0 0x2 0x1 0x3 0x0 0x0 0x0 0x0 0x0 0x0 0x9 0x2 0x0 0x0 0xc 0x4 0x0 0x3 0x1 0x2e266c96d00 oops 5 3 org/robolectric/internal/bytecode/MethodCallSite 11 org/robolectric/internal/bytecode/MethodCallSite 12 java/lang/invoke/BoundMethodHandle$Species_LLLL 16 java/lang/invoke/BoundMethodHandle$Species_LLLL 45 org/robolectric/internal/bytecode/MethodCallSite methods 0
ciMethod java/lang/invoke/LambdaForm$MH+0x000002e2011f6400 guardWithCatch (Ljava/lang/Object;Ljava/lang/Object;)Ljava/lang/Object; 4130 0 27762 0 -1
ciMethod android/os/Looper $$robo$$android_os_Looper$getMainLooper ()Landroid/os/Looper; 512 0 1282 0 416
ciMethod android/os/Looper $$robo$$android_os_Looper$myLooper ()Landroid/os/Looper; 514 0 6595 0 0
ciMethod android/os/Looper getMainLooper ()Landroid/os/Looper; 12 0 5686 0 0
ciMethod android/os/Looper myLooper ()Landroid/os/Looper; 512 0 6595 0 0
ciMethod java/lang/invoke/LambdaForm$MH+0x000002e201203800 delegate (Ljava/lang/Object;Ljava/lang/Object;I)V 500 0 9555 0 -1
ciMethodData java/lang/invoke/LambdaForm$MH+0x000002e201203800 delegate (Ljava/lang/Object;Ljava/lang/Object;I)V 2 9555 orig 80 0 0 0 0 0 0 0 0 0 0 0 0 226 2 0 0 0 0 0 0 0 0 0 0 0 0 0 0 0 0 0 0 0 0 0 0 0 0 0 0 0 0 0 0 0 0 0 0 0 0 0 0 0 0 0 0 0 0 0 0 0 0 0 0 0 0 0 0 0 0 0 0 0 0 0 0 0 0 0 0 data 50 0x10004 0x0 0x0 0x2e26543a500 0x54a 0x0 0x0 0x4000b 0x0 0x0 0x2e26543a500 0x2459 0x0 0x0 0x1 0x2e265b99b40 0x90004 0x0 0x0 0x2e265b99b40 0x86 0x0 0x0 0xe000b 0x2459 0x0 0x0 0x0 0x0 0x0 0x2 0x1 0x2 0x0 0x0 0x0 0x0 0x0 0x0 0x9 0x3 0x0 0x0 0x0 0xc 0x4 0x0 0x2e26543a500 0x1 0x2 oops 5 3 java/lang/invoke/MethodHandleImpl$CountingWrapper 10 java/lang/invoke/MethodHandleImpl$CountingWrapper 15 java/lang/invoke/BoundMethodHandle$Species_LLLLL 19 java/lang/invoke/BoundMethodHandle$Species_LLLLL 47 java/lang/invoke/MethodHandleImpl$CountingWrapper methods 0
ciMethod java/lang/invoke/LambdaForm$DMH+0x000002e201204400 invokeSpecial (Ljava/lang/Object;Ljava/lang/Object;I)I 512 0 30532 0 -1
ciMethodData java/lang/invoke/LambdaForm$DMH+0x000002e201204400 invokeSpecial (Ljava/lang/Object;Ljava/lang/Object;I)I 2 30532 orig 80 0 0 0 0 0 0 0 0 0 0 0 0 226 2 0 0 0 0 0 0 0 0 0 0 0 0 0 0 0 0 0 0 0 0 0 0 0 0 0 0 0 0 0 0 0 0 0 0 0 0 0 0 0 0 0 0 0 0 0 0 0 0 0 0 0 0 0 0 0 0 0 0 0 0 0 0 0 0 0 0 data 37 0x1000a 0x7644 0x3 0x0 0x2e265b935b0 0x2e260b09500 0x80004 0x0 0x0 0x2e260b09500 0x2 0x0 0x0 0xb000a 0x7644 0x4 0x0 0x2 0x2 0x2e260b09500 0x0 0x0 0x0 0x0 0x0 0x0 0x9 0x3 0x0 0x0 0x0 0xc 0x4 0x0 0x2e265b935b0 0x1 0x2 oops 5 4 java/lang/invoke/DirectMethodHandle$Special 5 java/lang/invoke/MemberName 9 java/lang/invoke/MemberName 19 java/lang/invoke/MemberName 34 java/lang/invoke/DirectMethodHandle$Special methods 0
ciMethodData java/lang/invoke/Invokers checkCustomized (Ljava/lang/invoke/MethodHandle;)V 2 579075 orig 80 0 0 0 0 0 0 0 0 0 0 0 0 226 2 0 0 0 0 0 0 0 0 0 0 0 0 0 0 0 0 0 0 0 0 0 0 0 0 0 0 0 0 0 0 0 0 0 0 0 0 0 0 0 0 0 0 0 0 0 0 0 0 0 0 0 0 0 0 0 0 0 0 0 0 0 0 0 0 0 0 data 21 0x10002 0x8d501 0x40007 0x8d502 0x20 0x0 0xf0007 0x8d14a 0x30 0x3b6 0x130002 0x3b6 0x0 0x0 0x0 0x0 0x0 0x0 0x9 0x1 0x0 oops 0 methods 0
ciMethodData java/lang/StringLatin1 trim ([B)Ljava/lang/String; 2 10660 orig 80 1 0 0 0 0 0 0 0 0 0 0 0 226 2 0 0 0 0 0 0 0 0 0 0 0 0 0 0 0 0 0 0 0 0 0 0 0 0 0 1 0 0 0 0 0 0 0 0 0 0 0 0 0 0 0 0 0 0 0 0 0 0 0 0 0 0 0 0 0 0 0 0 0 0 0 0 0 0 0 0 data 44 0x70007 0xd82 0x58 0x1acd 0x8000000600130007 0x1aa1 0x38 0x2d 0x190003 0x2d 0xffffffffffffffc0 0x1e0007 0xd82 0x58 0x1aba 0x2c0007 0x1aa1 0x38 0x19 0x320003 0x19 0xffffffffffffffc0 0x360007 0x5 0x40 0x281e 0x3c0007 0x281e 0x48 0x0 0x440002 0x5 0x470003 0x5 0x18 0x0 0x0 0x0 0x0 0x0 0x0 0x9 0x1 0x0 oops 0 methods 0
ciMethodData java/lang/String trim ()Ljava/lang/String; 2 17642 orig 80 0 0 0 0 0 0 0 0 0 0 0 0 226 2 0 0 0 0 0 0 0 0 0 0 0 0 0 0 0 0 0 0 0 0 0 0 0 0 0 0 0 0 0 0 0 0 0 0 0 0 0 0 0 0 0 0 0 0 0 0 0 0 0 0 0 0 0 0 0 0 0 0 0 0 0 0 0 0 0 0 data 34 0x10005 0x4368 0x0 0x0 0x0 0x0 0x0 0x40007 0x0 0x48 0x4368 0xb0002 0x4368 0xe0003 0x4368 0x28 0x150002 0x0 0x1a0007 0x5 0x38 0x4363 0x1e0003 0x4363 0x18 0x0 0x0 0x0 0x0 0x0 0x0 0x9 0x1 0x0 oops 0 methods 0
ciMethod java/lang/invoke/MethodHandle invokeBasic (Ljava/lang/Object;Ljava/lang/Object;Ljava/lang/Object;Ljava/lang/Object;)V 0 0 1 0 -1
ciMethod java/lang/invoke/MethodHandle invokeBasic (Ljava/lang/Object;Ljava/lang/Object;Ljava/lang/Object;)I 0 0 1 0 -1
ciMethodData java/lang/invoke/Invokers checkExactType (Ljava/lang/invoke/MethodHandle;Ljava/lang/invoke/MethodType;)V 2 577285 orig 80 0 0 0 0 0 0 0 0 0 0 0 0 226 2 0 0 0 0 0 0 0 0 0 0 0 0 0 0 0 0 0 0 0 0 0 0 0 0 0 0 0 0 0 0 0 0 0 0 0 0 0 0 0 0 0 0 0 0 0 0 0 0 0 0 0 0 0 0 0 0 0 0 0 0 0 0 0 0 0 0 data 23 0x10005 0x13 0x0 0x2e26543c700 0x8cd85 0x2e260b09350 0x6f 0x70007 0x8ce07 0x30 0x0 0xc0002 0x0 0x0 0x0 0x0 0x0 0x0 0x0 0x9 0x2 0x0 0x0 oops 2 3 java/lang/invoke/BoundMethodHandle$Species_I 5 java/lang/invoke/DirectMethodHandle methods 0
ciMethodData java/lang/invoke/Invokers getCallSiteTarget (Ljava/lang/invoke/CallSite;)Ljava/lang/invoke/MethodHandle; 2 597493 orig 80 0 0 0 0 0 0 0 0 0 0 0 0 226 2 0 0 0 0 0 0 0 0 0 0 0 0 0 0 0 0 0 0 0 0 0 0 0 0 0 0 0 0 0 0 0 0 0 0 0 0 0 0 0 0 0 0 0 0 0 0 0 0 0 0 0 0 0 0 0 0 0 0 0 0 0 0 0 0 0 0 data 16 0x10005 0x874d3 0x0 0x2e265437840 0x4cd 0x2e266c96d00 0xa2df 0x0 0x0 0x0 0x0 0x0 0x0 0x9 0x1 0x0 oops 2 3 org/robolectric/internal/bytecode/RoboCallSite 5 org/robolectric/internal/bytecode/MethodCallSite methods 0
ciMethodData java/lang/invoke/DirectMethodHandle$Holder invokeVirtual (Ljava/lang/Object;Ljava/lang/Object;)Ljava/lang/Object; 2 544141 orig 80 0 0 0 0 0 0 0 0 0 0 0 0 226 2 0 0 0 0 0 0 0 0 0 0 0 0 0 0 0 0 0 0 0 0 0 0 0 0 0 0 0 0 0 0 0 0 0 0 0 0 0 0 0 0 0 0 0 0 0 0 0 0 0 0 0 0 0 0 0 0 0 0 0 0 0 0 0 0 0 0 data 37 0x1000a 0x84c09 0x3 0x0 0x2e260b09350 0x2e260b09500 0x70004 0x0 0x0 0x0 0x0 0x0 0x0 0xa000a 0x84c09 0x5 0x0 0x2e260b09aa0 0x1 0x2e260b09500 0x2e26543c700 0x0 0x0 0x0 0x0 0x0 0x0 0x9 0x2 0x0 0x0 0xc 0x4 0x0 0x2e260b09350 0x1 0x2e260b09aa0 oops 7 4 java/lang/invoke/DirectMethodHandle 5 java/lang/invoke/MemberName 17 java/lang/invoke/MutableCallSite 19 java/lang/invoke/MemberName 20 java/lang/invoke/BoundMethodHandle$Species_I 34 java/lang/invoke/DirectMethodHandle 36 java/lang/invoke/MutableCallSite methods 0
ciMethod java/lang/invoke/MethodHandle invokeBasic (Ljava/lang/Object;Ljava/lang/Object;Ljava/lang/Object;Ljava/lang/Object;Ljava/lang/Object;Ljava/lang/Object;)V 0 0 1 0 -1
ciMethod java/lang/invoke/MethodHandle invokeBasic (Ljava/lang/Object;Ljava/lang/Object;Ljava/lang/Object;Ljava/lang/Object;Ljava/lang/Object;)V 0 0 1 0 -1
ciMethod java/lang/invoke/MethodHandle invokeBasic (Ljava/lang/Object;Ljava/lang/Object;Ljava/lang/Object;Ljava/lang/Object;)I 0 0 1 0 -1
ciMethod java/lang/invoke/MethodHandle linkToSpecial (Ljava/lang/Object;Ljava/lang/Object;ILjava/lang/Object;Ljava/lang/invoke/MemberName;)Ljava/lang/Object; 0 0 1 0 -1
ciMethod java/lang/invoke/MethodHandle invokeBasic (Ljava/lang/Object;Ljava/lang/Object;ILjava/lang/Object;)Ljava/lang/Object; 0 0 1 0 -1
ciMethod java/lang/invoke/MethodHandle invokeBasic (Ljava/lang/Object;Ljava/lang/Object;ILjava/lang/Object;)V 0 0 1 0 -1
ciMethodData java/lang/invoke/DirectMethodHandle$Holder invokeSpecial (Ljava/lang/Object;Ljava/lang/Object;Ljava/lang/Object;)Ljava/lang/Object; 2 28802 orig 80 0 0 0 0 0 0 0 0 0 0 0 0 226 2 0 0 0 0 0 0 0 0 0 0 0 0 0 0 0 0 0 0 0 0 0 0 0 0 0 0 0 0 0 0 0 0 0 0 0 0 0 0 0 0 0 0 0 0 0 0 0 0 0 0 0 0 0 0 0 0 0 0 0 0 0 0 0 0 0 0 data 38 0x1000a 0x6f82 0x3 0x0 0x2 0x2e260b09500 0x80004 0x0 0x0 0x0 0x0 0x0 0x0 0xb000a 0x6f82 0x5 0x0 0x2 0x1 0x3 0x3 0x0 0x0 0x0 0x0 0x0 0x0 0x9 0x3 0x0 0x0 0x0 0xc 0x4 0x0 0x2 0x1 0x2 oops 1 5 java/lang/invoke/MemberName methods 0
ciMethod java/lang/invoke/MethodHandle invokeBasic (Ljava/lang/Object;Ljava/lang/Object;Ljava/lang/Object;ILjava/lang/Object;)Ljava/lang/Object; 0 0 1 0 -1
ciMethod java/lang/invoke/MethodHandle invokeBasic (Ljava/lang/Object;Ljava/lang/Object;ILjava/lang/Object;)I 0 0 1 0 -1
ciMethodData java/lang/invoke/Invokers$Holder linkToCallSite (Ljava/lang/Object;Ljava/lang/Object;)Ljava/lang/Object; 2 51049 orig 80 0 0 0 0 0 0 0 0 0 0 0 0 226 2 0 0 0 0 0 0 0 0 0 0 0 0 0 0 0 0 0 0 0 0 0 0 0 0 0 0 0 0 0 0 0 0 0 0 0 0 0 0 0 0 0 0 0 0 0 0 0 0 0 0 0 0 0 0 0 0 0 0 0 0 0 0 0 0 0 0 data 47 0x10004 0x0 0x0 0x2e265437840 0x428 0x2e266c96d00 0x9a5 0x4000a 0xc5e9 0x3 0x0 0x2 0x2e266c97b30 0x90004 0x0 0x0 0x0 0x0 0x0 0x0 0xd000b 0xc5e9 0x0 0x0 0x0 0x0 0x0 0x3 0x1 0x2 0x3 0x0 0x0 0x0 0x0 0x0 0x0 0x9 0x2 0x0 0x0 0xc 0x4 0x0 0x2 0x1 0x2 oops 3 3 org/robolectric/internal/bytecode/RoboCallSite 5 org/robolectric/internal/bytecode/MethodCallSite 12 java/lang/invoke/BoundMethodHandle$Species_LLLL methods 0
ciMethod java/lang/invoke/MethodHandle invokeBasic (Ljava/lang/Object;Ljava/lang/Object;Ljava/lang/Object;Ljava/lang/Object;Ljava/lang/Object;)I 0 0 1 0 -1
ciMethod java/lang/invoke/MethodHandle linkToStatic (JJLjava/lang/invoke/MemberName;)I 0 0 1 0 -1
ciMethod java/lang/invoke/MethodHandle invokeBasic (JJ)I 0 0 1 0 -1
ciMethod java/lang/invoke/MethodHandle invokeBasic (Ljava/lang/Object;JJ)I 0 0 1 0 -1
ciMethod java/lang/invoke/MethodHandle linkToStatic (JJLjava/lang/invoke/MemberName;)V 0 0 1 0 -1
ciMethod java/lang/invoke/MethodHandle invokeBasic (JJ)V 0 0 1 0 -1
ciMethod java/lang/invoke/MethodHandle invokeBasic (Ljava/lang/Object;JJ)V 0 0 1 0 -1
ciMethod java/lang/invoke/MethodHandle invokeBasic (Ljava/lang/Object;Ljava/lang/Object;Ljava/lang/Object;ILjava/lang/Object;)V 0 0 1 0 -1
ciMethod java/lang/invoke/MethodHandle linkToStatic (JJILjava/lang/invoke/MemberName;)Ljava/lang/Object; 0 0 1 0 -1
ciMethod java/lang/invoke/MethodHandle invokeBasic (JJI)Ljava/lang/Object; 0 0 1 0 -1
ciMethod java/lang/invoke/MethodHandle invokeBasic (Ljava/lang/Object;JJI)Ljava/lang/Object; 0 0 1 0 -1
ciMethod java/lang/invoke/MethodHandle invokeBasic (JJI)I 0 0 1 0 -1
ciMethodData java/lang/invoke/DirectMethodHandle$Holder invokeSpecial (Ljava/lang/Object;Ljava/lang/Object;)V 2 104760 orig 80 0 0 0 0 0 0 0 0 0 0 0 0 226 2 0 0 0 0 0 0 0 0 0 0 0 0 0 0 0 0 0 0 0 0 0 0 0 0 0 0 0 0 0 0 0 0 0 0 0 0 0 0 0 0 0 0 0 0 0 0 0 0 0 0 0 0 0 0 0 0 0 0 0 0 0 0 0 0 0 0 data 36 0x1000a 0x197b8 0x3 0x0 0x2e265b935b0 0x2e260b09500 0x70004 0x0 0x0 0x0 0x0 0x0 0x0 0xa000a 0x197b8 0x4 0x0 0x2 0x1 0x2e260b09500 0x0 0x0 0x0 0x0 0x0 0x0 0x9 0x2 0x0 0x0 0xc 0x4 0x0 0x2e265b935b0 0x1 0x2 oops 4 4 java/lang/invoke/DirectMethodHandle$Special 5 java/lang/invoke/MemberName 19 java/lang/invoke/MemberName 33 java/lang/invoke/DirectMethodHandle$Special methods 0
ciMethodData java/lang/invoke/Invokers$Holder linkToCallSite (Ljava/lang/Object;Ljava/lang/Object;Ljava/lang/Object;)Ljava/lang/Object; 2 24294 orig 80 0 0 0 0 0 0 0 0 0 0 0 0 226 2 0 0 0 0 0 0 0 0 0 0 0 0 0 0 0 0 0 0 0 0 0 0 0 0 0 0 0 0 0 0 0 0 0 0 0 0 0 0 0 0 0 0 0 0 0 0 0 0 0 0 0 0 0 0 0 0 0 0 0 0 0 0 0 0 0 0 data 50 0x10004 0x0 0x0 0x2e266c96d00 0x882 0x0 0x0 0x4000a 0x5de5 0x3 0x0 0x2e266c96d00 0x2e266c97b30 0x90004 0x0 0x0 0x0 0x0 0x0 0x0 0xe000b 0x5de5 0x0 0x0 0x0 0x0 0x0 0x5 0x1 0x2 0x2 0x3 0x3 0x0 0x0 0x0 0x0 0x0 0x0 0x9 0x3 0x0 0x0 0x0 0xc 0x4 0x0 0x2 0x1 0x3 oops 3 3 org/robolectric/internal/bytecode/MethodCallSite 11 org/robolectric/internal/bytecode/MethodCallSite 12 java/lang/invoke/BoundMethodHandle$Species_LLLL methods 0
ciMethodData java/lang/invoke/DelegatingMethodHandle$Holder delegate (Ljava/lang/Object;Ljava/lang/Object;)V 2 121063 orig 80 0 0 0 0 0 0 0 0 0 0 0 0 226 2 0 0 0 0 0 0 0 0 0 0 0 0 0 0 0 0 0 0 0 0 0 0 0 0 0 0 0 0 0 0 0 0 0 0 0 0 0 0 0 0 0 0 0 0 0 0 0 0 0 0 0 0 0 0 0 0 0 0 0 0 0 0 0 0 0 0 data 49 0x10004 0x0 0x0 0x2e26543a500 0xd38 0x0 0x0 0x4000b 0x0 0x0 0x2e26543a500 0x1d7e7 0x0 0x0 0x1 0x2e265b99b40 0x90004 0x0 0x0 0x0 0x0 0x0 0x0 0xd000b 0x1d7e7 0x0 0x0 0x0 0x0 0x0 0x2 0x1 0x2 0x0 0x0 0x0 0x0 0x0 0x0 0x9 0x2 0x0 0x0 0xc 0x4 0x0 0x2e26543a500 0x1 0x2 oops 4 3 java/lang/invoke/MethodHandleImpl$CountingWrapper 10 java/lang/invoke/MethodHandleImpl$CountingWrapper 15 java/lang/invoke/BoundMethodHandle$Species_LLLLL 46 java/lang/invoke/MethodHandleImpl$CountingWrapper methods 0
ciMethodData java/lang/invoke/DelegatingMethodHandle$Holder delegate (Ljava/lang/Object;Ljava/lang/Object;Ljava/lang/Object;)V 2 53548 orig 80 0 0 0 0 0 0 0 0 0 0 0 0 226 2 0 0 0 0 0 0 0 0 0 0 0 0 0 0 0 0 0 0 0 0 0 0 0 0 0 0 0 0 0 0 0 0 0 0 0 0 0 0 0 0 0 0 0 0 0 0 0 0 0 0 0 0 0 0 0 0 0 0 0 0 0 0 0 0 0 0 data 52 0x10004 0x0 0x0 0x2e26543a500 0x15f0 0x0 0x0 0x4000b 0x0 0x0 0x2e26543a500 0xcfa1 0x0 0x0 0x1 0x2e265b99b40 0x90004 0x0 0x0 0x2e265b99b40 0x3 0x0 0x0 0xe000b 0xcfa1 0x0 0x0 0x0 0x0 0x0 0x4 0x1 0x2 0x2 0x3 0x0 0x0 0x0 0x0 0x0 0x0 0x9 0x3 0x0 0x0 0x0 0xc 0x4 0x0 0x2e26543a500 0x1 0x2 oops 5 3 java/lang/invoke/MethodHandleImpl$CountingWrapper 10 java/lang/invoke/MethodHandleImpl$CountingWrapper 15 java/lang/invoke/BoundMethodHandle$Species_LLLLL 19 java/lang/invoke/BoundMethodHandle$Species_LLLLL 49 java/lang/invoke/MethodHandleImpl$CountingWrapper methods 0
ciMethodData java/lang/invoke/DelegatingMethodHandle$Holder delegate (Ljava/lang/Object;Ljava/lang/Object;)I 2 66364 orig 80 0 0 0 0 0 0 0 0 0 0 0 0 226 2 0 0 0 0 0 0 0 0 0 0 0 0 0 0 0 0 0 0 0 0 0 0 0 0 0 0 0 0 0 0 0 0 0 0 0 0 0 0 0 0 0 0 0 0 0 0 0 0 0 0 0 0 0 0 0 0 0 0 0 0 0 0 0 0 0 0 data 49 0x10004 0x0 0x0 0x2e26543a500 0xadc 0x0 0x0 0x4000b 0x0 0x0 0x2e26543a500 0x10231 0x0 0x0 0x1 0x2e265b99b40 0x90004 0x0 0x0 0x0 0x0 0x0 0x0 0xd000b 0x10231 0x0 0x0 0x0 0x0 0x0 0x2 0x1 0x3 0x0 0x0 0x0 0x0 0x0 0x0 0x9 0x2 0x0 0x0 0xc 0x4 0x0 0x2e26543a500 0x1 0x3 oops 4 3 java/lang/invoke/MethodHandleImpl$CountingWrapper 10 java/lang/invoke/MethodHandleImpl$CountingWrapper 15 java/lang/invoke/BoundMethodHandle$Species_LLLLL 46 java/lang/invoke/MethodHandleImpl$CountingWrapper methods 0
ciMethodData java/lang/invoke/DelegatingMethodHandle$Holder delegate (Ljava/lang/Object;Ljava/lang/Object;I)I 2 35425 orig 80 0 0 0 0 0 0 0 0 0 0 0 0 226 2 0 0 0 0 0 0 0 0 0 0 0 0 0 0 0 0 0 0 0 0 0 0 0 0 0 0 0 0 0 0 0 0 0 0 0 0 0 0 0 0 0 0 0 0 0 0 0 0 0 0 0 0 0 0 0 0 0 0 0 0 0 0 0 0 0 0 data 50 0x10004 0x0 0x0 0x2e26543a500 0x7d8 0x0 0x0 0x4000b 0x0 0x0 0x2e26543a500 0x8958 0x0 0x0 0x1 0x2e265b99b40 0x90004 0x0 0x0 0x2e265b99b40 0x2 0x0 0x0 0xe000b 0x8958 0x0 0x0 0x0 0x0 0x0 0x2 0x1 0x2 0x0 0x0 0x0 0x0 0x0 0x0 0x9 0x3 0x0 0x0 0x0 0xc 0x4 0x0 0x2e26543a500 0x1 0x2 oops 5 3 java/lang/invoke/MethodHandleImpl$CountingWrapper 10 java/lang/invoke/MethodHandleImpl$CountingWrapper 15 java/lang/invoke/BoundMethodHandle$Species_LLLLL 19 java/lang/invoke/BoundMethodHandle$Species_LLLLL 47 java/lang/invoke/MethodHandleImpl$CountingWrapper methods 0
ciMethodData java/lang/invoke/DelegatingMethodHandle$Holder delegate (Ljava/lang/Object;Ljava/lang/Object;)Ljava/lang/Object; 2 45942 orig 80 0 0 0 0 0 0 0 0 0 0 0 0 226 2 0 0 0 0 0 0 0 0 0 0 0 0 0 0 0 0 0 0 0 0 0 0 0 0 0 0 0 0 0 0 0 0 0 0 0 0 0 0 0 0 0 0 0 0 0 0 0 0 0 0 0 0 0 0 0 0 0 0 0 0 0 0 0 0 0 0 data 50 0x10004 0x0 0x0 0x2e26543a500 0xa8a 0x0 0x0 0x4000b 0x0 0x0 0x2e26543a500 0xb1f5 0x0 0x0 0x1 0x2 0x90004 0x0 0x0 0x0 0x0 0x0 0x0 0xd000b 0xb1f6 0x0 0x0 0x0 0x0 0x0 0x3 0x1 0x2 0x3 0x0 0x0 0x0 0x0 0x0 0x0 0x9 0x2 0x0 0x0 0xc 0x4 0x0 0x2e26543a500 0x1 0x2 oops 3 3 java/lang/invoke/MethodHandleImpl$CountingWrapper 10 java/lang/invoke/MethodHandleImpl$CountingWrapper 47 java/lang/invoke/MethodHandleImpl$CountingWrapper methods 0
ciMethodData java/lang/ThreadLocal$ThreadLocalMap nextIndex (II)I 1 857 orig 80 0 0 0 0 0 0 0 0 0 0 0 0 226 2 0 0 0 0 0 0 0 0 0 0 0 0 0 0 0 0 0 0 0 0 0 0 0 0 0 0 0 0 0 0 0 0 0 0 0 0 0 0 0 0 0 0 0 0 0 0 0 0 0 0 0 0 0 0 0 0 0 0 0 0 0 0 0 0 0 0 data 12 0x40007 0x8 0x38 0x251 0xa0003 0x251 0x18 0x0 0x9 0x2 0x0 0x0 oops 0 methods 0
ciMethodData java/lang/invoke/DelegatingMethodHandle$Holder delegate (Ljava/lang/Object;Ljava/lang/Object;Ljava/lang/Object;)Ljava/lang/Object; 2 23985 orig 80 0 0 0 0 0 0 0 0 0 0 0 0 0 0 0 0 0 0 0 0 0 0 0 0 0 0 0 0 0 0 0 0 0 0 0 0 0 0 0 0 0 0 0 0 0 0 0 0 0 0 0 0 0 0 0 0 0 0 0 0 0 0 0 0 0 0 0 0 0 0 0 0 0 0 0 0 0 0 0 0 data 53 0x10004 0x0 0x0 0x2e26543a500 0x64d 0x0 0x0 0x4000b 0x0 0x0 0x2e26543a500 0x5bb2 0x0 0x0 0x1 0x2e265b99b40 0x90004 0x0 0x0 0x2e265b99b40 0x6 0x0 0x0 0xe000b 0x5bb2 0x0 0x0 0x0 0x0 0x0 0x5 0x1 0x2 0x2 0x2e260b07330 0x3 0x0 0x0 0x0 0x0 0x0 0x0 0x9 0x3 0x0 0x0 0x0 0xc 0x4 0x0 0x2e26543a500 0x1 0x2 oops 6 3 java/lang/invoke/MethodHandleImpl$CountingWrapper 10 java/lang/invoke/MethodHandleImpl$CountingWrapper 15 java/lang/invoke/BoundMethodHandle$Species_LLLLL 19 java/lang/invoke/BoundMethodHandle$Species_LLLLL 34 java/lang/String 50 java/lang/invoke/MethodHandleImpl$CountingWrapper methods 0
ciMethodData java/lang/invoke/DirectMethodHandle$Holder invokeSpecial (Ljava/lang/Object;Ljava/lang/Object;)Ljava/lang/Object; 2 26113 orig 80 0 0 0 0 0 0 0 0 0 0 0 0 0 0 0 0 0 0 0 0 0 0 0 0 0 0 0 0 0 0 0 0 0 0 0 0 0 0 0 0 0 0 0 0 0 0 0 0 0 0 0 0 0 0 0 0 0 0 0 0 0 0 0 0 0 0 0 0 0 0 0 0 0 0 0 0 0 0 0 0 data 37 0x1000a 0x6402 0x3 0x0 0x2e265b935b0 0x2e260b09500 0x70004 0x0 0x0 0x2e260b09500 0x1 0x0 0x0 0xa000a 0x6402 0x5 0x0 0x2 0x1 0x2e260b09500 0x3 0x0 0x0 0x0 0x0 0x0 0x0 0x9 0x2 0x0 0x0 0xc 0x4 0x0 0x2e265b935b0 0x1 0x2 oops 5 4 java/lang/invoke/DirectMethodHandle$Special 5 java/lang/invoke/MemberName 9 java/lang/invoke/MemberName 19 java/lang/invoke/MemberName 34 java/lang/invoke/DirectMethodHandle$Special methods 0
ciMethodData java/lang/invoke/DirectMethodHandle$Holder invokeStatic (Ljava/lang/Object;Ljava/lang/Object;)I 2 22066 orig 80 0 0 0 0 0 0 0 0 0 0 0 0 226 2 0 0 0 0 0 0 0 0 0 0 0 0 0 0 0 0 0 0 0 0 0 0 0 0 0 0 0 0 0 0 0 0 0 0 0 0 0 0 0 0 0 0 0 0 0 0 0 0 0 0 0 0 0 0 0 0 0 0 0 0 0 0 0 0 0 0 data 36 0x1000a 0x54a3 0x3 0x0 0x2e260b09350 0x2e260b09500 0x70004 0x0 0x0 0x2e260b09500 0x1 0x0 0x0 0xa000a 0x54a3 0x4 0x0 0x3 0x1 0x2e260b09500 0x0 0x0 0x0 0x0 0x0 0x0 0x9 0x2 0x0 0x0 0xc 0x4 0x0 0x2e260b09350 0x1 0x3 oops 5 4 java/lang/invoke/DirectMethodHandle 5 java/lang/invoke/MemberName 9 java/lang/invoke/MemberName 19 java/lang/invoke/MemberName 33 java/lang/invoke/DirectMethodHandle methods 0
ciMethodData java/lang/invoke/Invokers$Holder linkToCallSite (Ljava/lang/Object;)Ljava/lang/Object; 2 18125 orig 80 0 0 0 0 0 0 0 0 0 0 0 0 226 2 0 0 0 0 0 0 0 0 0 0 0 0 0 0 0 0 0 0 0 0 0 0 0 0 0 0 0 0 0 0 0 0 0 0 0 0 0 0 0 0 0 0 0 0 0 0 0 0 0 0 0 0 0 0 0 0 0 0 0 0 0 0 0 0 0 0 data 42 0x10004 0x0 0x0 0x2e266c96d00 0x2b9 0x0 0x0 0x4000a 0x45cd 0x3 0x0 0x2e266c96d00 0x2e266c97b30 0x90004 0x0 0x0 0x2e266c97b30 0x1 0x0 0x0 0xc000b 0x45cd 0x0 0x0 0x0 0x0 0x0 0x1 0x3 0x0 0x0 0x0 0x0 0x0 0x0 0x9 0x1 0x0 0xc 0x2 0x0 0x2e266c96d00 oops 5 3 org/robolectric/internal/bytecode/MethodCallSite 11 org/robolectric/internal/bytecode/MethodCallSite 12 java/lang/invoke/BoundMethodHandle$Species_LLLL 16 java/lang/invoke/BoundMethodHandle$Species_LLLL 41 org/robolectric/internal/bytecode/MethodCallSite methods 0
ciMethodData java/lang/invoke/DirectMethodHandle$Holder invokeStatic (Ljava/lang/Object;)Ljava/lang/Object; 2 9460 orig 80 0 0 0 0 0 0 0 0 0 0 0 0 226 2 0 0 0 0 0 0 0 0 0 0 0 0 0 0 0 0 0 0 0 0 0 0 0 0 0 0 0 0 0 0 0 0 0 0 0 0 0 0 0 0 0 0 0 0 0 0 0 0 0 0 0 0 0 0 0 0 0 0 0 0 0 0 0 0 0 0 data 32 0x1000a 0x23f4 0x3 0x0 0x2e260b09350 0x2e260b09500 0x60004 0x0 0x0 0x0 0x0 0x0 0x0 0x9000a 0x23f4 0x3 0x0 0x2e260b09500 0x3 0x0 0x0 0x0 0x0 0x0 0x0 0x9 0x1 0x0 0xc 0x2 0x0 0x2e260b09350 oops 4 4 java/lang/invoke/DirectMethodHandle 5 java/lang/invoke/MemberName 17 java/lang/invoke/MemberName 31 java/lang/invoke/DirectMethodHandle methods 0
ciMethodData java/lang/invoke/Invokers$Holder linkToCallSite (Ljava/lang/Object;ILjava/lang/Object;)Ljava/lang/Object; 2 18837 orig 80 0 0 0 0 0 0 0 0 0 0 0 0 226 2 0 0 0 0 0 0 0 0 0 0 0 0 0 0 0 0 0 0 0 0 0 0 0 0 0 0 0 0 0 0 0 0 0 0 0 0 0 0 0 0 0 0 0 0 0 0 0 0 0 0 0 0 0 0 0 0 0 0 0 0 0 0 0 0 0 0 data 48 0x10004 0x0 0x0 0x2e266c96d00 0x864 0x0 0x0 0x4000a 0x4880 0x3 0x0 0x2e266c96d00 0x2e266c97b30 0x90004 0x0 0x0 0x2e266c97b30 0x31 0x0 0x0 0xe000b 0x4880 0x0 0x0 0x0 0x0 0x0 0x3 0x1 0x2 0x3 0x0 0x0 0x0 0x0 0x0 0x0 0x9 0x3 0x0 0x0 0x0 0xc 0x4 0x0 0x2 0x2 0x2e266c96d00 oops 5 3 org/robolectric/internal/bytecode/MethodCallSite 11 org/robolectric/internal/bytecode/MethodCallSite 12 java/lang/invoke/BoundMethodHandle$Species_LLLL 16 java/lang/invoke/BoundMethodHandle$Species_LLLL 47 org/robolectric/internal/bytecode/MethodCallSite methods 0
ciMethod java/lang/invoke/LambdaForm$MH+0x000002e201229800 guardWithCatch (Ljava/lang/Object;Ljava/lang/Object;Ljava/lang/Object;Ljava/lang/Object;)V 770 0 11357 0 -1
ciMethod java/lang/invoke/LambdaForm$MH+0x000002e20122a400 invoke (Ljava/lang/Object;Ljava/lang/Object;Ljava/lang/Object;Ljava/lang/Object;)I 516 0 18687 0 -1
ciMethod java/lang/invoke/LambdaForm$DMH+0x000002e20122a800 invokeSpecial (Ljava/lang/Object;Ljava/lang/Object;Ljava/lang/Object;Ljava/lang/Object;Ljava/lang/Object;)I 1024 0 15132 0 -1
ciMethodData java/lang/invoke/LambdaForm$DMH+0x000002e20122a800 invokeSpecial (Ljava/lang/Object;Ljava/lang/Object;Ljava/lang/Object;Ljava/lang/Object;Ljava/lang/Object;)I 2 15132 orig 80 0 0 0 0 0 0 0 0 0 0 0 0 0 0 0 0 0 0 0 0 0 0 0 0 0 0 0 0 0 0 0 0 0 0 0 0 0 0 0 0 0 0 0 0 0 0 0 0 0 0 0 0 0 0 0 0 0 0 0 0 0 0 0 0 0 0 0 0 0 0 0 0 0 0 0 0 0 0 0 0 data 39 0x1000a 0x391d 0x3 0x0 0x2e265b935b0 0x2e260b09500 0xd0004 0x0 0x0 0x2e260b09500 0x9 0x0 0x0 0x10000a 0x391d 0x4 0x0 0x2 0x1 0x2e260b07330 0x0 0x0 0x0 0x0 0x0 0x0 0x9 0x5 0x0 0x0 0x0 0x0 0x0 0xc 0x4 0x0 0x2e265b935b0 0x1 0x2 oops 5 4 java/lang/invoke/DirectMethodHandle$Special 5 java/lang/invoke/MemberName 9 java/lang/invoke/MemberName 19 java/lang/String 36 java/lang/invoke/DirectMethodHandle$Special methods 0
ciMethod java/lang/invoke/LambdaForm$MH+0x000002e20122b000 guard (Ljava/lang/Object;Ljava/lang/Object;Ljava/lang/Object;Ljava/lang/Object;)V 768 0 11355 0 -1
ciMethod java/lang/invoke/LambdaForm$MH+0x000002e20122b400 linkToCallSite (Ljava/lang/Object;Ljava/lang/Object;Ljava/lang/Object;Ljava/lang/Object;)V 768 0 11355 0 -1
ciMethodData java/lang/invoke/LambdaForm$MH+0x000002e20122b400 linkToCallSite (Ljava/lang/Object;Ljava/lang/Object;Ljava/lang/Object;Ljava/lang/Object;)V 2 11355 orig 80 0 0 0 0 0 0 0 0 0 0 0 0 226 2 0 0 0 0 0 0 0 0 0 0 0 0 0 0 0 0 0 0 0 0 0 0 0 0 0 0 0 0 0 0 0 0 0 0 0 0 0 0 0 0 0 0 0 0 0 0 0 0 0 0 0 0 0 0 0 0 0 0 0 0 0 0 0 0 0 0 data 50 0x10004 0x0 0x0 0x2e266c96d00 0x2fc 0x0 0x0 0x4000a 0x2adb 0x3 0x0 0x2e266c96d00 0x2e266c97b30 0xb0004 0x0 0x0 0x0 0x0 0x0 0x0 0x11000b 0x2adb 0x0 0x0 0x0 0x0 0x0 0x4 0x1 0x2 0x2 0x3 0x0 0x0 0x0 0x0 0x0 0x0 0x9 0x4 0x0 0x0 0x0 0x0 0xc 0x4 0x0 0x2 0x1 0x3 oops 3 3 org/robolectric/internal/bytecode/MethodCallSite 11 org/robolectric/internal/bytecode/MethodCallSite 12 java/lang/invoke/BoundMethodHandle$Species_LLLL methods 0
ciMethod java/lang/invoke/LambdaForm$MH+0x000002e20122b800 invoke (Ljava/lang/Object;)I 516 0 7461 0 -1
ciMethodData java/lang/invoke/LambdaForm$MH+0x000002e20122b800 invoke (Ljava/lang/Object;)I 2 7461 orig 80 0 0 0 0 0 0 0 0 0 0 0 0 226 2 0 0 0 0 0 0 0 0 0 0 0 0 0 0 0 0 0 0 0 0 0 0 0 0 0 0 0 0 0 0 0 0 0 0 0 0 0 0 0 0 0 0 0 0 0 0 0 0 0 0 0 0 0 0 0 0 0 0 0 0 0 0 0 0 0 0 data 27 0x30004 0x0 0x0 0x0 0x0 0x0 0x0 0x80004 0x0 0x0 0x0 0x0 0x0 0x0 0x0 0x0 0x0 0x0 0x0 0x0 0x9 0x1 0x0 0xc 0x2 0x0 0x2e26543c700 oops 1 26 java/lang/invoke/BoundMethodHandle$Species_I methods 0
ciMethod android/database/sqlite/SQLiteDatabase $$robo$$android_database_sqlite_SQLiteDatabase$getThreadSession ()Landroid/database/sqlite/SQLiteSession; 516 0 9161 0 512
ciMethod android/database/sqlite/SQLiteDatabase $$robo$$android_database_sqlite_SQLiteDatabase$getThreadDefaultConnectionFlags (Z)I 768 0 6570 0 1184
ciMethod android/database/sqlite/SQLiteDatabase $$robo$$android_database_sqlite_SQLiteDatabase$isMainThread ()Z 770 0 6570 0 1024
ciMethod android/database/sqlite/SQLiteDatabase getThreadSession ()Landroid/database/sqlite/SQLiteSession; 516 0 11720 0 0
ciMethod android/database/sqlite/SQLiteDatabase getThreadDefaultConnectionFlags (Z)I 768 0 10754 0 0
ciMethod android/database/sqlite/SQLiteDatabase isMainThread ()Z 768 0 6570 0 0
ciMethod android/database/sqlite/SQLiteClosable $$robo$$android_database_sqlite_SQLiteClosable$__constructor__ ()V 740 0 5714 0 0
ciMethod android/database/sqlite/SQLiteClosable <init> ()V 740 0 5712 0 0
ciMethod android/database/sqlite/SQLiteClosable $$robo$init ()V 0 0 1 0 -1
ciMethodData java/lang/invoke/LambdaForm$MH+0x000002e201191c00 invoke (Ljava/lang/Object;Ljava/lang/Object;)I 2 233448 orig 80 0 0 0 0 0 0 0 0 0 0 0 0 226 2 0 0 0 0 0 0 0 0 0 0 0 0 0 0 0 0 0 0 0 0 0 0 0 0 0 0 0 0 0 0 0 0 0 0 0 0 0 0 0 0 0 0 0 0 0 0 0 0 0 0 0 0 0 0 0 0 0 0 0 0 0 0 0 0 0 0 data 72 0x10004 0x0 0x0 0x2e26543a450 0x1335 0x0 0x0 0xb0004 0x0 0x0 0x2e26543a450 0x1335 0x0 0x0 0xe000b 0x38edd 0x0 0x0 0x0 0x0 0x0 0x1 0x2e26543c700 0x190004 0x0 0x0 0x2e26543c700 0x38edd 0x0 0x0 0x200004 0x0 0x0 0x2e260b09740 0x1335 0x0 0x0 0x23000a 0x38edd 0x4 0x0 0x2e26543c700 0x1 0x2e260b09740 0x27000a 0x38edd 0x2 0x0 0x2e26543c700 0x2b0005 0x38edd 0x0 0x0 0x0 0x0 0x0 0x0 0x0 0x0 0x0 0x0 0x0 0x9 0x2 0x0 0x0 0xc 0x4 0x0 0x2e26543a450 0x1 0x3 oops 9 3 java/lang/invoke/BoundMethodHandle$Species_LL 10 java/lang/invoke/BoundMethodHandle$Species_LL 22 java/lang/invoke/BoundMethodHandle$Species_I 26 java/lang/invoke/BoundMethodHandle$Species_I 33 java/lang/invoke/MethodType 41 java/lang/invoke/BoundMethodHandle$Species_I 43 java/lang/invoke/MethodType 48 java/lang/invoke/BoundMethodHandle$Species_I 69 java/lang/invoke/BoundMethodHandle$Species_LL methods 0
ciMethod java/lang/invoke/LambdaForm$MH+0x000002e20127cc00 delegate (Ljava/lang/Object;Ljava/lang/Object;Ljava/lang/Object;Ljava/lang/Object;Ljava/lang/Object;Ljava/lang/Object;)V 516 0 6220 0 -1
ciMethodData java/lang/invoke/LambdaForm$MH+0x000002e20127cc00 delegate (Ljava/lang/Object;Ljava/lang/Object;Ljava/lang/Object;Ljava/lang/Object;Ljava/lang/Object;Ljava/lang/Object;)V 2 6220 orig 80 0 0 0 0 0 0 0 0 0 0 0 0 226 2 0 0 0 0 0 0 0 0 0 0 0 0 0 0 0 0 0 0 0 0 0 0 0 0 0 0 0 0 0 0 0 0 0 0 0 0 0 0 0 0 0 0 0 0 0 0 0 0 0 0 0 0 0 0 0 0 0 0 0 0 0 0 0 0 0 0 data 55 0x10004 0x0 0x0 0x2e26543a500 0x1d2 0x0 0x0 0x4000b 0x0 0x0 0x2e26543a500 0x174a 0x0 0x0 0x1 0x2e265b99b40 0xb0004 0x0 0x0 0x0 0x0 0x0 0x0 0x15000b 0x174a 0x0 0x0 0x0 0x0 0x0 0x4 0x1 0x2 0x2 0x2e266c90bb0 0x0 0x0 0x0 0x0 0x0 0x0 0x9 0x6 0x0 0x0 0x0 0x0 0x0 0x0 0xc 0x4 0x0 0x2e26543a500 0x1 0x2 oops 5 3 java/lang/invoke/MethodHandleImpl$CountingWrapper 10 java/lang/invoke/MethodHandleImpl$CountingWrapper 15 java/lang/invoke/BoundMethodHandle$Species_LLLLL 34 android/database/sqlite/SQLiteDatabase 52 java/lang/invoke/MethodHandleImpl$CountingWrapper methods 0
ciMethod java/lang/invoke/LambdaForm$MH+0x000002e20127d400 invoke (Ljava/lang/Object;Ljava/lang/Object;Ljava/lang/Object;Ljava/lang/Object;Ljava/lang/Object;)I 514 0 22254 0 -1
ciMethod java/lang/invoke/LambdaForm$DMH+0x000002e20127fc00 invokeSpecial (Ljava/lang/Object;Ljava/lang/Object;Ljava/lang/Object;ILjava/lang/Object;)Ljava/lang/Object; 744 0 1966 0 -1
ciMethodData java/lang/invoke/LambdaForm$DMH+0x000002e20127fc00 invokeSpecial (Ljava/lang/Object;Ljava/lang/Object;Ljava/lang/Object;ILjava/lang/Object;)Ljava/lang/Object; 2 1966 orig 80 0 0 0 0 0 0 0 0 0 0 0 0 226 2 0 0 0 0 0 0 0 0 0 0 0 0 0 0 0 0 0 0 0 0 0 0 0 0 0 0 0 0 0 0 0 0 0 0 0 0 0 0 0 0 0 0 0 0 0 0 0 0 0 0 0 0 0 0 0 0 0 0 0 0 0 0 0 0 0 0 data 40 0x1000a 0x63a 0x3 0x0 0x2e265b935b0 0x2e260b09500 0xd0004 0x0 0x0 0x2e260b09500 0x42 0x0 0x0 0x10000a 0x63a 0x5 0x0 0x2e2687dcf40 0x1 0x2e260b07331 0x2e266182280 0x0 0x0 0x0 0x0 0x0 0x0 0x9 0x5 0x0 0x0 0x0 0x0 0x0 0xc 0x4 0x0 0x2e265b935b0 0x1 0x2e2687dcf40 oops 8 4 java/lang/invoke/DirectMethodHandle$Special 5 java/lang/invoke/MemberName 9 java/lang/invoke/MemberName 17 android/database/sqlite/SQLiteConnectionPool 19 java/lang/String 20 android/database/sqlite/SQLiteConnection 37 java/lang/invoke/DirectMethodHandle$Special 39 android/database/sqlite/SQLiteConnectionPool methods 0
ciMethod java/lang/invoke/LambdaForm$MH+0x000002e201281400 delegate (Ljava/lang/Object;Ljava/lang/Object;Ljava/lang/Object;ILjava/lang/Object;)V 726 0 10746 0 -1
ciMethodData java/lang/invoke/LambdaForm$MH+0x000002e201281400 delegate (Ljava/lang/Object;Ljava/lang/Object;Ljava/lang/Object;ILjava/lang/Object;)V 2 10746 orig 80 0 0 0 0 0 0 0 0 0 0 0 0 226 2 0 0 0 0 0 0 0 0 0 0 0 0 0 0 0 0 0 0 0 0 0 0 0 0 0 0 0 0 0 0 0 0 0 0 0 0 0 0 0 0 0 0 0 0 0 0 0 0 0 0 0 0 0 0 0 0 0 0 0 0 0 0 0 0 0 0 data 54 0x10004 0x0 0x0 0x2e26543a500 0x2 0x0 0x0 0x4000b 0x0 0x0 0x2e26543a500 0x288f 0x0 0x0 0x1 0x2e265b99b40 0xb0004 0x0 0x0 0x2e265b99b40 0x2 0x0 0x0 0x13000b 0x288f 0x0 0x0 0x0 0x0 0x0 0x4 0x1 0x2e2686c8850 0x2 0x2e260b07331 0x0 0x0 0x0 0x0 0x0 0x0 0x9 0x5 0x0 0x0 0x0 0x0 0x0 0xc 0x4 0x0 0x2e26543a500 0x1 0x2e2686c8850 oops 8 3 java/lang/invoke/MethodHandleImpl$CountingWrapper 10 java/lang/invoke/MethodHandleImpl$CountingWrapper 15 java/lang/invoke/BoundMethodHandle$Species_LLLLL 19 java/lang/invoke/BoundMethodHandle$Species_LLLLL 32 android/database/sqlite/SQLiteSession 34 java/lang/String 51 java/lang/invoke/MethodHandleImpl$CountingWrapper 53 android/database/sqlite/SQLiteSession methods 0
ciMethod java/lang/invoke/LambdaForm$MH+0x000002e201286000 guardWithCatch (Ljava/lang/Object;Ljava/lang/Object;Ljava/lang/Object;)Ljava/lang/Object; 772 0 24296 0 -1
ciMethod java/lang/invoke/LambdaForm$MH+0x000002e201287000 guard (Ljava/lang/Object;Ljava/lang/Object;Ljava/lang/Object;)Ljava/lang/Object; 528 0 24294 0 -1
ciMethod android/os/CancellationSignal throwIfCanceled ()V 0 0 1 0 -1
ciMethod android/os/CancellationSignal setOnCancelListener (Landroid/os/CancellationSignal$OnCancelListener;)V 0 0 1 0 -1
ciMethod java/lang/invoke/LambdaForm$MH+0x000002e20129c800 guardWithCatch (Ljava/lang/Object;Ljava/lang/Object;I)Ljava/lang/Object; 858 0 18737 0 -1
ciMethod java/lang/invoke/LambdaForm$MH+0x000002e20129d800 guard (Ljava/lang/Object;Ljava/lang/Object;I)Ljava/lang/Object; 654 0 18875 0 -1
ciMethod java/lang/invoke/LambdaForm$DMH+0x000002e2012ac800 invokeSpecial (Ljava/lang/Object;Ljava/lang/Object;Ljava/lang/Object;ILjava/lang/Object;Ljava/lang/Object;)V 768 0 5430 0 -1
ciMethodData java/lang/invoke/LambdaForm$DMH+0x000002e2012ac800 invokeSpecial (Ljava/lang/Object;Ljava/lang/Object;Ljava/lang/Object;ILjava/lang/Object;Ljava/lang/Object;)V 2 5430 orig 80 0 0 0 0 0 0 0 0 0 0 0 0 226 2 0 0 0 0 0 0 0 0 0 0 0 0 0 0 0 0 0 0 0 0 0 0 0 0 0 0 0 0 0 0 0 0 0 0 0 0 0 0 0 0 0 0 0 0 0 0 0 0 0 0 0 0 0 0 0 0 0 0 0 0 0 0 0 0 0 0 data 40 0x1000a 0x13b6 0x3 0x0 0x2e265b935b0 0x2e260b09500 0xf0004 0x0 0x0 0x0 0x0 0x0 0x0 0x12000a 0x13b6 0x4 0x0 0x2 0x1 0x2 0x0 0x0 0x0 0x0 0x0 0x0 0x9 0x6 0x0 0x0 0x0 0x0 0x0 0x0 0xc 0x4 0x0 0x2e265b935b0 0x1 0x2 oops 3 4 java/lang/invoke/DirectMethodHandle$Special 5 java/lang/invoke/MemberName 37 java/lang/invoke/DirectMethodHandle$Special methods 0
ciMethod java/lang/invoke/LambdaForm$MH+0x000002e2012ae800 guardWithCatch (Ljava/lang/Object;Ljava/lang/Object;Ljava/lang/Object;ILjava/lang/Object;Ljava/lang/Object;)V 768 0 5430 0 -1
ciMethod java/lang/invoke/LambdaForm$MH+0x000002e2012b0000 invoke (Ljava/lang/Object;Ljava/lang/Object;Ljava/lang/Object;ILjava/lang/Object;Ljava/lang/Object;)I 512 0 5429 0 -1
ciMethod java/lang/invoke/LambdaForm$MH+0x000002e2012b0c00 guard (Ljava/lang/Object;Ljava/lang/Object;Ljava/lang/Object;ILjava/lang/Object;Ljava/lang/Object;)V 512 0 5429 0 -1
ciMethod java/lang/invoke/LambdaForm$MH+0x000002e2012b1000 linkToCallSite (Ljava/lang/Object;Ljava/lang/Object;ILjava/lang/Object;Ljava/lang/Object;Ljava/lang/Object;)V 512 0 5428 0 -1
ciMethodData java/lang/invoke/LambdaForm$MH+0x000002e2012b1000 linkToCallSite (Ljava/lang/Object;Ljava/lang/Object;ILjava/lang/Object;Ljava/lang/Object;Ljava/lang/Object;)V 2 5429 orig 80 0 0 0 0 0 0 0 0 0 0 0 0 226 2 0 0 0 0 0 0 0 0 0 0 0 0 0 0 0 0 0 0 0 0 0 0 0 0 0 0 0 0 0 0 0 0 0 0 0 0 0 0 0 0 0 0 0 0 0 0 0 0 0 0 0 0 0 0 0 0 0 0 0 0 0 0 0 0 0 0 data 52 0x20004 0x0 0x0 0x2e266c96d00 0x1b5 0x0 0x0 0x5000a 0x1435 0x3 0x0 0x2e266c96d00 0x2e266c97b30 0xc0004 0x0 0x0 0x0 0x0 0x0 0x0 0x15000b 0x1435 0x0 0x0 0x0 0x0 0x0 0x4 0x1 0x2 0x2 0x2 0x0 0x0 0x0 0x0 0x0 0x0 0x9 0x6 0x0 0x0 0x0 0x0 0x0 0x0 0xc 0x4 0x0 0x2 0x1 0x2 oops 3 3 org/robolectric/internal/bytecode/MethodCallSite 11 org/robolectric/internal/bytecode/MethodCallSite 12 java/lang/invoke/BoundMethodHandle$Species_LLLL methods 0
ciMethod java/lang/invoke/LambdaForm$MH+0x000002e2012b9000 delegate (Ljava/lang/Object;Ljava/lang/Object;Ljava/lang/Object;Ljava/lang/Object;Ljava/lang/Object;)I 1024 0 15072 0 -1
ciMethodData java/lang/invoke/LambdaForm$MH+0x000002e2012b9000 delegate (Ljava/lang/Object;Ljava/lang/Object;Ljava/lang/Object;Ljava/lang/Object;Ljava/lang/Object;)I 2 15072 orig 80 0 0 0 0 0 0 0 0 0 0 0 0 0 0 0 0 0 0 0 0 0 0 0 0 0 0 0 0 0 0 0 0 0 0 0 0 0 0 0 0 0 0 0 0 0 0 0 0 0 0 0 0 0 0 0 0 0 0 0 0 0 0 0 0 0 0 0 0 0 0 0 0 0 0 0 0 0 0 0 0 data 54 0x10004 0x0 0x0 0x2e26543a500 0x1ca 0x0 0x0 0x4000b 0x0 0x0 0x2e26543a500 0x38e1 0x0 0x0 0x1 0x2e265b99b40 0xb0004 0x0 0x0 0x2e265b99b40 0x1 0x0 0x0 0x13000b 0x38e1 0x0 0x0 0x0 0x0 0x0 0x4 0x1 0x2 0x2 0x2e260b07330 0x0 0x0 0x0 0x0 0x0 0x0 0x9 0x5 0x0 0x0 0x0 0x0 0x0 0xc 0x4 0x0 0x2e26543a500 0x1 0x2 oops 6 3 java/lang/invoke/MethodHandleImpl$CountingWrapper 10 java/lang/invoke/MethodHandleImpl$CountingWrapper 15 java/lang/invoke/BoundMethodHandle$Species_LLLLL 19 java/lang/invoke/BoundMethodHandle$Species_LLLLL 34 java/lang/String 51 java/lang/invoke/MethodHandleImpl$CountingWrapper methods 0
ciMethodData java/lang/invoke/LambdaForm$MH+0x000002e201199000 guard (Ljava/lang/Object;Ljava/lang/Object;)V 2 127601 orig 80 0 0 0 0 0 0 0 0 0 0 0 0 226 2 0 0 0 0 0 0 0 0 0 0 0 0 0 0 0 0 0 0 0 0 0 0 0 0 0 0 0 0 0 0 0 0 0 0 0 0 0 0 0 0 0 0 0 0 0 0 0 0 0 0 0 0 0 0 0 0 0 0 0 0 0 0 0 0 0 0 data 107 0x10004 0x0 0x0 0x2e266c97b30 0x1580 0x0 0x0 0x1c0004 0x0 0x0 0x2e26543a450 0x1580 0x0 0x0 0x20000b 0x1f171 0x0 0x0 0x0 0x0 0x0 0x2 0x1 0x2 0x2b0004 0x0 0x0 0x2e260b182e0 0x1580 0x0 0x0 0x2e000a 0x1f171 0x2 0x1 0x2e260b182e0 0x370007 0x0 0xf8 0x1f171 0x3b0004 0x0 0x0 0x2e26543a500 0x1580 0x0 0x0 0x420004 0x0 0x0 0x2e26543a500 0x1 0x0 0x0 0x46000b 0x1f171 0x0 0x0 0x0 0x0 0x0 0x2 0x1 0x2 0x490003 0x1f170 0xd8 0x4e0004 0x0 0x0 0x0 0x0 0x0 0x0 0x550004 0x0 0x0 0x0 0x0 0x0 0x0 0x59000b 0x0 0x0 0x0 0x0 0x0 0x0 0x2 0x1 0x0 0x0 0x0 0x0 0x0 0x0 0x0 0x9 0x2 0x0 0x0 0xc 0x4 0x0 0x2e266c97b30 0x1 0x2 oops 7 3 java/lang/invoke/BoundMethodHandle$Species_LLLL 10 java/lang/invoke/BoundMethodHandle$Species_LL 27 [I 35 [I 43 java/lang/invoke/MethodHandleImpl$CountingWrapper 50 java/lang/invoke/MethodHandleImpl$CountingWrapper 104 java/lang/invoke/BoundMethodHandle$Species_LLLL methods 0
ciMethod android/database/sqlite/SQLiteStatement $$robo$init ()V 516 0 9435 0 256
ciMethod android/database/sqlite/SQLiteProgram $$robo$$android_database_sqlite_SQLiteProgram$__constructor__ (Landroid/database/sqlite/SQLiteDatabase;Ljava/lang/String;[Ljava/lang/Object;Landroid/os/CancellationSignal;)V 512 0 5381 0 0
ciMethod android/database/sqlite/SQLiteProgram <init> (Landroid/database/sqlite/SQLiteDatabase;Ljava/lang/String;[Ljava/lang/Object;Landroid/os/CancellationSignal;)V 512 0 5376 0 -1
ciMethod android/database/sqlite/SQLiteProgram $$robo$init ()V 0 0 1 0 -1
ciMethod android/database/sqlite/SQLiteSession $$robo$$android_database_sqlite_SQLiteSession$prepare (Ljava/lang/String;ILandroid/os/CancellationSignal;Landroid/database/sqlite/SQLiteStatementInfo;)V 1024 0 5395 0 0
ciMethod android/database/sqlite/SQLiteSession $$robo$$android_database_sqlite_SQLiteSession$acquireConnection (Ljava/lang/String;ILandroid/os/CancellationSignal;)V 786 0 6623 0 576
ciMethod android/database/sqlite/SQLiteSession prepare (Ljava/lang/String;ILandroid/os/CancellationSignal;Landroid/database/sqlite/SQLiteStatementInfo;)V 518 0 5381 0 0
ciMethod android/database/sqlite/SQLiteSession acquireConnection (Ljava/lang/String;ILandroid/os/CancellationSignal;)V 784 0 10774 0 0
ciMethod android/database/sqlite/SQLiteSession releaseConnection ()V 520 0 10641 0 128
ciMethod java/lang/invoke/LambdaForm$MH+0x000002e201360c00 guardWithCatch (Ljava/lang/Object;Ljava/lang/Object;Ljava/lang/Object;ILjava/lang/Object;)Ljava/lang/Object; 746 0 1991 0 -1
ciMethod java/lang/invoke/LambdaForm$MH+0x000002e201361800 invoke (Ljava/lang/Object;Ljava/lang/Object;Ljava/lang/Object;ILjava/lang/Object;)I 512 0 12581 0 -1
ciMethod java/lang/invoke/LambdaForm$MH+0x000002e201362400 guard (Ljava/lang/Object;Ljava/lang/Object;Ljava/lang/Object;ILjava/lang/Object;)Ljava/lang/Object; 746 0 1991 0 -1
ciMethod java/lang/invoke/LambdaForm$MH+0x000002e201362800 linkToCallSite (Ljava/lang/Object;Ljava/lang/Object;ILjava/lang/Object;Ljava/lang/Object;)Ljava/lang/Object; 746 0 1991 0 -1
ciMethodData java/lang/invoke/LambdaForm$MH+0x000002e201362800 linkToCallSite (Ljava/lang/Object;Ljava/lang/Object;ILjava/lang/Object;Ljava/lang/Object;)Ljava/lang/Object; 2 1991 orig 80 0 0 0 0 0 0 0 0 0 0 0 0 226 2 0 0 0 0 0 0 0 0 0 0 0 0 0 0 0 0 0 0 0 0 0 0 0 0 0 0 0 0 0 0 0 0 0 0 0 0 0 0 0 0 0 0 0 0 0 0 0 0 0 0 0 0 0 0 0 0 0 0 0 0 0 0 0 0 0 0 data 52 0x20004 0x0 0x0 0x2e266c96d00 0x1c 0x0 0x0 0x5000a 0x652 0x3 0x0 0x2e266c96d00 0x2e266c97b30 0xc0004 0x0 0x0 0x2e266c97b30 0x1c 0x0 0x0 0x13000b 0x652 0x0 0x0 0x0 0x0 0x0 0x5 0x1 0x2 0x2 0x2e260b07331 0x2 0x0 0x0 0x0 0x0 0x0 0x0 0x9 0x5 0x0 0x0 0x0 0x0 0x0 0xc 0x4 0x0 0x2 0x1 0x2e260b07331 oops 6 3 org/robolectric/internal/bytecode/MethodCallSite 11 org/robolectric/internal/bytecode/MethodCallSite 12 java/lang/invoke/BoundMethodHandle$Species_LLLL 16 java/lang/invoke/BoundMethodHandle$Species_LLLL 31 java/lang/String 51 java/lang/String methods 0
ciMethod android/database/sqlite/SQLiteConnectionPool $$robo$$android_database_sqlite_SQLiteConnectionPool$waitForConnection (Ljava/lang/String;ILandroid/os/CancellationSignal;)Landroid/database/sqlite/SQLiteConnection; 768 0 1392 0 -1
ciMethod android/database/sqlite/SQLiteConnectionPool $$robo$$android_database_sqlite_SQLiteConnectionPool$acquireConnection (Ljava/lang/String;ILandroid/os/CancellationSignal;)Landroid/database/sqlite/SQLiteConnection; 374 0 983 0 0
ciMethod android/database/sqlite/SQLiteConnectionPool acquireConnection (Ljava/lang/String;ILandroid/os/CancellationSignal;)Landroid/database/sqlite/SQLiteConnection; 372 0 983 0 0
ciMethod android/database/sqlite/SQLiteConnectionPool waitForConnection (Ljava/lang/String;ILandroid/os/CancellationSignal;)Landroid/database/sqlite/SQLiteConnection; 374 0 983 0 0
ciMethod android/database/sqlite/SQLiteConnectionPool logConnectionPoolBusyLocked (JI)V 0 0 1 0 -1
ciMethod android/database/sqlite/SQLiteConnectionPool wakeConnectionWaitersLocked ()V 640 0 1016 0 -1
ciMethod android/database/sqlite/SQLiteConnectionPool tryAcquirePrimaryConnectionLocked (I)Landroid/database/sqlite/SQLiteConnection; 878 0 1445 0 -1
ciMethod android/database/sqlite/SQLiteConnectionPool tryAcquireNonPrimaryConnectionLocked (Ljava/lang/String;I)Landroid/database/sqlite/SQLiteConnection; 402 0 343 0 -1
ciMethod android/database/sqlite/SQLiteConnectionPool getPriority (I)I 106 0 53 0 -1
ciMethod android/database/sqlite/SQLiteConnectionPool throwIfClosedLocked ()V 806 0 1479 0 -1
ciMethod android/database/sqlite/SQLiteConnectionPool obtainConnectionWaiterLocked (Ljava/lang/Thread;JIZLjava/lang/String;I)Landroid/database/sqlite/SQLiteConnectionPool$ConnectionWaiter; 106 0 53 0 -1
ciMethod android/database/sqlite/SQLiteConnectionPool recycleConnectionWaiterLocked (Landroid/database/sqlite/SQLiteConnectionPool$ConnectionWaiter;)V 106 0 53 0 -1
ciMethod android/database/sqlite/SQLiteConnection $$robo$$android_database_sqlite_SQLiteConnection$prepare (Ljava/lang/String;Landroid/database/sqlite/SQLiteStatementInfo;)V 1024 1768 5404 0 0
ciMethod android/database/sqlite/SQLiteConnection $$robo$$android_database_sqlite_SQLiteConnection$acquirePreparedStatement (Ljava/lang/String;)Landroid/database/sqlite/SQLiteConnection$PreparedStatement; 1024 0 6384 0 20224
ciMethod android/database/sqlite/SQLiteConnection $$robo$$android_database_sqlite_SQLiteConnection$releasePreparedStatement (Landroid/database/sqlite/SQLiteConnection$PreparedStatement;)V 1024 0 5901 0 2272
ciMethod android/database/sqlite/SQLiteConnection $$robo$$android_database_sqlite_SQLiteConnection$finalizePreparedStatement (Landroid/database/sqlite/SQLiteConnection$PreparedStatement;)V 1024 0 5641 0 3424
ciMethod android/database/sqlite/SQLiteConnection access$500 ()[B 0 0 1 0 -1
ciMethod android/database/sqlite/SQLiteConnection nativePrepareStatement (JLjava/lang/String;)J 770 0 5881 0 -1
ciMethod android/database/sqlite/SQLiteConnection nativeFinalizeStatement (JJ)V 1024 0 5641 0 -1
ciMethod android/database/sqlite/SQLiteConnection nativeGetParameterCount (JJ)I 778 0 5881 0 -1
ciMethod android/database/sqlite/SQLiteConnection nativeIsReadOnly (JJ)Z 1024 0 5881 0 -1
ciMethod android/database/sqlite/SQLiteConnection nativeGetColumnCount (JJ)I 1024 0 5405 0 0
ciMethod android/database/sqlite/SQLiteConnection nativeGetColumnName (JJI)Ljava/lang/String; 516 0 5170 0 0
ciMethod android/database/sqlite/SQLiteConnection nativeResetStatementAndClearBindings (JJ)V 526 0 979 0 0
ciMethod android/database/sqlite/SQLiteConnection prepare (Ljava/lang/String;Landroid/database/sqlite/SQLiteStatementInfo;)V 1024 0 5395 0 0
ciMethod android/database/sqlite/SQLiteConnection acquirePreparedStatement (Ljava/lang/String;)Landroid/database/sqlite/SQLiteConnection$PreparedStatement; 1024 0 11270 0 0
ciMethod android/database/sqlite/SQLiteConnection releasePreparedStatement (Landroid/database/sqlite/SQLiteConnection$PreparedStatement;)V 1024 0 11269 0 0
ciMethod android/database/sqlite/SQLiteConnection finalizePreparedStatement (Landroid/database/sqlite/SQLiteConnection$PreparedStatement;)V 1024 0 5738 0 0
ciMethod android/database/sqlite/SQLiteConnection isCacheable (I)Z 1024 0 5881 0 -1
ciMethod android/database/sqlite/SQLiteConnection obtainPreparedStatement (Ljava/lang/String;JIIZ)Landroid/database/sqlite/SQLiteConnection$PreparedStatement; 1024 0 5881 0 -1
ciMethod android/database/sqlite/SQLiteConnection recyclePreparedStatement (Landroid/database/sqlite/SQLiteConnection$PreparedStatement;)V 1024 0 5641 0 -1
ciMethod org/robolectric/shadows/ShadowLegacySQLiteConnection nativeGetColumnCount (JJ)I 1024 0 5410 0 0
ciMethod org/robolectric/shadows/ShadowLegacySQLiteConnection nativeGetColumnName (JJI)Ljava/lang/String; 516 0 5170 0 0
ciMethod org/robolectric/shadows/ShadowLegacySQLiteConnection nativeResetStatementAndClearBindings (JJ)V 526 0 979 0 0
ciMethod android/database/sqlite/SQLiteStatementInfo $$robo$$android_database_sqlite_SQLiteStatementInfo$__constructor__ ()V 516 0 5384 0 0
ciMethod android/database/sqlite/SQLiteStatementInfo <init> ()V 516 0 5381 0 0
ciMethod android/database/sqlite/SQLiteStatementInfo $$robo$init ()V 516 0 5383 0 0
ciMethod org/robolectric/shadows/ShadowLegacySQLiteConnection$Connections getConnection (J)Lcom/almworks/sqlite4java/SQLiteConnection; 1024 0 6692 0 -1
ciMethod org/robolectric/shadows/ShadowLegacySQLiteConnection$Connections getStatement (JJ)Lcom/almworks/sqlite4java/SQLiteStatement; 674 0 5610 0 3488
ciMethod org/robolectric/shadows/ShadowLegacySQLiteConnection$Connections getColumnCount (JJ)I 1024 0 5410 0 0
ciMethod org/robolectric/shadows/ShadowLegacySQLiteConnection$Connections getColumnName (JJI)Ljava/lang/String; 772 0 5170 0 0
ciMethod org/robolectric/shadows/ShadowLegacySQLiteConnection$Connections resetStatementAndClearBindings (JJ)V 768 0 979 0 0
ciMethod org/robolectric/shadows/ShadowLegacySQLiteConnection$Connections executeStatementOperation (JJLorg/robolectric/shadows/ShadowLegacySQLiteConnection$Connections$StatementOperation;)Ljava/lang/Object; 512 0 5395 0 768
ciMethod org/robolectric/shadows/ShadowLegacySQLiteConnection$Connections execute (Ljava/util/concurrent/Callable;)Ljava/lang/Object; 844 0 6857 0 3648
ciMethod android/database/sqlite/SQLiteConnection$OperationLog $$robo$$android_database_sqlite_SQLiteConnection_OperationLog$beginOperation (Ljava/lang/String;Ljava/lang/String;[Ljava/lang/Object;)I 1024 386 5830 0 6816
ciMethod android/database/sqlite/SQLiteConnection$OperationLog $$robo$$android_database_sqlite_SQLiteConnection_OperationLog$endOperation (I)V 514 0 6377 0 0
ciMethod android/database/sqlite/SQLiteConnection$OperationLog $$robo$$android_database_sqlite_SQLiteConnection_OperationLog$endOperationDeferLogLocked (I)Z 562 0 5425 0 1568
ciMethod android/database/sqlite/SQLiteConnection$OperationLog $$robo$$android_database_sqlite_SQLiteConnection_OperationLog$getOperationLocked (I)Landroid/database/sqlite/SQLiteConnection$Operation; 820 0 5425 0 0
ciMethod android/database/sqlite/SQLiteConnection$OperationLog beginOperation (Ljava/lang/String;Ljava/lang/String;[Ljava/lang/Object;)I 1024 0 10934 0 160
ciMethod android/database/sqlite/SQLiteConnection$OperationLog failOperation (ILjava/lang/Exception;)V 0 0 1 0 0
ciMethod android/database/sqlite/SQLiteConnection$OperationLog endOperation (I)V 512 0 6354 0 0
ciMethod android/database/sqlite/SQLiteConnection$OperationLog endOperationDeferLogLocked (I)Z 560 0 11338 0 0
ciMethod android/database/sqlite/SQLiteConnection$OperationLog logOperationLocked (ILjava/lang/String;)V 0 0 1 0 -1
ciMethod android/database/sqlite/SQLiteConnection$OperationLog newOperationCookieLocked (I)I 1024 0 5830 0 -1
ciMethod android/database/sqlite/SQLiteConnection$OperationLog getOperationLocked (I)Landroid/database/sqlite/SQLiteConnection$Operation; 818 0 5425 0 0
ciMethod android/database/sqlite/SQLiteConnection$Operation <init> (Landroid/database/sqlite/SQLiteConnection$1;)V 40 0 260 0 -1
ciMethod android/util/LruCache get (Ljava/lang/Object;)Ljava/lang/Object; 1024 0 6384 0 -1
ciMethod android/util/LruCache put (Ljava/lang/Object;Ljava/lang/Object;)Ljava/lang/Object; 294 0 525 0 -1
ciMethod android/util/LruCache remove (Ljava/lang/Object;)Ljava/lang/Object; 0 0 1 0 0
ciMethod android/database/sqlite/SQLiteDebug shouldLogSlowQuery (J)Z 0 0 1 0 -1
ciMethodData java/lang/invoke/LambdaForm$MH+0x000002e201193000 guard (Ljava/lang/Object;Ljava/lang/Object;)Ljava/lang/Object; 2 47064 orig 80 0 0 0 0 0 0 0 0 0 0 0 0 226 2 0 0 0 0 0 0 0 0 0 0 0 0 0 0 0 0 0 0 0 0 0 0 0 0 0 0 0 0 0 0 0 0 0 0 0 0 0 0 0 0 0 0 0 0 0 0 0 0 0 0 0 0 0 0 0 0 0 0 0 0 0 0 0 0 0 0 data 109 0x10004 0x0 0x0 0x2e266c97b30 0xdd4 0x0 0x0 0x1c0004 0x0 0x0 0x2e26543a450 0xdd4 0x0 0x0 0x20000b 0xb658 0x0 0x0 0x0 0x0 0x0 0x2 0x1 0x2 0x2b0004 0x0 0x0 0x2e260b182e0 0xdd4 0x0 0x0 0x2e000a 0xb658 0x2 0x1 0x2e260b182e0 0x370007 0x0 0x100 0xb658 0x3b0004 0x0 0x0 0x2e26543a500 0xdd4 0x0 0x0 0x420004 0x0 0x0 0x0 0x0 0x0 0x0 0x46000b 0xb658 0x0 0x0 0x0 0x0 0x0 0x3 0x1 0x2 0x3 0x490003 0xb657 0xe0 0x4e0004 0x0 0x0 0x0 0x0 0x0 0x0 0x550004 0x0 0x0 0x0 0x0 0x0 0x0 0x59000b 0x0 0x0 0x0 0x0 0x0 0x0 0x3 0x1 0x0 0x0 0x0 0x0 0x0 0x0 0x0 0x0 0x9 0x2 0x0 0x0 0xc 0x4 0x0 0x2e266c97b30 0x1 0x2 oops 6 3 java/lang/invoke/BoundMethodHandle$Species_LLLL 10 java/lang/invoke/BoundMethodHandle$Species_LL 27 [I 35 [I 43 java/lang/invoke/MethodHandleImpl$CountingWrapper 106 java/lang/invoke/BoundMethodHandle$Species_LLLL methods 0
ciMethod java/lang/invoke/LambdaForm$MH+0x000002e201383800 guardWithCatch (Ljava/lang/Object;Ljava/lang/Object;Ljava/lang/Object;Ljava/lang/Object;Ljava/lang/Object;)I 1024 0 15132 0 -1
ciMethod java/lang/invoke/LambdaForm$MH+0x000002e201385000 guard (Ljava/lang/Object;Ljava/lang/Object;Ljava/lang/Object;Ljava/lang/Object;Ljava/lang/Object;)I 1024 0 15129 0 -1
ciMethod java/lang/invoke/LambdaForm$MH+0x000002e201385400 linkToCallSite (Ljava/lang/Object;Ljava/lang/Object;Ljava/lang/Object;Ljava/lang/Object;Ljava/lang/Object;)I 776 0 15129 0 -1
ciMethodData java/lang/invoke/LambdaForm$MH+0x000002e201385400 linkToCallSite (Ljava/lang/Object;Ljava/lang/Object;Ljava/lang/Object;Ljava/lang/Object;Ljava/lang/Object;)I 2 15129 orig 80 0 0 0 0 0 0 0 0 0 0 0 0 226 2 0 0 0 0 0 0 0 0 0 0 0 0 0 0 0 0 0 0 0 0 0 0 0 0 0 0 0 0 0 0 0 0 0 0 0 0 0 0 0 0 0 0 0 0 0 0 0 0 0 0 0 0 0 0 0 0 0 0 0 0 0 0 0 0 0 0 data 51 0x20004 0x0 0x0 0x2e266c96d00 0x281 0x0 0x0 0x5000a 0x3995 0x3 0x0 0x2e266c96d00 0x2e266c97b30 0xc0004 0x0 0x0 0x0 0x0 0x0 0x0 0x13000b 0x3995 0x0 0x0 0x0 0x0 0x0 0x4 0x1 0x2 0x2 0x2e260b07330 0x0 0x0 0x0 0x0 0x0 0x0 0x9 0x5 0x0 0x0 0x0 0x0 0x0 0xc 0x4 0x0 0x2 0x1 0x2e260b07330 oops 5 3 org/robolectric/internal/bytecode/MethodCallSite 11 org/robolectric/internal/bytecode/MethodCallSite 12 java/lang/invoke/BoundMethodHandle$Species_LLLL 31 java/lang/String 50 java/lang/String methods 0
ciMethod java/lang/invoke/LambdaForm$MH+0x000002e201385c00 linkToTargetMethod (Ljava/lang/Object;)J 770 0 11255 0 -1
ciMethodData java/lang/invoke/LambdaForm$MH+0x000002e201385c00 linkToTargetMethod (Ljava/lang/Object;)J 2 11255 orig 80 0 0 0 0 0 0 0 0 0 0 0 0 226 2 0 0 0 0 0 0 0 0 0 0 0 0 0 0 0 0 0 0 0 0 0 0 0 0 0 0 0 0 0 0 0 0 0 0 0 0 0 0 0 0 0 0 0 0 0 0 0 0 0 0 0 0 0 0 0 0 0 0 0 0 0 0 0 0 0 0 data 27 0x10004 0x0 0x0 0x2e260b09350 0x2ac 0x0 0x0 0x40005 0x2a76 0x0 0x0 0x0 0x0 0x0 0x0 0x0 0x0 0x0 0x0 0x0 0x9 0x1 0x0 0xc 0x2 0x0 0x2e260b09350 oops 2 3 java/lang/invoke/DirectMethodHandle 26 java/lang/invoke/DirectMethodHandle methods 0
ciMethod org/robolectric/shadows/ShadowSystem currentTimeMillis ()J 772 0 11255 0 0
ciMethod android/os/SystemClock uptimeMillis ()J 772 0 11308 0 0
ciMethod org/robolectric/shadows/ShadowLegacySystemClock currentTimeMillis ()J 0 0 1 0 -1
ciMethod org/robolectric/shadows/ShadowLegacySQLiteConnection$Connections$$Lambda$191+0x000002e20137f968 <init> (Lorg/robolectric/shadows/ShadowLegacySQLiteConnection$Connections$StatementOperation;Lcom/almworks/sqlite4java/SQLiteStatement;)V 512 0 5395 0 0
ciMethod com/almworks/sqlite4java/SQLiteStatement isDisposed ()Z 768 0 5610 0 -1
ciMethod java/lang/invoke/LambdaForm$DMH+0x000002e20138a000 invokeStatic (Ljava/lang/Object;JJ)I 1024 0 21371 0 -1
ciMethodData java/lang/invoke/LambdaForm$DMH+0x000002e20138a000 invokeStatic (Ljava/lang/Object;JJ)I 2 21371 orig 80 0 0 0 0 0 0 0 0 0 0 0 0 0 0 0 0 0 0 0 0 0 0 0 0 0 0 0 0 0 0 0 0 0 0 0 0 0 0 0 0 0 0 0 0 0 0 0 0 0 0 0 0 0 0 0 0 0 0 0 0 0 0 0 0 0 0 0 0 0 0 0 0 0 0 0 0 0 0 0 0 data 35 0x1000a 0x517c 0x3 0x0 0x2e260b09350 0x2e260b09500 0xa0004 0x0 0x0 0x2e260b09500 0x5 0x0 0x0 0xd000a 0x517c 0x2 0x4 0x2e260b09500 0x0 0x0 0x0 0x0 0x0 0x0 0x9 0x5 0x0 0x0 0x0 0x0 0x0 0xc 0x2 0x0 0x2e260b09350 oops 5 4 java/lang/invoke/DirectMethodHandle 5 java/lang/invoke/MemberName 9 java/lang/invoke/MemberName 17 java/lang/invoke/MemberName 34 java/lang/invoke/DirectMethodHandle methods 0
ciMethod java/lang/invoke/LambdaForm$MH+0x000002e20138b800 guardWithCatch (Ljava/lang/Object;JJ)I 1024 0 21370 0 -1
ciMethod java/lang/invoke/LambdaForm$MH+0x000002e201391000 invoke (Ljava/lang/Object;JJ)I 768 0 28481 0 -1
ciMethod java/lang/invoke/LambdaForm$MH+0x000002e201391800 guard (Ljava/lang/Object;JJ)I 1024 0 21369 0 -1
ciMethod java/lang/invoke/LambdaForm$MH+0x000002e201391c00 linkToCallSite (JJLjava/lang/Object;)I 1024 0 21369 0 -1
ciMethodData java/lang/invoke/LambdaForm$MH+0x000002e201391c00 linkToCallSite (JJLjava/lang/Object;)I 2 21369 orig 80 0 0 0 0 0 0 0 0 0 0 0 0 0 0 0 0 0 0 0 0 0 0 0 0 0 0 0 0 0 0 0 0 0 0 0 0 0 0 0 0 0 0 0 0 0 0 0 0 0 0 0 0 0 0 0 0 0 0 0 0 0 0 0 0 0 0 0 0 0 0 0 0 0 0 0 0 0 0 0 0 data 44 0x20004 0x0 0x0 0x2e266c96d00 0x5b5 0x0 0x0 0x5000a 0x517a 0x3 0x0 0x2e266c96d00 0x2e266c97b30 0xc0004 0x0 0x0 0x2e266c97b30 0x2 0x0 0x0 0x110005 0x517a 0x0 0x0 0x0 0x0 0x0 0x0 0x0 0x0 0x0 0x0 0x0 0x9 0x5 0x0 0x0 0x0 0x0 0x0 0xc 0x2 0x4 0x2e266c96d00 oops 5 3 org/robolectric/internal/bytecode/MethodCallSite 11 org/robolectric/internal/bytecode/MethodCallSite 12 java/lang/invoke/BoundMethodHandle$Species_LLLL 16 java/lang/invoke/BoundMethodHandle$Species_LLLL 43 org/robolectric/internal/bytecode/MethodCallSite methods 0
ciMethod android/database/DatabaseUtils $$robo$$android_database_DatabaseUtils$getSqlStatementType (Ljava/lang/String;)I 778 0 5654 0 5088
ciMethod android/database/DatabaseUtils getSqlStatementType (Ljava/lang/String;)I 778 0 20659 0 0
ciMethod java/lang/invoke/LambdaForm$DMH+0x000002e20139cc00 invokeStatic (Ljava/lang/Object;JJ)V 778 0 7272 0 -1
ciMethodData java/lang/invoke/LambdaForm$DMH+0x000002e20139cc00 invokeStatic (Ljava/lang/Object;JJ)V 2 7272 orig 80 0 0 0 0 0 0 0 0 0 0 0 0 226 2 0 0 0 0 0 0 0 0 0 0 0 0 0 0 0 0 0 0 0 0 0 0 0 0 0 0 0 0 0 0 0 0 0 0 0 0 0 0 0 0 0 0 0 0 0 0 0 0 0 0 0 0 0 0 0 0 0 0 0 0 0 0 0 0 0 0 data 35 0x1000a 0x1ae3 0x3 0x0 0x2e260b09350 0x2e260b09500 0xa0004 0x0 0x0 0x0 0x0 0x0 0x0 0xd000a 0x1ae3 0x2 0x4 0x2e260b09500 0x0 0x0 0x0 0x0 0x0 0x0 0x9 0x5 0x0 0x0 0x0 0x0 0x0 0xc 0x2 0x0 0x2e260b09350 oops 4 4 java/lang/invoke/DirectMethodHandle 5 java/lang/invoke/MemberName 17 java/lang/invoke/MemberName 34 java/lang/invoke/DirectMethodHandle methods 0
ciMethod java/lang/invoke/LambdaForm$MH+0x000002e20139d800 guardWithCatch (Ljava/lang/Object;JJ)V 768 0 7272 0 -1
ciMethod java/lang/invoke/LambdaForm$MH+0x000002e20139f400 guard (Ljava/lang/Object;JJ)V 512 0 7272 0 -1
ciMethod java/lang/invoke/LambdaForm$MH+0x000002e20139f800 linkToCallSite (JJLjava/lang/Object;)V 512 0 7272 0 -1
ciMethodData java/lang/invoke/LambdaForm$MH+0x000002e20139f800 linkToCallSite (JJLjava/lang/Object;)V 2 7272 orig 80 0 0 0 0 0 0 0 0 0 0 0 0 226 2 0 0 0 0 0 0 0 0 0 0 0 0 0 0 0 0 0 0 0 0 0 0 0 0 0 0 0 0 0 0 0 0 0 0 0 0 0 0 0 0 0 0 0 0 0 0 0 0 0 0 0 0 0 0 0 0 0 0 0 0 0 0 0 0 0 0 data 44 0x20004 0x0 0x0 0x2e266c96d00 0x4ae 0x0 0x0 0x5000a 0x1b68 0x3 0x0 0x2e266c96d00 0x2e266c97b30 0xc0004 0x0 0x0 0x0 0x0 0x0 0x0 0x110005 0x1b68 0x0 0x0 0x0 0x0 0x0 0x0 0x0 0x0 0x0 0x0 0x0 0x9 0x5 0x0 0x0 0x0 0x0 0x0 0xc 0x2 0x4 0x2e266c96d00 oops 4 3 org/robolectric/internal/bytecode/MethodCallSite 11 org/robolectric/internal/bytecode/MethodCallSite 12 java/lang/invoke/BoundMethodHandle$Species_LLLL 43 org/robolectric/internal/bytecode/MethodCallSite methods 0
ciMethodData java/lang/invoke/LambdaForm$MH+0x000002e2011b1400 invoke (Ljava/lang/Object;Ljava/lang/Object;Ljava/lang/Object;)I 2 75816 orig 80 0 0 0 0 0 0 0 0 0 0 0 0 226 2 0 0 0 0 0 0 0 0 0 0 0 0 0 0 0 0 0 0 0 0 0 0 0 0 0 0 0 0 0 0 0 0 0 0 0 0 0 0 0 0 0 0 0 0 0 0 0 0 0 0 0 0 0 0 0 0 0 0 0 0 0 0 0 0 0 0 data 73 0x10004 0x0 0x0 0x2e26543a450 0x171a 0x0 0x0 0xb0004 0x0 0x0 0x2e26543a450 0x171a 0x0 0x0 0xe000b 0x12727 0x0 0x0 0x0 0x0 0x0 0x1 0x2e26543c700 0x1b0004 0x0 0x0 0x2e26543c700 0x12727 0x0 0x0 0x230004 0x0 0x0 0x2e260b09740 0x171a 0x0 0x0 0x26000a 0x12727 0x4 0x0 0x2e26543c700 0x1 0x2e260b09740 0x2b000a 0x12727 0x2 0x0 0x2e26543c700 0x300005 0x12727 0x0 0x0 0x0 0x0 0x0 0x0 0x0 0x0 0x0 0x0 0x0 0x9 0x3 0x0 0x0 0x0 0xc 0x4 0x0 0x2e26543a450 0x1 0x2 oops 9 3 java/lang/invoke/BoundMethodHandle$Species_LL 10 java/lang/invoke/BoundMethodHandle$Species_LL 22 java/lang/invoke/BoundMethodHandle$Species_I 26 java/lang/invoke/BoundMethodHandle$Species_I 33 java/lang/invoke/MethodType 41 java/lang/invoke/BoundMethodHandle$Species_I 43 java/lang/invoke/MethodType 48 java/lang/invoke/BoundMethodHandle$Species_I 70 java/lang/invoke/BoundMethodHandle$Species_LL methods 0
ciMethod org/robolectric/shadows/ShadowLegacySQLiteConnection$Connections$19 <init> (Lorg/robolectric/shadows/ShadowLegacySQLiteConnection$Connections;)V 768 0 979 0 0
ciMethod java/lang/invoke/LambdaForm$MH+0x000002e2013adc00 guardWithCatch (Ljava/lang/Object;Ljava/lang/Object;Ljava/lang/Object;Ljava/lang/Object;Ljava/lang/Object;Ljava/lang/Object;)V 736 0 6280 0 -1
ciMethod java/lang/invoke/LambdaForm$MH+0x000002e2013aec00 invoke (Ljava/lang/Object;Ljava/lang/Object;Ljava/lang/Object;Ljava/lang/Object;Ljava/lang/Object;Ljava/lang/Object;)I 514 0 7180 0 -1
ciMethod java/lang/invoke/LambdaForm$MH+0x000002e2013af400 guard (Ljava/lang/Object;Ljava/lang/Object;Ljava/lang/Object;Ljava/lang/Object;Ljava/lang/Object;Ljava/lang/Object;)V 738 0 6280 0 -1
ciMethod java/lang/invoke/LambdaForm$MH+0x000002e2013af800 linkToCallSite (Ljava/lang/Object;Ljava/lang/Object;Ljava/lang/Object;Ljava/lang/Object;Ljava/lang/Object;Ljava/lang/Object;)V 738 0 6276 0 -1
ciMethodData java/lang/invoke/LambdaForm$MH+0x000002e2013af800 linkToCallSite (Ljava/lang/Object;Ljava/lang/Object;Ljava/lang/Object;Ljava/lang/Object;Ljava/lang/Object;Ljava/lang/Object;)V 2 6280 orig 80 0 0 0 0 0 0 0 0 0 0 0 0 226 2 0 0 0 0 0 0 0 0 0 0 0 0 0 0 0 0 0 0 0 0 0 0 0 0 0 0 0 0 0 0 0 0 0 0 0 0 0 0 0 0 0 0 0 0 0 0 0 0 0 0 0 0 0 0 0 0 0 0 0 0 0 0 0 0 0 0 data 52 0x20004 0x0 0x0 0x2e266c96d00 0x19f 0x0 0x0 0x5000a 0x1717 0x3 0x0 0x2e266c96d00 0x2e266c97b30 0xc0004 0x0 0x0 0x2e266c97b30 0x5c 0x0 0x0 0x15000b 0x1717 0x0 0x0 0x0 0x0 0x0 0x4 0x1 0x2 0x2 0x2e266c90bb0 0x0 0x0 0x0 0x0 0x0 0x0 0x9 0x6 0x0 0x0 0x0 0x0 0x0 0x0 0xc 0x4 0x0 0x2 0x1 0x2e266c90bb0 oops 6 3 org/robolectric/internal/bytecode/MethodCallSite 11 org/robolectric/internal/bytecode/MethodCallSite 12 java/lang/invoke/BoundMethodHandle$Species_LLLL 16 java/lang/invoke/BoundMethodHandle$Species_LLLL 31 android/database/sqlite/SQLiteDatabase 51 android/database/sqlite/SQLiteDatabase methods 0
ciMethod java/lang/invoke/LambdaForm$MH+0x000002e2013b0400 guardWithCatch (Ljava/lang/Object;Ljava/lang/Object;Ljava/lang/Object;ILjava/lang/Object;)V 786 0 10777 0 -1
ciMethod org/robolectric/shadows/ShadowLegacySQLiteConnection$Connections$9 <init> (Lorg/robolectric/shadows/ShadowLegacySQLiteConnection$Connections;)V 1024 0 5410 0 0
ciMethod org/robolectric/shadows/ShadowLegacySQLiteConnection$Connections$10 <init> (Lorg/robolectric/shadows/ShadowLegacySQLiteConnection$Connections;I)V 1024 0 5170 0 0
ciMethod java/lang/invoke/LambdaForm$MH+0x000002e2013b1800 guard (Ljava/lang/Object;Ljava/lang/Object;Ljava/lang/Object;ILjava/lang/Object;)V 786 0 10775 0 -1
ciMethod java/lang/invoke/LambdaForm$MH+0x000002e2013b1c00 linkToCallSite (Ljava/lang/Object;Ljava/lang/Object;ILjava/lang/Object;Ljava/lang/Object;)V 784 0 10775 0 -1
ciMethodData java/lang/invoke/LambdaForm$MH+0x000002e2013b1c00 linkToCallSite (Ljava/lang/Object;Ljava/lang/Object;ILjava/lang/Object;Ljava/lang/Object;)V 2 10775 orig 80 0 0 0 0 0 0 0 0 0 0 0 0 226 2 0 0 0 0 0 0 0 0 0 0 0 0 0 0 0 0 0 0 0 0 0 0 0 0 0 0 0 0 0 0 0 0 0 0 0 0 0 0 0 0 0 0 0 0 0 0 0 0 0 0 0 0 0 0 0 0 0 0 0 0 0 0 0 0 0 0 data 51 0x20004 0x0 0x0 0x2e266c96d00 0x3 0x0 0x0 0x5000a 0x288f 0x3 0x0 0x2e266c96d00 0x2e266c97b30 0xc0004 0x0 0x0 0x2e266c97b30 0x3 0x0 0x0 0x13000b 0x288f 0x0 0x0 0x0 0x0 0x0 0x4 0x1 0x2e2686c8850 0x2 0x2e260b07331 0x0 0x0 0x0 0x0 0x0 0x0 0x9 0x5 0x0 0x0 0x0 0x0 0x0 0xc 0x4 0x0 0x2e2686c8850 0x1 0x2e260b07331 oops 8 3 org/robolectric/internal/bytecode/MethodCallSite 11 org/robolectric/internal/bytecode/MethodCallSite 12 java/lang/invoke/BoundMethodHandle$Species_LLLL 16 java/lang/invoke/BoundMethodHandle$Species_LLLL 29 android/database/sqlite/SQLiteSession 31 java/lang/String 48 android/database/sqlite/SQLiteSession 50 java/lang/String methods 0
ciMethod java/lang/invoke/LambdaForm$DMH+0x000002e2013b2000 invokeStatic (Ljava/lang/Object;JJI)Ljava/lang/Object; 516 0 5170 0 -1
ciMethodData java/lang/invoke/LambdaForm$DMH+0x000002e2013b2000 invokeStatic (Ljava/lang/Object;JJI)Ljava/lang/Object; 2 5170 orig 80 0 0 0 0 0 0 0 0 0 0 0 0 226 2 0 0 0 0 0 0 0 0 0 0 0 0 0 0 0 0 0 0 0 0 0 0 0 0 0 0 0 0 0 0 0 0 0 0 0 0 0 0 0 0 0 0 0 0 0 0 0 0 0 0 0 0 0 0 0 0 0 0 0 0 0 0 0 0 0 0 data 37 0x1000a 0x1330 0x3 0x0 0x2e260b09350 0x2e260b09500 0xc0004 0x0 0x0 0x0 0x0 0x0 0x0 0xf000a 0x1330 0x3 0x5 0x2e260b09500 0x2e260b07330 0x0 0x0 0x0 0x0 0x0 0x0 0x9 0x6 0x0 0x0 0x0 0x0 0x0 0x0 0xc 0x2 0x0 0x2e260b09350 oops 5 4 java/lang/invoke/DirectMethodHandle 5 java/lang/invoke/MemberName 17 java/lang/invoke/MemberName 18 java/lang/String 36 java/lang/invoke/DirectMethodHandle methods 0
ciMethod java/lang/invoke/LambdaForm$MH+0x000002e2013b3c00 guardWithCatch (Ljava/lang/Object;JJI)Ljava/lang/Object; 516 0 5170 0 -1
ciMethod java/lang/invoke/LambdaForm$MH+0x000002e2013b4800 invoke (Ljava/lang/Object;JJI)I 520 0 5183 0 -1
ciMethod java/lang/invoke/LambdaForm$MH+0x000002e2013b5400 guard (Ljava/lang/Object;JJI)Ljava/lang/Object; 516 0 5170 0 -1
ciMethod java/lang/invoke/LambdaForm$MH+0x000002e2013b5800 linkToCallSite (JJILjava/lang/Object;)Ljava/lang/Object; 516 0 5170 0 -1
ciMethodData java/lang/invoke/LambdaForm$MH+0x000002e2013b5800 linkToCallSite (JJILjava/lang/Object;)Ljava/lang/Object; 2 5170 orig 80 0 0 0 0 0 0 0 0 0 0 0 0 226 2 0 0 0 0 0 0 0 0 0 0 0 0 0 0 0 0 0 0 0 0 0 0 0 0 0 0 0 0 0 0 0 0 0 0 0 0 0 0 0 0 0 0 0 0 0 0 0 0 0 0 0 0 0 0 0 0 0 0 0 0 0 0 0 0 0 0 data 47 0x20004 0x0 0x0 0x0 0x0 0x0 0x0 0x5000a 0x1330 0x3 0x0 0x2e266c96d00 0x2e266c97b30 0xc0004 0x0 0x0 0x0 0x0 0x0 0x0 0x13000b 0x1330 0x0 0x0 0x0 0x0 0x0 0x1 0x2e260b07330 0x0 0x0 0x0 0x0 0x0 0x0 0x9 0x6 0x0 0x0 0x0 0x0 0x0 0x0 0xc 0x2 0x5 0x2e266c96d00 oops 4 11 org/robolectric/internal/bytecode/MethodCallSite 12 java/lang/invoke/BoundMethodHandle$Species_LLLL 28 java/lang/String 46 org/robolectric/internal/bytecode/MethodCallSite methods 0
ciMethodData java/lang/invoke/LambdaForm$MH+0x000002e201198000 guardWithCatch (Ljava/lang/Object;Ljava/lang/Object;)V 2 106271 orig 80 0 0 0 0 0 0 0 0 0 0 0 0 226 2 0 0 0 0 0 0 0 0 0 0 0 0 0 0 0 0 0 0 0 0 0 0 0 0 0 0 0 0 0 0 0 0 0 0 0 0 0 0 0 0 0 0 0 0 0 0 0 0 0 0 0 0 0 0 0 0 0 0 0 0 0 0 0 0 0 0 data 86 0x10004 0x0 0x0 0x2e265b99b40 0xe0f 0x0 0x0 0x220004 0x0 0x0 0x2e265b935b0 0xdbd 0x2e26543a450 0x52 0x26000b 0x19d9f 0x0 0x0 0x0 0x0 0x0 0x2 0x1 0x2 0x290003 0x19d9f 0x170 0x2e0004 0x0 0x0 0x0 0x0 0x0 0x0 0x32000b 0x0 0x0 0x0 0x0 0x0 0x0 0x2 0x1 0x0 0x350007 0x0 0xd0 0x0 0x3a0004 0x0 0x0 0x0 0x0 0x0 0x0 0x3f000b 0x0 0x0 0x0 0x0 0x0 0x0 0x4 0x1 0x0 0x2 0x0 0x420003 0x0 0x18 0x0 0x0 0x0 0x0 0x0 0x0 0x9 0x2 0x0 0x0 0xc 0x4 0x0 0x2e265b99b40 0x1 0x2 oops 4 3 java/lang/invoke/BoundMethodHandle$Species_LLLLL 10 java/lang/invoke/DirectMethodHandle$Special 12 java/lang/invoke/BoundMethodHandle$Species_LL 83 java/lang/invoke/BoundMethodHandle$Species_LLLLL methods 0
ciMethodData java/lang/invoke/LambdaForm$MH+0x000002e2011b2000 guard (Ljava/lang/Object;Ljava/lang/Object;Ljava/lang/Object;)V 2 53336 orig 80 0 0 0 0 0 0 0 0 0 0 0 0 226 2 0 0 0 0 0 0 0 0 0 0 0 0 0 0 0 0 0 0 0 0 0 0 0 0 0 0 0 0 0 0 0 0 0 0 0 0 0 0 0 0 0 0 0 0 0 0 0 0 0 0 0 0 0 0 0 0 0 0 0 0 0 0 0 0 0 0 data 114 0x10004 0x0 0x0 0x2e266c97b30 0x1491 0x0 0x0 0x1d0004 0x0 0x0 0x2e26543a450 0x1491 0x0 0x0 0x22000b 0xcf56 0x0 0x0 0x0 0x0 0x0 0x4 0x1 0x2 0x2 0x3 0x2d0004 0x0 0x0 0x2e260b182e0 0x1491 0x0 0x0 0x30000a 0xcf56 0x2 0x1 0x2e260b182e0 0x390007 0x0 0x108 0xcf56 0x3e0004 0x0 0x0 0x2e26543a500 0x1491 0x0 0x0 0x450004 0x0 0x0 0x0 0x0 0x0 0x0 0x4a000b 0xcf56 0x0 0x0 0x0 0x0 0x0 0x4 0x1 0x2 0x2 0x3 0x4d0003 0xcf55 0xe8 0x520004 0x0 0x0 0x0 0x0 0x0 0x0 0x590004 0x0 0x0 0x0 0x0 0x0 0x0 0x5e000b 0x0 0x0 0x0 0x0 0x0 0x0 0x4 0x1 0x0 0x2 0x0 0x0 0x0 0x0 0x0 0x0 0x0 0x9 0x3 0x0 0x0 0x0 0xc 0x4 0x0 0x2e266c97b30 0x1 0x2 oops 6 3 java/lang/invoke/BoundMethodHandle$Species_LLLL 10 java/lang/invoke/BoundMethodHandle$Species_LL 29 [I 37 [I 45 java/lang/invoke/MethodHandleImpl$CountingWrapper 111 java/lang/invoke/BoundMethodHandle$Species_LLLL methods 0
ciMethod android/database/sqlite/SQLiteQuery $$robo$init ()V 768 0 2700 0 0
ciMethod java/lang/invoke/LambdaForm$MH+0x000002e201406c00 delegate (Ljava/lang/Object;)J 714 0 11278 0 -1
ciMethodData java/lang/invoke/LambdaForm$MH+0x000002e201406c00 delegate (Ljava/lang/Object;)J 2 11278 orig 80 0 0 0 0 0 0 0 0 0 0 0 0 226 2 0 0 0 0 0 0 0 0 0 0 0 0 0 0 0 0 0 0 0 0 0 0 0 0 0 0 0 0 0 0 0 0 0 0 0 0 0 0 0 0 0 0 0 0 0 0 0 0 0 0 0 0 0 0 0 0 0 0 0 0 0 0 0 0 0 0 data 43 0x10004 0x0 0x0 0x2e26543a500 0x5 0x0 0x0 0x4000b 0x0 0x0 0x2e26543a500 0x2aa9 0x0 0x0 0x1 0x2e265b99b40 0x90004 0x0 0x0 0x2e265b99b40 0x5 0x0 0x0 0xc0005 0x2aa9 0x0 0x0 0x0 0x0 0x0 0x0 0x0 0x0 0x0 0x0 0x0 0x9 0x1 0x0 0xc 0x2 0x0 0x2e26543a500 oops 5 3 java/lang/invoke/MethodHandleImpl$CountingWrapper 10 java/lang/invoke/MethodHandleImpl$CountingWrapper 15 java/lang/invoke/BoundMethodHandle$Species_LLLLL 19 java/lang/invoke/BoundMethodHandle$Species_LLLLL 42 java/lang/invoke/MethodHandleImpl$CountingWrapper methods 0
ciMethodData org/robolectric/shadows/ShadowLegacySQLiteConnection$Connections executeStatementOperation (JJLorg/robolectric/shadows/ShadowLegacySQLiteConnection$Connections$StatementOperation;)Ljava/lang/Object; 2 5395 orig 80 0 0 0 0 0 0 0 0 0 0 0 0 226 2 0 0 0 0 0 0 0 0 0 0 0 0 0 0 0 0 0 0 0 0 0 0 0 0 0 0 0 0 0 0 0 0 0 0 0 0 0 0 0 0 0 0 0 0 0 0 0 0 0 0 0 0 0 0 0 0 0 0 0 0 0 0 0 0 0 0 data 31 0xb0005 0x0 0x0 0x2e2687ece90 0x1413 0x0 0x0 0x15000a 0x1413 0x5 0x0 0x2 0x1 0x2e2684fd2b0 0x2e2684fdef0 0x1a0002 0x1413 0x0 0x0 0x0 0x0 0x0 0x0 0x9 0x6 0x0 0x0 0x0 0x0 0x0 0x0 oops 3 3 org/robolectric/shadows/ShadowLegacySQLiteConnection$Connections 13 com/almworks/sqlite4java/SQLiteStatement 14 org/robolectric/shadows/ShadowLegacySQLiteConnection$Connections$$Lambda$191+0x000002e20137f968 methods 0
ciMethodData org/robolectric/shadows/ShadowLegacySQLiteConnection$Connections$$Lambda$191+0x000002e20137f968 <init> (Lorg/robolectric/shadows/ShadowLegacySQLiteConnection$Connections$StatementOperation;Lcom/almworks/sqlite4java/SQLiteStatement;)V 2 5395 orig 80 0 0 0 0 0 0 0 0 0 0 0 0 226 2 0 0 0 0 0 0 0 0 0 0 0 0 0 0 0 0 0 0 0 0 0 0 0 0 0 0 0 0 0 0 0 0 0 0 0 0 0 0 0 0 0 0 0 0 0 0 0 0 0 0 0 0 0 0 0 0 0 0 0 0 0 0 0 0 0 0 data 11 0x10002 0x1413 0x0 0x0 0x0 0x0 0x9 0x3 0x6 0x0 0x0 oops 0 methods 0
ciMethodData org/robolectric/shadows/ShadowLooper looperMode ()Lorg/robolectric/annotation/LooperMode$Mode; 2 5398 orig 80 0 0 0 0 0 0 0 0 0 0 0 0 226 2 0 0 0 0 0 0 0 0 0 0 0 0 0 0 0 0 0 0 0 0 0 0 0 0 0 0 0 0 0 0 0 0 0 0 0 0 0 0 0 0 0 0 0 0 0 0 0 0 0 0 0 0 0 0 0 0 0 0 0 0 0 0 0 0 0 0 data 21 0x90007 0x140f 0x68 0x4 0xe0002 0x4 0x110004 0x0 0x0 0x2e2670697b0 0x4 0x0 0x0 0x0 0x0 0x0 0x0 0x0 0x0 0x9 0x0 oops 1 9 org/robolectric/annotation/LooperMode$Mode methods 0
ciMethod java/lang/invoke/LambdaForm$MH+0x000002e201414000 delegate (Ljava/lang/Object;JJ)I 786 0 21249 0 -1
ciMethodData java/lang/invoke/LambdaForm$MH+0x000002e201414000 delegate (Ljava/lang/Object;JJ)I 2 21250 orig 80 0 0 0 0 0 0 0 0 0 0 0 0 226 2 0 0 0 0 0 0 0 0 0 0 0 0 0 0 0 0 0 0 0 0 0 0 0 0 0 0 0 0 0 0 0 0 0 0 0 0 0 0 0 0 0 0 0 0 0 0 0 0 0 0 0 0 0 0 0 0 0 0 0 0 0 0 0 0 0 0 data 47 0x10004 0x0 0x0 0x2e26543a500 0x5b3 0x0 0x0 0x4000b 0x0 0x0 0x2e26543a500 0x5178 0x0 0x0 0x1 0x2e265b99b40 0xb0004 0x0 0x0 0x0 0x0 0x0 0x0 0x100005 0x5178 0x0 0x0 0x0 0x0 0x0 0x0 0x0 0x0 0x0 0x0 0x0 0x9 0x5 0x0 0x0 0x0 0x0 0x0 0xc 0x2 0x0 0x2e26543a500 oops 4 3 java/lang/invoke/MethodHandleImpl$CountingWrapper 10 java/lang/invoke/MethodHandleImpl$CountingWrapper 15 java/lang/invoke/BoundMethodHandle$Species_LLLLL 46 java/lang/invoke/MethodHandleImpl$CountingWrapper methods 0
ciMethod java/lang/invoke/LambdaForm$MH+0x000002e201414800 delegate (Ljava/lang/Object;JJ)V 512 0 7182 0 -1
ciMethodData java/lang/invoke/LambdaForm$MH+0x000002e201414800 delegate (Ljava/lang/Object;JJ)V 2 7182 orig 80 0 0 0 0 0 0 0 0 0 0 0 0 226 2 0 0 0 0 0 0 0 0 0 0 0 0 0 0 0 0 0 0 0 0 0 0 0 0 0 0 0 0 0 0 0 0 0 0 0 0 0 0 0 0 0 0 0 0 0 0 0 0 0 0 0 0 0 0 0 0 0 0 0 0 0 0 0 0 0 0 data 47 0x10004 0x0 0x0 0x2e26543a500 0x454 0x0 0x0 0x4000b 0x0 0x0 0x2e26543a500 0x1b0e 0x0 0x0 0x1 0x2e265b99b40 0xb0004 0x0 0x0 0x0 0x0 0x0 0x0 0x100005 0x1b0e 0x0 0x0 0x0 0x0 0x0 0x0 0x0 0x0 0x0 0x0 0x0 0x9 0x5 0x0 0x0 0x0 0x0 0x0 0xc 0x2 0x0 0x2e26543a500 oops 4 3 java/lang/invoke/MethodHandleImpl$CountingWrapper 10 java/lang/invoke/MethodHandleImpl$CountingWrapper 15 java/lang/invoke/BoundMethodHandle$Species_LLLLL 46 java/lang/invoke/MethodHandleImpl$CountingWrapper methods 0
ciMethodData java/lang/invoke/LambdaForm$MH+0x000002e2011af000 invoke (Ljava/lang/Object;Ljava/lang/Object;I)I 2 65178 orig 80 0 0 0 0 0 0 0 0 0 0 0 0 226 2 0 0 0 0 0 0 0 0 0 0 0 0 0 0 0 0 0 0 0 0 0 0 0 0 0 0 0 0 0 0 0 0 0 0 0 0 0 0 0 0 0 0 0 0 0 0 0 0 0 0 0 0 0 0 0 0 0 0 0 0 0 0 0 0 0 0 data 73 0x10004 0x0 0x0 0x2e26543a450 0xcb0 0x0 0x0 0xb0004 0x0 0x0 0x2e26543a450 0xcb0 0x0 0x0 0xe000b 0xfd97 0x0 0x0 0x0 0x0 0x0 0x1 0x2e26543c700 0x1b0004 0x0 0x0 0x2e26543c700 0xfd97 0x0 0x0 0x230004 0x0 0x0 0x2e260b09740 0xcb0 0x0 0x0 0x26000a 0xfd97 0x4 0x0 0x2e26543c700 0x1 0x2e260b09740 0x2b000a 0xfd98 0x2 0x0 0x2e26543c700 0x300005 0xfd98 0x0 0x0 0x0 0x0 0x0 0x0 0x0 0x0 0x0 0x0 0x0 0x9 0x3 0x0 0x0 0x0 0xc 0x4 0x0 0x2e26543a450 0x1 0x2 oops 9 3 java/lang/invoke/BoundMethodHandle$Species_LL 10 java/lang/invoke/BoundMethodHandle$Species_LL 22 java/lang/invoke/BoundMethodHandle$Species_I 26 java/lang/invoke/BoundMethodHandle$Species_I 33 java/lang/invoke/MethodType 41 java/lang/invoke/BoundMethodHandle$Species_I 43 java/lang/invoke/MethodType 48 java/lang/invoke/BoundMethodHandle$Species_I 70 java/lang/invoke/BoundMethodHandle$Species_LL methods 0
ciMethodData java/lang/invoke/LambdaForm$MH+0x000002e2011b0800 guardWithCatch (Ljava/lang/Object;Ljava/lang/Object;Ljava/lang/Object;)V 2 52603 orig 80 0 0 0 0 0 0 0 0 0 0 0 0 226 2 0 0 0 0 0 0 0 0 0 0 0 0 0 0 0 0 0 0 0 0 0 0 0 0 0 0 0 0 0 0 0 0 0 0 0 0 0 0 0 0 0 0 0 0 0 0 0 0 0 0 0 0 0 0 0 0 0 0 0 0 0 0 0 0 0 0 data 89 0x10004 0x0 0x0 0x2e265b99b40 0x12b7 0x0 0x0 0x230004 0x0 0x0 0x2e265b935b0 0x123a 0x2e26543a450 0x7d 0x28000b 0xcbf9 0x0 0x0 0x0 0x0 0x0 0x4 0x1 0x2 0x2 0x3 0x2b0003 0xcbf8 0x170 0x310004 0x0 0x0 0x0 0x0 0x0 0x0 0x35000b 0x0 0x0 0x0 0x0 0x0 0x0 0x2 0x1 0x0 0x380007 0x0 0xd0 0x0 0x3d0004 0x0 0x0 0x0 0x0 0x0 0x0 0x43000b 0x0 0x0 0x0 0x0 0x0 0x0 0x4 0x1 0x0 0x2 0x0 0x460003 0x0 0x18 0x0 0x0 0x0 0x0 0x0 0x0 0x9 0x3 0x0 0x0 0x0 0xc 0x4 0x0 0x2e265b99b40 0x1 0x2 oops 4 3 java/lang/invoke/BoundMethodHandle$Species_LLLLL 10 java/lang/invoke/DirectMethodHandle$Special 12 java/lang/invoke/BoundMethodHandle$Species_LL 86 java/lang/invoke/BoundMethodHandle$Species_LLLLL methods 0
ciMethod java/lang/invoke/LambdaForm$MH+0x000002e201414c00 delegate (Ljava/lang/Object;)I 512 0 7985 0 -1
ciMethodData java/lang/invoke/LambdaForm$MH+0x000002e201414c00 delegate (Ljava/lang/Object;)I 2 7985 orig 80 0 0 0 0 0 0 0 0 0 0 0 0 226 2 0 0 0 0 0 0 0 0 0 0 0 0 0 0 0 0 0 0 0 0 0 0 0 0 0 0 0 0 0 0 0 0 0 0 0 0 0 0 0 0 0 0 0 0 0 0 0 0 0 0 0 0 0 0 0 0 0 0 0 0 0 0 0 0 0 0 data 43 0x10004 0x0 0x0 0x2e26543a500 0x588 0x0 0x0 0x4000b 0x0 0x0 0x2e26543a500 0x1e31 0x0 0x0 0x1 0x2e265b99b40 0x90004 0x0 0x0 0x2e265b99b40 0x1 0x0 0x0 0xc0005 0x1e31 0x0 0x0 0x0 0x0 0x0 0x0 0x0 0x0 0x0 0x0 0x0 0x9 0x1 0x0 0xc 0x2 0x0 0x2e26543a500 oops 5 3 java/lang/invoke/MethodHandleImpl$CountingWrapper 10 java/lang/invoke/MethodHandleImpl$CountingWrapper 15 java/lang/invoke/BoundMethodHandle$Species_LLLLL 19 java/lang/invoke/BoundMethodHandle$Species_LLLLL 42 java/lang/invoke/MethodHandleImpl$CountingWrapper methods 0
ciMethodData java/lang/invoke/LambdaForm$MH+0x000002e201184800 invoke (Ljava/lang/Object;)I 2 36980 orig 80 0 0 0 0 0 0 0 0 0 0 0 0 226 2 0 0 0 0 0 0 0 0 0 0 0 0 0 0 0 0 0 0 0 0 0 0 0 0 0 0 0 0 0 0 0 0 0 0 0 0 0 0 0 0 0 0 0 0 0 0 0 0 0 0 0 0 0 0 0 0 0 0 0 0 0 0 0 0 0 0 data 69 0x10004 0x0 0x0 0x2e26543a450 0x914 0x0 0x0 0xb0004 0x0 0x0 0x2e26543a450 0x914 0x0 0x0 0xe000b 0x8f74 0x0 0x0 0x0 0x0 0x0 0x1 0x2e26543c700 0x180004 0x0 0x0 0x2e26543c700 0x8f74 0x0 0x0 0x1e0004 0x0 0x0 0x2e260b09740 0x914 0x0 0x0 0x21000a 0x8f74 0x4 0x0 0x2e26543c700 0x1 0x2e260b09740 0x25000a 0x8f74 0x2 0x0 0x2e26543c700 0x290005 0x8f74 0x0 0x0 0x0 0x0 0x0 0x0 0x0 0x0 0x0 0x0 0x0 0x9 0x1 0x0 0xc 0x2 0x0 0x2e26543a450 oops 9 3 java/lang/invoke/BoundMethodHandle$Species_LL 10 java/lang/invoke/BoundMethodHandle$Species_LL 22 java/lang/invoke/BoundMethodHandle$Species_I 26 java/lang/invoke/BoundMethodHandle$Species_I 33 java/lang/invoke/MethodType 41 java/lang/invoke/BoundMethodHandle$Species_I 43 java/lang/invoke/MethodType 48 java/lang/invoke/BoundMethodHandle$Species_I 68 java/lang/invoke/BoundMethodHandle$Species_LL methods 0
ciMethodData java/lang/invoke/LambdaForm$MH+0x000002e201287000 guard (Ljava/lang/Object;Ljava/lang/Object;Ljava/lang/Object;)Ljava/lang/Object; 2 24294 orig 80 0 0 0 0 0 0 0 0 0 0 0 0 226 2 0 0 0 0 0 0 0 0 0 0 0 0 0 0 0 0 0 0 0 0 0 0 0 0 0 0 0 0 0 0 0 0 0 0 0 0 0 0 0 0 0 0 0 0 0 0 0 0 0 0 0 0 0 0 0 0 0 0 0 0 0 0 0 0 0 0 data 116 0x10004 0x0 0x0 0x2e266c97b30 0x87b 0x0 0x0 0x1d0004 0x0 0x0 0x2e26543a450 0x87b 0x0 0x0 0x22000b 0x5dde 0x0 0x0 0x0 0x0 0x0 0x4 0x1 0x2 0x2 0x3 0x2d0004 0x0 0x0 0x2e260b182e0 0x87b 0x0 0x0 0x30000a 0x5dde 0x2 0x1 0x2e260b182e0 0x390007 0x0 0x110 0x5dde 0x3e0004 0x0 0x0 0x2e26543a500 0x87b 0x0 0x0 0x450004 0x0 0x0 0x2e26543a500 0x3 0x0 0x0 0x4a000b 0x5dde 0x0 0x0 0x0 0x0 0x0 0x5 0x1 0x2 0x2 0x3 0x3 0x4d0003 0x5dde 0xf0 0x520004 0x0 0x0 0x0 0x0 0x0 0x0 0x590004 0x0 0x0 0x0 0x0 0x0 0x0 0x5e000b 0x0 0x0 0x0 0x0 0x0 0x0 0x5 0x1 0x0 0x2 0x0 0x0 0x0 0x0 0x0 0x0 0x0 0x0 0x9 0x3 0x0 0x0 0x0 0xc 0x4 0x0 0x2e266c97b30 0x1 0x2 oops 7 3 java/lang/invoke/BoundMethodHandle$Species_LLLL 10 java/lang/invoke/BoundMethodHandle$Species_LL 29 [I 37 [I 45 java/lang/invoke/MethodHandleImpl$CountingWrapper 52 java/lang/invoke/MethodHandleImpl$CountingWrapper 113 java/lang/invoke/BoundMethodHandle$Species_LLLL methods 0
ciMethodData java/lang/invoke/LambdaForm$MH+0x000002e2011f5800 guard (Ljava/lang/Object;Ljava/lang/Object;)I 2 66404 orig 80 0 0 0 0 0 0 0 0 0 0 0 0 226 2 0 0 0 0 0 0 0 0 0 0 0 0 0 0 0 0 0 0 0 0 0 0 0 0 0 0 0 0 0 0 0 0 0 0 0 0 0 0 0 0 0 0 0 0 0 0 0 0 0 0 0 0 0 0 0 0 0 0 0 0 0 0 0 0 0 0 data 107 0x10004 0x0 0x0 0x2e266c97b30 0xb07 0x0 0x0 0x1c0004 0x0 0x0 0x2e26543a450 0xb07 0x0 0x0 0x20000b 0x1025b 0x0 0x0 0x0 0x0 0x0 0x2 0x1 0x3 0x2b0004 0x0 0x0 0x2e260b182e0 0xb07 0x0 0x0 0x2e000a 0x1025b 0x2 0x1 0x2e260b182e0 0x370007 0x0 0xf8 0x1025b 0x3b0004 0x0 0x0 0x2e26543a500 0xb07 0x0 0x0 0x420004 0x0 0x0 0x2e26543a500 0x2 0x0 0x0 0x46000b 0x1025b 0x0 0x0 0x0 0x0 0x0 0x2 0x1 0x3 0x490003 0x1025a 0xd8 0x4e0004 0x0 0x0 0x0 0x0 0x0 0x0 0x550004 0x0 0x0 0x0 0x0 0x0 0x0 0x59000b 0x0 0x0 0x0 0x0 0x0 0x0 0x2 0x1 0x0 0x0 0x0 0x0 0x0 0x0 0x0 0x9 0x2 0x0 0x0 0xc 0x4 0x0 0x2e266c97b30 0x1 0x3 oops 7 3 java/lang/invoke/BoundMethodHandle$Species_LLLL 10 java/lang/invoke/BoundMethodHandle$Species_LL 27 [I 35 [I 43 java/lang/invoke/MethodHandleImpl$CountingWrapper 50 java/lang/invoke/MethodHandleImpl$CountingWrapper 104 java/lang/invoke/BoundMethodHandle$Species_LLLL methods 0
ciMethod java/lang/invoke/LambdaForm$MH+0x000002e201415000 delegate (Ljava/lang/Object;Ljava/lang/Object;Ljava/lang/Object;ILjava/lang/Object;Ljava/lang/Object;)V 1024 0 5365 0 -1
ciMethodData java/lang/invoke/LambdaForm$MH+0x000002e201415000 delegate (Ljava/lang/Object;Ljava/lang/Object;Ljava/lang/Object;ILjava/lang/Object;Ljava/lang/Object;)V 2 5365 orig 80 0 0 0 0 0 0 0 0 0 0 0 0 0 0 0 0 0 0 0 0 0 0 0 0 0 0 0 0 0 0 0 0 0 0 0 0 0 0 0 0 0 0 0 0 0 0 0 0 0 0 0 0 0 0 0 0 0 0 0 0 0 0 0 0 0 0 0 0 0 0 0 0 0 0 0 0 0 0 0 0 data 55 0x10004 0x0 0x0 0x2e26543a500 0x75 0x0 0x0 0x4000b 0x0 0x0 0x2e26543a500 0x12f6 0x0 0x0 0x1 0x2e265b99b40 0xb0004 0x0 0x0 0x2e265b99b40 0x6 0x0 0x0 0x15000b 0x12f6 0x0 0x0 0x0 0x0 0x0 0x4 0x1 0x2e2686c8850 0x2 0x2e260b07330 0x0 0x0 0x0 0x0 0x0 0x0 0x9 0x6 0x0 0x0 0x0 0x0 0x0 0x0 0xc 0x4 0x0 0x2e26543a500 0x1 0x2e2686c8850 oops 8 3 java/lang/invoke/MethodHandleImpl$CountingWrapper 10 java/lang/invoke/MethodHandleImpl$CountingWrapper 15 java/lang/invoke/BoundMethodHandle$Species_LLLLL 19 java/lang/invoke/BoundMethodHandle$Species_LLLLL 32 android/database/sqlite/SQLiteSession 34 java/lang/String 52 java/lang/invoke/MethodHandleImpl$CountingWrapper 54 android/database/sqlite/SQLiteSession methods 0
ciMethodData java/lang/invoke/LambdaForm$MH+0x000002e2011b8000 guard (Ljava/lang/Object;Ljava/lang/Object;I)I 2 36157 orig 80 0 0 0 0 0 0 0 0 0 0 0 0 226 2 0 0 0 0 0 0 0 0 0 0 0 0 0 0 0 0 0 0 0 0 0 0 0 0 0 0 0 0 0 0 0 0 0 0 0 0 0 0 0 0 0 0 0 0 0 0 0 0 0 0 0 0 0 0 0 0 0 0 0 0 0 0 0 0 0 0 data 108 0x10004 0x0 0x0 0x2e266c97b30 0xabd 0x0 0x0 0x1d0004 0x0 0x0 0x2e26543a450 0xabd 0x0 0x0 0x22000b 0x8c3a 0x0 0x0 0x0 0x0 0x0 0x2 0x1 0x2 0x2d0004 0x0 0x0 0x2e260b182e0 0xabd 0x0 0x0 0x30000a 0x8c3a 0x2 0x1 0x2e260b182e0 0x390007 0x0 0xf8 0x8c3a 0x3e0004 0x0 0x0 0x2e26543a500 0xabd 0x0 0x0 0x450004 0x0 0x0 0x0 0x0 0x0 0x0 0x4a000b 0x8c3a 0x0 0x0 0x0 0x0 0x0 0x2 0x1 0x2 0x4d0003 0x8c3a 0xd8 0x520004 0x0 0x0 0x0 0x0 0x0 0x0 0x590004 0x0 0x0 0x0 0x0 0x0 0x0 0x5e000b 0x0 0x0 0x0 0x0 0x0 0x0 0x2 0x1 0x0 0x0 0x0 0x0 0x0 0x0 0x0 0x9 0x3 0x0 0x0 0x0 0xc 0x4 0x0 0x2e266c97b30 0x1 0x2 oops 6 3 java/lang/invoke/BoundMethodHandle$Species_LLLL 10 java/lang/invoke/BoundMethodHandle$Species_LL 27 [I 35 [I 43 java/lang/invoke/MethodHandleImpl$CountingWrapper 105 java/lang/invoke/BoundMethodHandle$Species_LLLL methods 0
ciMethodData java/lang/invoke/LambdaForm$MH+0x000002e201286000 guardWithCatch (Ljava/lang/Object;Ljava/lang/Object;Ljava/lang/Object;)Ljava/lang/Object; 2 24296 orig 80 0 0 0 0 0 0 0 0 0 0 0 0 226 2 0 0 0 0 0 0 0 0 0 0 0 0 0 0 0 0 0 0 0 0 0 0 0 0 0 0 0 0 0 0 0 0 0 0 0 0 0 0 0 0 0 0 0 0 0 0 0 0 0 0 0 0 0 0 0 0 0 0 0 0 0 0 0 0 0 0 data 91 0x10004 0x0 0x0 0x2e265b99b40 0x801 0x0 0x0 0x230004 0x0 0x0 0x2e265b935b0 0x6bf 0x2e260b09350 0x139 0x28000b 0x5d66 0x0 0x0 0x0 0x0 0x0 0x5 0x1 0x2 0x2 0x3 0x3 0x2b0003 0x5d66 0x178 0x310004 0x0 0x0 0x0 0x0 0x0 0x0 0x35000b 0x0 0x0 0x0 0x0 0x0 0x0 0x2 0x1 0x0 0x380007 0x0 0xd8 0x0 0x3d0004 0x0 0x0 0x0 0x0 0x0 0x0 0x43000b 0x0 0x0 0x0 0x0 0x0 0x0 0x5 0x1 0x0 0x2 0x0 0x0 0x460003 0x0 0x18 0x0 0x0 0x0 0x0 0x0 0x0 0x9 0x3 0x0 0x0 0x0 0xc 0x4 0x0 0x2e265b99b40 0x1 0x2 oops 4 3 java/lang/invoke/BoundMethodHandle$Species_LLLLL 10 java/lang/invoke/DirectMethodHandle$Special 12 java/lang/invoke/DirectMethodHandle 88 java/lang/invoke/BoundMethodHandle$Species_LLLLL methods 0
ciMethodData java/lang/invoke/LambdaForm$MH+0x000002e201391000 invoke (Ljava/lang/Object;JJ)I 2 28481 orig 80 0 0 0 0 0 0 0 0 0 0 0 0 226 2 0 0 0 0 0 0 0 0 0 0 0 0 0 0 0 0 0 0 0 0 0 0 0 0 0 0 0 0 0 0 0 0 0 0 0 0 0 0 0 0 0 0 0 0 0 0 0 0 0 0 0 0 0 0 0 0 0 0 0 0 0 0 0 0 0 0 data 73 0x10004 0x0 0x0 0x2e26543a450 0xb42 0x0 0x0 0xd0004 0x0 0x0 0x2e26543a450 0xb42 0x0 0x0 0x10000b 0x6dc1 0x0 0x0 0x0 0x0 0x0 0x1 0x2e26543c700 0x1d0004 0x0 0x0 0x2e26543c700 0x6dc1 0x0 0x0 0x250004 0x0 0x0 0x2e260b09740 0xb42 0x0 0x0 0x28000a 0x6dc1 0x4 0x0 0x2e26543c700 0x1 0x2e260b09740 0x2d000a 0x6dc1 0x2 0x0 0x2e26543c700 0x320005 0x6dc1 0x0 0x0 0x0 0x0 0x0 0x0 0x0 0x0 0x0 0x0 0x0 0x9 0x5 0x0 0x0 0x0 0x0 0x0 0xc 0x2 0x0 0x2e26543a450 oops 9 3 java/lang/invoke/BoundMethodHandle$Species_LL 10 java/lang/invoke/BoundMethodHandle$Species_LL 22 java/lang/invoke/BoundMethodHandle$Species_I 26 java/lang/invoke/BoundMethodHandle$Species_I 33 java/lang/invoke/MethodType 41 java/lang/invoke/BoundMethodHandle$Species_I 43 java/lang/invoke/MethodType 48 java/lang/invoke/BoundMethodHandle$Species_I 72 java/lang/invoke/BoundMethodHandle$Species_LL methods 0
ciMethodData java/lang/invoke/LambdaForm$MH+0x000002e2011f6400 guardWithCatch (Ljava/lang/Object;Ljava/lang/Object;)Ljava/lang/Object; 2 27762 orig 80 1 0 0 0 0 0 0 0 0 0 0 0 226 2 0 0 0 0 0 0 4 0 0 0 0 0 0 0 0 0 0 0 0 0 0 0 0 0 0 0 0 0 0 0 0 0 0 0 0 0 0 0 0 0 0 0 0 0 0 0 0 0 0 0 0 0 0 0 0 0 0 0 0 0 0 0 0 0 0 0 data 88 0x10004 0x0 0x0 0x2e265b99b40 0x1253 0x0 0x0 0x8000000400220004 0x0 0x0 0x2e265b935b0 0x121f 0x2e260b09350 0x38 0x26000b 0x6465 0x0 0x0 0x0 0x0 0x0 0x3 0x1 0x3 0x3 0x290003 0x6465 0x178 0x2e0004 0x0 0x0 0x0 0x0 0x0 0x0 0x32000b 0x0 0x0 0x0 0x0 0x0 0x0 0x2 0x1 0x0 0x350007 0x0 0xd8 0x0 0x3a0004 0x0 0x0 0x0 0x0 0x0 0x0 0x3f000b 0x0 0x0 0x0 0x0 0x0 0x0 0x5 0x1 0x0 0x2 0x0 0x0 0x420003 0x0 0x18 0x0 0x0 0x0 0x0 0x0 0x0 0x9 0x2 0x0 0x0 0xc 0x4 0x0 0x2e265b99b40 0x1 0x3 oops 4 3 java/lang/invoke/BoundMethodHandle$Species_LLLLL 10 java/lang/invoke/DirectMethodHandle$Special 12 java/lang/invoke/DirectMethodHandle 85 java/lang/invoke/BoundMethodHandle$Species_LLLLL methods 0
ciMethodData java/lang/invoke/LambdaForm$MH+0x000002e2011b5000 guardWithCatch (Ljava/lang/Object;Ljava/lang/Object;I)I 2 32525 orig 80 0 0 0 0 0 0 0 0 0 0 0 0 226 2 0 0 0 0 0 0 0 0 0 0 0 0 0 0 0 0 0 0 0 0 0 0 0 0 0 0 0 0 0 0 0 0 0 0 0 0 0 0 0 0 0 0 0 0 0 0 0 0 0 0 0 0 0 0 0 0 0 0 0 0 0 0 0 0 0 0 data 87 0x10004 0x0 0x0 0x2e265b99b40 0xb18 0x0 0x0 0x230004 0x0 0x0 0x2e265b935b0 0x971 0x2e260b09350 0x1a7 0x28000b 0x7d8c 0x0 0x0 0x0 0x0 0x0 0x2 0x1 0x2 0x2b0003 0x7d8c 0x170 0x310004 0x0 0x0 0x0 0x0 0x0 0x0 0x35000b 0x0 0x0 0x0 0x0 0x0 0x0 0x2 0x1 0x0 0x380007 0x0 0xd0 0x0 0x3d0004 0x0 0x0 0x0 0x0 0x0 0x0 0x43000b 0x0 0x0 0x0 0x0 0x0 0x0 0x4 0x1 0x0 0x2 0x0 0x460003 0x0 0x18 0x0 0x0 0x0 0x0 0x0 0x0 0x9 0x3 0x0 0x0 0x0 0xc 0x4 0x0 0x2e265b99b40 0x1 0x2 oops 4 3 java/lang/invoke/BoundMethodHandle$Species_LLLLL 10 java/lang/invoke/DirectMethodHandle$Special 12 java/lang/invoke/DirectMethodHandle 84 java/lang/invoke/BoundMethodHandle$Species_LLLLL methods 0
ciMethodData java/lang/invoke/LambdaForm$MH+0x000002e20127d400 invoke (Ljava/lang/Object;Ljava/lang/Object;Ljava/lang/Object;Ljava/lang/Object;Ljava/lang/Object;)I 2 22254 orig 80 0 0 0 0 0 0 0 0 0 0 0 0 226 2 0 0 0 0 0 0 0 0 0 0 0 0 0 0 0 0 0 0 0 0 0 0 0 0 0 0 0 0 0 0 0 0 0 0 0 0 0 0 0 0 0 0 0 0 0 0 0 0 0 0 0 0 0 0 0 0 0 0 0 0 0 0 0 0 0 0 data 75 0x10004 0x0 0x0 0x2e26543a450 0xbd9 0x0 0x0 0xd0004 0x0 0x0 0x2e26543a450 0xbd9 0x0 0x0 0x10000b 0x55ed 0x0 0x0 0x0 0x0 0x0 0x1 0x2e26543c700 0x1d0004 0x0 0x0 0x2e26543c700 0x55ed 0x0 0x0 0x250004 0x0 0x0 0x2e260b09740 0xbd9 0x0 0x0 0x28000a 0x55ed 0x4 0x0 0x2e26543c700 0x1 0x2e260b09740 0x2d000a 0x55ed 0x2 0x0 0x2e26543c700 0x320005 0x55ed 0x0 0x0 0x0 0x0 0x0 0x0 0x0 0x0 0x0 0x0 0x0 0x9 0x5 0x0 0x0 0x0 0x0 0x0 0xc 0x4 0x0 0x2e26543a450 0x1 0x2 oops 9 3 java/lang/invoke/BoundMethodHandle$Species_LL 10 java/lang/invoke/BoundMethodHandle$Species_LL 22 java/lang/invoke/BoundMethodHandle$Species_I 26 java/lang/invoke/BoundMethodHandle$Species_I 33 java/lang/invoke/MethodType 41 java/lang/invoke/BoundMethodHandle$Species_I 43 java/lang/invoke/MethodType 48 java/lang/invoke/BoundMethodHandle$Species_I 72 java/lang/invoke/BoundMethodHandle$Species_LL methods 0
ciMethodData java/lang/invoke/LambdaForm$MH+0x000002e2011a4400 guard (Ljava/lang/Object;)J 2 11310 orig 80 0 0 0 0 0 0 0 0 0 0 0 0 226 2 0 0 0 0 0 0 0 0 0 0 0 0 0 0 0 0 0 0 0 0 0 0 0 0 0 0 0 0 0 0 0 0 0 0 0 0 0 0 0 0 0 0 0 0 0 0 0 0 0 0 0 0 0 0 0 0 0 0 0 0 0 0 0 0 0 0 data 95 0x10004 0x0 0x0 0x2e266c97b30 0x89 0x0 0x0 0x1b0004 0x0 0x0 0x2e26543a450 0x89 0x0 0x0 0x1e0005 0x2b2d 0x0 0x0 0x0 0x0 0x0 0x290004 0x0 0x0 0x2e260b182e0 0x89 0x0 0x0 0x2c000a 0x2b2d 0x2 0x1 0x2e260b182e0 0x350007 0x0 0xe0 0x2b2d 0x390004 0x0 0x0 0x2e26543a500 0x89 0x0 0x0 0x400004 0x0 0x0 0x2e26543a500 0x1 0x0 0x0 0x430005 0x2b2d 0x0 0x0 0x0 0x0 0x0 0x460003 0x2b2d 0xc0 0x4a0004 0x0 0x0 0x0 0x0 0x0 0x0 0x510004 0x0 0x0 0x0 0x0 0x0 0x0 0x540005 0x0 0x0 0x0 0x0 0x0 0x0 0x0 0x0 0x0 0x0 0x0 0x0 0x9 0x1 0x0 0xc 0x2 0x0 0x2e266c97b30 oops 7 3 java/lang/invoke/BoundMethodHandle$Species_LLLL 10 java/lang/invoke/BoundMethodHandle$Species_LL 24 [I 32 [I 40 java/lang/invoke/MethodHandleImpl$CountingWrapper 47 java/lang/invoke/MethodHandleImpl$CountingWrapper 94 java/lang/invoke/BoundMethodHandle$Species_LLLL methods 0
ciMethodData java/lang/invoke/LambdaForm$MH+0x000002e2011f4800 guardWithCatch (Ljava/lang/Object;Ljava/lang/Object;)I 2 67167 orig 80 0 0 0 0 0 0 0 0 0 0 0 0 0 0 0 0 0 0 0 0 0 0 0 0 0 0 0 0 0 0 0 0 0 0 0 0 0 0 0 0 0 0 0 0 0 0 0 0 0 0 0 0 0 0 0 0 0 0 0 0 0 0 0 0 0 0 0 0 0 0 0 0 0 0 0 0 0 0 0 0 data 86 0x10004 0x0 0x0 0x2e265b99b40 0xd0b 0x0 0x0 0x220004 0x0 0x0 0x2e265b935b0 0xb86 0x2e260b09350 0x185 0x26000b 0x10460 0x0 0x0 0x0 0x0 0x0 0x2 0x1 0x3 0x290003 0x1045f 0x170 0x2e0004 0x0 0x0 0x0 0x0 0x0 0x0 0x32000b 0x0 0x0 0x0 0x0 0x0 0x0 0x2 0x1 0x0 0x350007 0x0 0xd0 0x0 0x3a0004 0x0 0x0 0x0 0x0 0x0 0x0 0x3f000b 0x0 0x0 0x0 0x0 0x0 0x0 0x4 0x1 0x0 0x2 0x0 0x420003 0x0 0x18 0x0 0x0 0x0 0x0 0x0 0x0 0x9 0x2 0x0 0x0 0xc 0x4 0x0 0x2e265b99b40 0x1 0x3 oops 4 3 java/lang/invoke/BoundMethodHandle$Species_LLLLL 10 java/lang/invoke/DirectMethodHandle$Special 12 java/lang/invoke/DirectMethodHandle 83 java/lang/invoke/BoundMethodHandle$Species_LLLLL methods 0
ciMethodData java/lang/invoke/LambdaForm$MH+0x000002e20122a400 invoke (Ljava/lang/Object;Ljava/lang/Object;Ljava/lang/Object;Ljava/lang/Object;)I 2 18687 orig 80 0 0 0 0 0 0 0 0 0 0 0 0 226 2 0 0 0 0 0 0 0 0 0 0 0 0 0 0 0 0 0 0 0 0 0 0 0 0 0 0 0 0 0 0 0 0 0 0 0 0 0 0 0 0 0 0 0 0 0 0 0 0 0 0 0 0 0 0 0 0 0 0 0 0 0 0 0 0 0 0 data 74 0x10004 0x0 0x0 0x2e26543a450 0xeae 0x0 0x0 0xd0004 0x0 0x0 0x2e26543a450 0xeae 0x0 0x0 0x10000b 0x47fd 0x0 0x0 0x0 0x0 0x0 0x1 0x2e26543c700 0x1d0004 0x0 0x0 0x2e26543c700 0x47fd 0x0 0x0 0x250004 0x0 0x0 0x2e260b09740 0xeae 0x0 0x0 0x28000a 0x47fd 0x4 0x0 0x2e26543c700 0x1 0x2e260b09740 0x2d000a 0x47fd 0x2 0x0 0x2e26543c700 0x320005 0x47fd 0x0 0x0 0x0 0x0 0x0 0x0 0x0 0x0 0x0 0x0 0x0 0x9 0x4 0x0 0x0 0x0 0x0 0xc 0x4 0x0 0x2e26543a450 0x1 0x2 oops 9 3 java/lang/invoke/BoundMethodHandle$Species_LL 10 java/lang/invoke/BoundMethodHandle$Species_LL 22 java/lang/invoke/BoundMethodHandle$Species_I 26 java/lang/invoke/BoundMethodHandle$Species_I 33 java/lang/invoke/MethodType 41 java/lang/invoke/BoundMethodHandle$Species_I 43 java/lang/invoke/MethodType 48 java/lang/invoke/BoundMethodHandle$Species_I 71 java/lang/invoke/BoundMethodHandle$Species_LL methods 0
ciMethodData java/lang/invoke/LambdaForm$MH+0x000002e20139f400 guard (Ljava/lang/Object;JJ)V 2 7272 orig 80 0 0 0 0 0 0 0 0 0 0 0 0 226 2 0 0 0 0 0 0 0 0 0 0 0 0 0 0 0 0 0 0 0 0 0 0 0 0 0 0 0 0 0 0 0 0 0 0 0 0 0 0 0 0 0 0 0 0 0 0 0 0 0 0 0 0 0 0 0 0 0 0 0 0 0 0 0 0 0 0 data 99 0x10004 0x0 0x0 0x2e266c97b30 0x4ae 0x0 0x0 0x1f0004 0x0 0x0 0x2e26543a450 0x4ae 0x0 0x0 0x240005 0x1b68 0x0 0x0 0x0 0x0 0x0 0x2f0004 0x0 0x0 0x2e260b182e0 0x4ae 0x0 0x0 0x32000a 0x1b68 0x2 0x1 0x2e260b182e0 0x3b0007 0x0 0xe0 0x1b68 0x400004 0x0 0x0 0x2e26543a500 0x4ae 0x0 0x0 0x470004 0x0 0x0 0x2e26543a500 0x1 0x0 0x0 0x4c0005 0x1b68 0x0 0x0 0x0 0x0 0x0 0x4f0003 0x1b68 0xc0 0x540004 0x0 0x0 0x0 0x0 0x0 0x0 0x5b0004 0x0 0x0 0x0 0x0 0x0 0x0 0x600005 0x0 0x0 0x0 0x0 0x0 0x0 0x0 0x0 0x0 0x0 0x0 0x0 0x9 0x5 0x0 0x0 0x0 0x0 0x0 0xc 0x2 0x0 0x2e266c97b30 oops 7 3 java/lang/invoke/BoundMethodHandle$Species_LLLL 10 java/lang/invoke/BoundMethodHandle$Species_LL 24 [I 32 [I 40 java/lang/invoke/MethodHandleImpl$CountingWrapper 47 java/lang/invoke/MethodHandleImpl$CountingWrapper 98 java/lang/invoke/BoundMethodHandle$Species_LLLL methods 0
ciMethodData android/database/sqlite/SQLiteStatement $$robo$init ()V 2 9436 orig 80 0 0 0 0 0 0 0 0 0 0 0 0 226 2 0 0 0 0 0 0 0 0 0 0 0 0 0 0 0 0 0 0 0 0 0 0 0 0 0 0 0 0 0 0 0 0 0 0 0 0 0 0 0 0 0 0 0 0 0 0 0 0 0 0 0 0 0 0 0 0 0 0 0 0 0 0 0 0 0 0 data 19 0x40007 0x1a81 0x50 0x959 0x9000a 0x959 0x3 0x0 0x2e266c917e0 0x2e260b072a0 0x0 0x0 0x0 0x0 0x0 0x0 0x9 0x1 0x0 oops 2 8 android/database/sqlite/SQLiteStatement 9 java/lang/Object methods 0
ciMethodData org/robolectric/shadows/ShadowSystem currentTimeMillis ()J 2 11255 orig 80 0 0 0 0 0 0 0 0 0 0 0 0 226 2 0 0 0 0 0 0 0 0 0 0 0 0 0 0 0 0 0 0 0 0 0 0 0 0 0 0 0 0 0 0 0 0 0 0 0 0 0 0 0 0 0 0 0 0 0 0 0 0 0 0 0 0 0 0 0 0 0 0 0 0 0 0 0 0 0 0 data 18 0x2 0x2a75 0x60007 0x2a75 0x30 0x0 0x90002 0x0 0xd0002 0x2a75 0x0 0x0 0x0 0x0 0x0 0x0 0x9 0x0 oops 0 methods 0
ciMethodData android/os/SystemClock uptimeMillis ()J 2 11308 orig 80 0 0 0 0 0 0 0 0 0 0 0 0 226 2 0 0 0 0 0 0 0 0 0 0 0 0 0 0 0 0 0 0 0 0 0 0 0 0 0 0 0 0 0 0 0 0 0 0 0 0 0 0 0 0 0 0 0 0 0 0 0 0 0 0 0 0 0 0 0 0 0 0 0 0 0 0 0 0 0 0 data 5 0x2 0x2aaa 0x0 0x9 0x0 oops 0 methods 0
ciMethodData android/database/DatabaseUtils getSqlStatementType (Ljava/lang/String;)I 2 20661 orig 80 0 0 0 0 0 0 0 0 0 0 0 0 226 2 0 0 0 0 0 0 0 0 0 0 0 0 0 0 0 0 0 0 0 0 0 0 0 0 0 0 0 0 0 0 0 0 0 0 0 0 0 0 0 0 0 0 0 0 0 0 0 0 0 0 0 0 0 0 0 0 0 0 0 0 0 0 0 0 0 0 data 10 0x1000a 0x4f30 0x2 0x0 0x2e260b07330 0x0 0x0 0x9 0x1 0x0 oops 1 4 java/lang/String methods 0
ciMethodData java/lang/invoke/LambdaForm$MH+0x000002e2011a2c00 guardWithCatch (Ljava/lang/Object;)J 2 11310 orig 80 0 0 0 0 0 0 0 0 0 0 0 0 226 2 0 0 0 0 0 0 0 0 0 0 0 0 0 0 0 0 0 0 0 0 0 0 0 0 0 0 0 0 0 0 0 0 0 0 0 0 0 0 0 0 0 0 0 0 0 0 0 0 0 0 0 0 0 0 0 0 0 0 0 0 0 0 0 0 0 0 data 78 0x10004 0x0 0x0 0x2e265b99b40 0xa 0x0 0x0 0x210004 0x0 0x0 0x2e260b09350 0xa 0x0 0x0 0x240005 0x2aae 0x0 0x0 0x0 0x0 0x0 0x270003 0x2aae 0x160 0x2c0004 0x0 0x0 0x0 0x0 0x0 0x0 0x30000b 0x0 0x0 0x0 0x0 0x0 0x0 0x2 0x1 0x0 0x330007 0x0 0xc0 0x0 0x370004 0x0 0x0 0x0 0x0 0x0 0x0 0x3b000b 0x0 0x0 0x0 0x0 0x0 0x0 0x2 0x1 0x0 0x3e0003 0x0 0x18 0x0 0x0 0x0 0x0 0x0 0x0 0x9 0x1 0x0 0xc 0x2 0x0 0x2e265b99b40 oops 3 3 java/lang/invoke/BoundMethodHandle$Species_LLLLL 10 java/lang/invoke/DirectMethodHandle 77 java/lang/invoke/BoundMethodHandle$Species_LLLLL methods 0
ciMethodData java/lang/invoke/LambdaForm$MH+0x000002e2011af800 guard (Ljava/lang/Object;Ljava/lang/Object;I)V 2 9906 orig 80 0 0 0 0 0 0 0 0 0 0 0 0 226 2 0 0 0 0 0 0 0 0 0 0 0 0 0 0 0 0 0 0 0 0 0 0 0 0 0 0 0 0 0 0 0 0 0 0 0 0 0 0 0 0 0 0 0 0 0 0 0 0 0 0 0 0 0 0 0 0 0 0 0 0 0 0 0 0 0 0 data 108 0x10004 0x0 0x0 0x2e266c97b30 0x6a2 0x0 0x0 0x1d0004 0x0 0x0 0x2e26543a450 0x6a2 0x0 0x0 0x22000b 0x25b1 0x0 0x0 0x0 0x0 0x0 0x2 0x1 0x2 0x2d0004 0x0 0x0 0x2e260b182e0 0x6a2 0x0 0x0 0x30000a 0x25b1 0x2 0x1 0x2e260b182e0 0x390007 0x0 0xf8 0x25b1 0x3e0004 0x0 0x0 0x2e26543a500 0x6a2 0x0 0x0 0x450004 0x0 0x0 0x2e26543a500 0x1 0x0 0x0 0x4a000b 0x25b1 0x0 0x0 0x0 0x0 0x0 0x2 0x1 0x2 0x4d0003 0x25b1 0xd8 0x520004 0x0 0x0 0x0 0x0 0x0 0x0 0x590004 0x0 0x0 0x0 0x0 0x0 0x0 0x5e000b 0x0 0x0 0x0 0x0 0x0 0x0 0x2 0x1 0x0 0x0 0x0 0x0 0x0 0x0 0x0 0x9 0x3 0x0 0x0 0x0 0xc 0x4 0x0 0x2e266c97b30 0x1 0x2 oops 7 3 java/lang/invoke/BoundMethodHandle$Species_LLLL 10 java/lang/invoke/BoundMethodHandle$Species_LL 27 [I 35 [I 43 java/lang/invoke/MethodHandleImpl$CountingWrapper 50 java/lang/invoke/MethodHandleImpl$CountingWrapper 105 java/lang/invoke/BoundMethodHandle$Species_LLLL methods 0
ciMethodData java/lang/invoke/LambdaForm$MH+0x000002e20119b000 guard (Ljava/lang/Object;)Ljava/lang/Object; 2 18125 orig 80 0 0 0 0 0 0 0 0 0 0 0 0 226 2 0 0 0 0 0 0 0 0 0 0 0 0 0 0 0 0 0 0 0 0 0 0 0 0 0 0 0 0 0 0 0 0 0 0 0 0 0 0 0 0 0 0 0 0 0 0 0 0 0 0 0 0 0 0 0 0 0 0 0 0 0 0 0 0 0 0 data 99 0x10004 0x0 0x0 0x2e266c97b30 0x2b8 0x0 0x0 0x1b0004 0x0 0x0 0x2e26543a450 0x2b8 0x0 0x0 0x1e0005 0x45cc 0x0 0x0 0x0 0x0 0x0 0x290004 0x0 0x0 0x2e260b182e0 0x2b8 0x0 0x0 0x2c000a 0x45cc 0x2 0x1 0x2e260b182e0 0x350007 0x0 0xf0 0x45cc 0x390004 0x0 0x0 0x2e26543a500 0x2b8 0x0 0x0 0x400004 0x0 0x0 0x0 0x0 0x0 0x0 0x43000b 0x45cc 0x0 0x0 0x0 0x0 0x0 0x1 0x3 0x460003 0x45cc 0xd0 0x4a0004 0x0 0x0 0x0 0x0 0x0 0x0 0x510004 0x0 0x0 0x0 0x0 0x0 0x0 0x54000b 0x0 0x0 0x0 0x0 0x0 0x0 0x1 0x0 0x0 0x0 0x0 0x0 0x0 0x0 0x9 0x1 0x0 0xc 0x2 0x0 0x2e266c97b30 oops 6 3 java/lang/invoke/BoundMethodHandle$Species_LLLL 10 java/lang/invoke/BoundMethodHandle$Species_LL 24 [I 32 [I 40 java/lang/invoke/MethodHandleImpl$CountingWrapper 98 java/lang/invoke/BoundMethodHandle$Species_LLLL methods 0
ciMethodData java/lang/invoke/LambdaForm$MH+0x000002e20119a400 guardWithCatch (Ljava/lang/Object;)Ljava/lang/Object; 2 9467 orig 80 0 0 0 0 0 0 0 0 0 0 0 0 226 2 0 0 0 0 0 0 0 0 0 0 0 0 0 0 0 0 0 0 0 0 0 0 0 0 0 0 0 0 0 0 0 0 0 0 0 0 0 0 0 0 0 0 0 0 0 0 0 0 0 0 0 0 0 0 0 0 0 0 0 0 0 0 0 0 0 0 data 81 0x10004 0x0 0x0 0x2e265b99b40 0xb3a 0x0 0x0 0x210004 0x0 0x0 0x2e260b09350 0xb3a 0x0 0x0 0x24000b 0x23fb 0x0 0x0 0x0 0x0 0x0 0x1 0x3 0x270003 0x23fb 0x168 0x2c0004 0x0 0x0 0x0 0x0 0x0 0x0 0x30000b 0x0 0x0 0x0 0x0 0x0 0x0 0x2 0x1 0x0 0x330007 0x0 0xc8 0x0 0x370004 0x0 0x0 0x0 0x0 0x0 0x0 0x3b000b 0x0 0x0 0x0 0x0 0x0 0x0 0x3 0x1 0x0 0x0 0x3e0003 0x0 0x18 0x0 0x0 0x0 0x0 0x0 0x0 0x9 0x1 0x0 0xc 0x2 0x0 0x2e265b99b40 oops 3 3 java/lang/invoke/BoundMethodHandle$Species_LLLLL 10 java/lang/invoke/DirectMethodHandle 80 java/lang/invoke/BoundMethodHandle$Species_LLLLL methods 0
ciMethodData java/lang/invoke/LambdaForm$MH+0x000002e20129d800 guard (Ljava/lang/Object;Ljava/lang/Object;I)Ljava/lang/Object; 2 18875 orig 80 0 0 0 0 0 0 0 0 0 0 0 0 226 2 0 0 0 0 0 0 0 0 0 0 0 0 0 0 0 0 0 0 0 0 0 0 0 0 0 0 0 0 0 0 0 0 0 0 0 0 0 0 0 0 0 0 0 0 0 0 0 0 0 0 0 0 0 0 0 0 0 0 0 0 0 0 0 0 0 0 data 110 0x10004 0x0 0x0 0x2e266c97b30 0x858 0x0 0x0 0x1d0004 0x0 0x0 0x2e26543a450 0x858 0x0 0x0 0x22000b 0x4874 0x0 0x0 0x0 0x0 0x0 0x2 0x1 0x2 0x2d0004 0x0 0x0 0x2e260b182e0 0x858 0x0 0x0 0x30000a 0x4874 0x2 0x1 0x2e260b182e0 0x390007 0x0 0x100 0x4874 0x3e0004 0x0 0x0 0x2e26543a500 0x858 0x0 0x0 0x450004 0x0 0x0 0x2e26543a500 0x2 0x0 0x0 0x4a000b 0x4874 0x0 0x0 0x0 0x0 0x0 0x3 0x1 0x2 0x3 0x4d0003 0x4874 0xe0 0x520004 0x0 0x0 0x0 0x0 0x0 0x0 0x590004 0x0 0x0 0x0 0x0 0x0 0x0 0x5e000b 0x0 0x0 0x0 0x0 0x0 0x0 0x3 0x1 0x0 0x0 0x0 0x0 0x0 0x0 0x0 0x0 0x9 0x3 0x0 0x0 0x0 0xc 0x4 0x0 0x2e266c97b30 0x1 0x2 oops 7 3 java/lang/invoke/BoundMethodHandle$Species_LLLL 10 java/lang/invoke/BoundMethodHandle$Species_LL 27 [I 35 [I 43 java/lang/invoke/MethodHandleImpl$CountingWrapper 50 java/lang/invoke/MethodHandleImpl$CountingWrapper 107 java/lang/invoke/BoundMethodHandle$Species_LLLL methods 0
ciMethodData java/lang/invoke/LambdaForm$MH+0x000002e201361800 invoke (Ljava/lang/Object;Ljava/lang/Object;Ljava/lang/Object;ILjava/lang/Object;)I 2 12581 orig 80 0 0 0 0 0 0 0 0 0 0 0 0 226 2 0 0 0 0 0 0 0 0 0 0 0 0 0 0 0 0 0 0 0 0 0 0 0 0 0 0 0 0 0 0 0 0 0 0 0 0 0 0 0 0 0 0 0 0 0 0 0 0 0 0 0 0 0 0 0 0 0 0 0 0 0 0 0 0 0 0 data 75 0x10004 0x0 0x0 0x2e26543a450 0x47e 0x0 0x0 0xd0004 0x0 0x0 0x2e26543a450 0x47e 0x0 0x0 0x10000b 0x3025 0x0 0x0 0x0 0x0 0x0 0x1 0x2e26543c700 0x1d0004 0x0 0x0 0x2e26543c700 0x3025 0x0 0x0 0x250004 0x0 0x0 0x2e260b09740 0x47e 0x0 0x0 0x28000a 0x3025 0x4 0x0 0x2e26543c700 0x1 0x2e260b09740 0x2d000a 0x3025 0x2 0x0 0x2e26543c700 0x320005 0x3025 0x0 0x0 0x0 0x0 0x0 0x0 0x0 0x0 0x0 0x0 0x0 0x9 0x5 0x0 0x0 0x0 0x0 0x0 0xc 0x4 0x0 0x2e26543a450 0x1 0x2 oops 9 3 java/lang/invoke/BoundMethodHandle$Species_LL 10 java/lang/invoke/BoundMethodHandle$Species_LL 22 java/lang/invoke/BoundMethodHandle$Species_I 26 java/lang/invoke/BoundMethodHandle$Species_I 33 java/lang/invoke/MethodType 41 java/lang/invoke/BoundMethodHandle$Species_I 43 java/lang/invoke/MethodType 48 java/lang/invoke/BoundMethodHandle$Species_I 72 java/lang/invoke/BoundMethodHandle$Species_LL methods 0
ciMethodData java/lang/invoke/LambdaForm$MH+0x000002e201391800 guard (Ljava/lang/Object;JJ)I 2 21369 orig 80 0 0 0 0 0 0 0 0 0 0 0 0 0 0 0 0 0 0 0 0 0 0 0 0 0 0 0 0 0 0 0 0 0 0 0 0 0 0 0 0 0 0 0 0 0 0 0 0 0 0 0 0 0 0 0 0 0 0 0 0 0 0 0 0 0 0 0 0 0 0 0 0 0 0 0 0 0 0 0 0 data 99 0x10004 0x0 0x0 0x2e266c97b30 0x5b5 0x0 0x0 0x1f0004 0x0 0x0 0x2e26543a450 0x5b5 0x0 0x0 0x240005 0x517a 0x0 0x0 0x0 0x0 0x0 0x2f0004 0x0 0x0 0x2e260b182e0 0x5b5 0x0 0x0 0x32000a 0x517a 0x2 0x1 0x2e260b182e0 0x3b0007 0x0 0xe0 0x517a 0x400004 0x0 0x0 0x2e26543a500 0x5b5 0x0 0x0 0x470004 0x0 0x0 0x2e26543a500 0x2 0x0 0x0 0x4c0005 0x517a 0x0 0x0 0x0 0x0 0x0 0x4f0003 0x5179 0xc0 0x540004 0x0 0x0 0x0 0x0 0x0 0x0 0x5b0004 0x0 0x0 0x0 0x0 0x0 0x0 0x600005 0x0 0x0 0x0 0x0 0x0 0x0 0x0 0x0 0x0 0x0 0x0 0x0 0x9 0x5 0x0 0x0 0x0 0x0 0x0 0xc 0x2 0x0 0x2e266c97b30 oops 7 3 java/lang/invoke/BoundMethodHandle$Species_LLLL 10 java/lang/invoke/BoundMethodHandle$Species_LL 24 [I 32 [I 40 java/lang/invoke/MethodHandleImpl$CountingWrapper 47 java/lang/invoke/MethodHandleImpl$CountingWrapper 98 java/lang/invoke/BoundMethodHandle$Species_LLLL methods 0
ciMethodData java/lang/invoke/LambdaForm$MH+0x000002e20138b800 guardWithCatch (Ljava/lang/Object;JJ)I 2 21371 orig 80 0 0 0 0 0 0 0 0 0 0 0 0 0 0 0 0 0 0 0 0 0 0 0 0 0 0 0 0 0 0 0 0 0 0 0 0 0 0 0 0 0 0 0 0 0 0 0 0 0 0 0 0 0 0 0 0 0 0 0 0 0 0 0 0 0 0 0 0 0 0 0 0 0 0 0 0 0 0 0 0 data 82 0x10004 0x0 0x0 0x2e265b99b40 0x5b5 0x0 0x0 0x250004 0x0 0x0 0x2e260b09350 0x5b5 0x0 0x0 0x2a0005 0x517c 0x0 0x0 0x0 0x0 0x0 0x2d0003 0x517b 0x160 0x330004 0x0 0x0 0x0 0x0 0x0 0x0 0x37000b 0x0 0x0 0x0 0x0 0x0 0x0 0x2 0x1 0x0 0x3a0007 0x0 0xc0 0x0 0x3f0004 0x0 0x0 0x0 0x0 0x0 0x0 0x45000b 0x0 0x0 0x0 0x0 0x0 0x0 0x2 0x1 0x0 0x480003 0x0 0x18 0x0 0x0 0x0 0x0 0x0 0x0 0x9 0x5 0x0 0x0 0x0 0x0 0x0 0xc 0x2 0x0 0x2e265b99b40 oops 3 3 java/lang/invoke/BoundMethodHandle$Species_LLLLL 10 java/lang/invoke/DirectMethodHandle 81 java/lang/invoke/BoundMethodHandle$Species_LLLLL methods 0
ciMethod java/lang/invoke/LambdaForm$MH+0x000002e20142ec00 delegate (Ljava/lang/Object;JJI)Ljava/lang/Object; 456 0 5140 0 -1
ciMethodData android/database/sqlite/SQLiteDatabase getThreadSession ()Landroid/database/sqlite/SQLiteSession; 2 11725 orig 80 0 0 0 0 0 0 0 0 0 0 0 0 226 2 0 0 0 0 0 0 0 0 0 0 0 0 0 0 0 0 0 0 0 0 0 0 0 0 0 0 0 0 0 0 0 0 0 0 0 0 0 0 0 0 0 0 0 0 0 0 0 0 0 0 0 0 0 0 0 0 0 0 0 0 0 0 0 0 0 0 data 11 0x1000a 0x2ccb 0x3 0x0 0x2e266c90bb0 0x2e2686c8850 0x0 0x0 0x9 0x1 0x0 oops 2 4 android/database/sqlite/SQLiteDatabase 5 android/database/sqlite/SQLiteSession methods 0
ciMethodData android/database/sqlite/SQLiteDatabase $$robo$$android_database_sqlite_SQLiteDatabase$getThreadSession ()Landroid/database/sqlite/SQLiteSession; 2 9161 orig 80 0 0 0 0 0 0 0 0 0 0 0 0 226 2 0 0 0 0 0 0 0 0 0 0 0 0 0 0 0 0 0 0 0 0 0 0 0 0 0 0 0 0 0 0 0 0 0 0 0 0 0 0 0 0 0 0 0 0 0 0 0 0 0 0 0 0 0 0 0 0 0 0 0 0 0 0 0 0 0 0 data 23 0x40005 0x0 0x0 0x2e260b4cc60 0x22c7 0x0 0x0 0x70004 0x0 0x0 0x2e2686c8850 0x22c7 0x0 0x0 0x0 0x0 0x0 0x0 0x0 0x0 0x9 0x1 0x0 oops 2 3 android/database/sqlite/SQLiteDatabase$1 10 android/database/sqlite/SQLiteSession methods 0
ciMethodData java/lang/invoke/LambdaForm$MH+0x000002e20142ec00 delegate (Ljava/lang/Object;JJI)Ljava/lang/Object; 2 5140 orig 80 0 0 0 0 0 0 0 0 0 0 0 0 226 2 0 0 0 0 0 0 0 0 0 0 0 0 0 0 0 0 0 0 0 0 0 0 0 0 0 0 0 0 0 0 0 0 0 0 0 0 0 0 0 0 0 0 0 0 0 0 0 0 0 0 0 0 0 0 0 0 0 0 0 0 0 0 0 0 0 0 data 50 0x10004 0x0 0x0 0x0 0x0 0x0 0x0 0x4000b 0x0 0x0 0x2e26543a500 0x1330 0x0 0x0 0x1 0x2e265b99b40 0xb0004 0x0 0x0 0x0 0x0 0x0 0x0 0x12000b 0x1330 0x0 0x0 0x0 0x0 0x0 0x1 0x2e260b07330 0x0 0x0 0x0 0x0 0x0 0x0 0x9 0x6 0x0 0x0 0x0 0x0 0x0 0x0 0xc 0x2 0x0 0x2e26543a500 oops 4 10 java/lang/invoke/MethodHandleImpl$CountingWrapper 15 java/lang/invoke/BoundMethodHandle$Species_LLLLL 31 java/lang/String 49 java/lang/invoke/MethodHandleImpl$CountingWrapper methods 0
ciMethodData java/lang/invoke/LambdaForm$MH+0x000002e20129c800 guardWithCatch (Ljava/lang/Object;Ljava/lang/Object;I)Ljava/lang/Object; 2 18737 orig 80 0 0 0 0 0 0 0 0 0 0 0 0 226 2 0 0 0 0 0 0 0 0 0 0 0 0 0 0 0 0 0 0 0 0 0 0 0 0 0 0 0 0 0 0 0 0 0 0 0 0 0 0 0 0 0 0 0 0 0 0 0 0 0 0 0 0 0 0 0 0 0 0 0 0 0 0 0 0 0 0 data 89 0x10004 0x0 0x0 0x2e265b99b40 0x768 0x0 0x0 0x230004 0x0 0x0 0x2e265b935b0 0x765 0x2e260b09350 0x3 0x28000b 0x4784 0x0 0x0 0x0 0x0 0x0 0x3 0x1 0x2 0x3 0x2b0003 0x4784 0x178 0x310004 0x0 0x0 0x0 0x0 0x0 0x0 0x35000b 0x0 0x0 0x0 0x0 0x0 0x0 0x2 0x1 0x0 0x380007 0x0 0xd8 0x0 0x3d0004 0x0 0x0 0x0 0x0 0x0 0x0 0x43000b 0x0 0x0 0x0 0x0 0x0 0x0 0x5 0x1 0x0 0x2 0x0 0x0 0x460003 0x0 0x18 0x0 0x0 0x0 0x0 0x0 0x0 0x9 0x3 0x0 0x0 0x0 0xc 0x4 0x0 0x2e265b99b40 0x1 0x2 oops 4 3 java/lang/invoke/BoundMethodHandle$Species_LLLLL 10 java/lang/invoke/DirectMethodHandle$Special 12 java/lang/invoke/DirectMethodHandle 86 java/lang/invoke/BoundMethodHandle$Species_LLLLL methods 0
ciMethodData java/lang/invoke/LambdaForm$MH+0x000002e2011b4000 guard (Ljava/lang/Object;)I 2 8230 orig 80 0 0 0 0 0 0 0 0 0 0 0 0 226 2 0 0 0 0 0 0 0 0 0 0 0 0 0 0 0 0 0 0 0 0 0 0 0 0 0 0 0 0 0 0 0 0 0 0 0 0 0 0 0 0 0 0 0 0 0 0 0 0 0 0 0 0 0 0 0 0 0 0 0 0 0 0 0 0 0 0 data 95 0x10004 0x0 0x0 0x2e266c97b30 0x67d 0x0 0x0 0x1b0004 0x0 0x0 0x2e26543a450 0x67d 0x0 0x0 0x1e0005 0x1f26 0x0 0x0 0x0 0x0 0x0 0x290004 0x0 0x0 0x2e260b182e0 0x67d 0x0 0x0 0x2c000a 0x1f26 0x2 0x1 0x2e260b182e0 0x350007 0x0 0xe0 0x1f26 0x390004 0x0 0x0 0x2e26543a500 0x67d 0x0 0x0 0x400004 0x0 0x0 0x2e26543a500 0x1 0x0 0x0 0x430005 0x1f26 0x0 0x0 0x0 0x0 0x0 0x460003 0x1f26 0xc0 0x4a0004 0x0 0x0 0x0 0x0 0x0 0x0 0x510004 0x0 0x0 0x0 0x0 0x0 0x0 0x540005 0x0 0x0 0x0 0x0 0x0 0x0 0x0 0x0 0x0 0x0 0x0 0x0 0x9 0x1 0x0 0xc 0x2 0x0 0x2e266c97b30 oops 7 3 java/lang/invoke/BoundMethodHandle$Species_LLLL 10 java/lang/invoke/BoundMethodHandle$Species_LL 24 [I 32 [I 40 java/lang/invoke/MethodHandleImpl$CountingWrapper 47 java/lang/invoke/MethodHandleImpl$CountingWrapper 94 java/lang/invoke/BoundMethodHandle$Species_LLLL methods 0
ciMethodData java/lang/invoke/DirectMethodHandle$Holder invokeSpecial (Ljava/lang/Object;Ljava/lang/Object;I)Ljava/lang/Object; 2 18067 orig 80 0 0 0 0 0 0 0 0 0 0 0 0 226 2 0 0 0 0 0 0 0 0 0 0 0 0 0 0 0 0 0 0 0 0 0 0 0 0 0 0 0 0 0 0 0 0 0 0 0 0 0 0 0 0 0 0 0 0 0 0 0 0 0 0 0 0 0 0 0 0 0 0 0 0 0 0 0 0 0 0 data 38 0x1000a 0x44e5 0x3 0x0 0x2e265b935b0 0x2e260b09500 0x80004 0x0 0x0 0x2e260b09500 0x4 0x0 0x0 0xb000a 0x44e5 0x5 0x0 0x2 0x2 0x2e260b09500 0x3 0x0 0x0 0x0 0x0 0x0 0x0 0x9 0x3 0x0 0x0 0x0 0xc 0x4 0x0 0x2e265b935b0 0x1 0x2 oops 5 4 java/lang/invoke/DirectMethodHandle$Special 5 java/lang/invoke/MemberName 9 java/lang/invoke/MemberName 19 java/lang/invoke/MemberName 35 java/lang/invoke/DirectMethodHandle$Special methods 0
ciMethodData java/lang/invoke/DelegatingMethodHandle$Holder delegate (Ljava/lang/Object;Ljava/lang/Object;I)Ljava/lang/Object; 2 18270 orig 80 0 0 0 0 0 0 0 0 0 0 0 0 226 2 0 0 0 0 0 0 0 0 0 0 0 0 0 0 0 0 0 0 0 0 0 0 0 0 0 0 0 0 0 0 0 0 0 0 0 0 0 0 0 0 0 0 0 0 0 0 0 0 0 0 0 0 0 0 0 0 0 0 0 0 0 0 0 0 0 0 data 51 0x10004 0x0 0x0 0x2e26543a500 0x604 0x0 0x0 0x4000b 0x0 0x0 0x2e26543a500 0x4620 0x0 0x0 0x1 0x2e265b99b40 0x90004 0x0 0x0 0x0 0x0 0x0 0x0 0xe000b 0x4620 0x0 0x0 0x0 0x0 0x0 0x3 0x1 0x2 0x3 0x0 0x0 0x0 0x0 0x0 0x0 0x9 0x3 0x0 0x0 0x0 0xc 0x4 0x0 0x2e26543a500 0x1 0x2 oops 4 3 java/lang/invoke/MethodHandleImpl$CountingWrapper 10 java/lang/invoke/MethodHandleImpl$CountingWrapper 15 java/lang/invoke/BoundMethodHandle$Species_LLLLL 48 java/lang/invoke/MethodHandleImpl$CountingWrapper methods 0
ciMethodData java/lang/invoke/DelegatingMethodHandle$Holder delegate (Ljava/lang/Object;)Ljava/lang/Object; 2 9960 orig 80 0 0 0 0 0 0 0 0 0 0 0 0 226 2 0 0 0 0 0 0 0 0 0 0 0 0 0 0 0 0 0 0 0 0 0 0 0 0 0 0 0 0 0 0 0 0 0 0 0 0 0 0 0 0 0 0 0 0 0 0 0 0 0 0 0 0 0 0 0 0 0 0 0 0 0 0 0 0 0 0 data 45 0x10004 0x0 0x0 0x2e26543a500 0xd45 0x0 0x0 0x4000b 0x0 0x0 0x2e26543a500 0x2606 0x0 0x0 0x1 0x2e265b99b40 0x90004 0x0 0x0 0x2e265b99b40 0xbd 0x0 0x0 0xc000b 0x2606 0x0 0x0 0x0 0x0 0x0 0x1 0x3 0x0 0x0 0x0 0x0 0x0 0x0 0x9 0x1 0x0 0xc 0x2 0x0 0x2e26543a500 oops 5 3 java/lang/invoke/MethodHandleImpl$CountingWrapper 10 java/lang/invoke/MethodHandleImpl$CountingWrapper 15 java/lang/invoke/BoundMethodHandle$Species_LLLLL 19 java/lang/invoke/BoundMethodHandle$Species_LLLLL 44 java/lang/invoke/MethodHandleImpl$CountingWrapper methods 0
ciMethodData java/lang/invoke/DirectMethodHandle$Holder invokeSpecial (Ljava/lang/Object;Ljava/lang/Object;Ljava/lang/Object;Ljava/lang/Object;)V 2 12251 orig 80 0 0 0 0 0 0 0 0 0 0 0 0 226 2 0 0 0 0 0 0 0 0 0 0 0 0 0 0 0 0 0 0 0 0 0 0 0 0 0 0 0 0 0 0 0 0 0 0 0 0 0 0 0 0 0 0 0 0 0 0 0 0 0 0 0 0 0 0 0 0 0 0 0 0 0 0 0 0 0 0 data 38 0x1000a 0x2e52 0x3 0x0 0x2 0x2e260b09500 0xb0004 0x0 0x0 0x0 0x0 0x0 0x0 0xe000a 0x2e52 0x4 0x0 0x2 0x1 0x3 0x0 0x0 0x0 0x0 0x0 0x0 0x9 0x4 0x0 0x0 0x0 0x0 0xc 0x4 0x0 0x2 0x1 0x2 oops 1 5 java/lang/invoke/MemberName methods 0
ciMethodData java/lang/invoke/DelegatingMethodHandle$Holder delegate (Ljava/lang/Object;Ljava/lang/Object;Ljava/lang/Object;Ljava/lang/Object;)V 2 11208 orig 80 0 0 0 0 0 0 0 0 0 0 0 0 226 2 0 0 0 0 0 0 0 0 0 0 0 0 0 0 0 0 0 0 0 0 0 0 0 0 0 0 0 0 0 0 0 0 0 0 0 0 0 0 0 0 0 0 0 0 0 0 0 0 0 0 0 0 0 0 0 0 0 0 0 0 0 0 0 0 0 0 data 53 0x10004 0x0 0x0 0x2e26543a500 0x260 0x0 0x0 0x4000b 0x0 0x0 0x2e26543a500 0x2a41 0x0 0x0 0x1 0x2e265b99b40 0xb0004 0x0 0x0 0x0 0x0 0x0 0x0 0x11000b 0x2a41 0x0 0x0 0x0 0x0 0x0 0x4 0x1 0x2e266182280 0x2 0x2 0x0 0x0 0x0 0x0 0x0 0x0 0x9 0x4 0x0 0x0 0x0 0x0 0xc 0x4 0x0 0x2e26543a500 0x1 0x2e266182280 oops 6 3 java/lang/invoke/MethodHandleImpl$CountingWrapper 10 java/lang/invoke/MethodHandleImpl$CountingWrapper 15 java/lang/invoke/BoundMethodHandle$Species_LLLLL 32 android/database/sqlite/SQLiteConnection 50 java/lang/invoke/MethodHandleImpl$CountingWrapper 52 android/database/sqlite/SQLiteConnection methods 0
ciMethodData java/lang/invoke/DelegatingMethodHandle$Holder delegate (Ljava/lang/Object;Ljava/lang/Object;Ljava/lang/Object;ILjava/lang/Object;)Ljava/lang/Object; 2 1906 orig 80 0 0 0 0 0 0 0 0 0 0 0 0 226 2 0 0 0 0 0 0 0 0 0 0 0 0 0 0 0 0 0 0 0 0 0 0 0 0 0 0 0 0 0 0 0 0 0 0 0 0 0 0 0 0 0 0 0 0 0 0 0 0 0 0 0 0 0 0 0 0 0 0 0 0 0 0 0 0 0 0 data 55 0x10004 0x0 0x0 0x2e26543a500 0x357 0x0 0x0 0x4000b 0x0 0x0 0x2e26543a500 0x672 0x0 0x0 0x1 0x2e265b99b40 0xb0004 0x0 0x0 0x0 0x0 0x0 0x0 0x13000b 0x672 0x0 0x0 0x0 0x0 0x0 0x5 0x1 0x2e2687dcf40 0x2 0x2e260b07331 0x2e266182280 0x0 0x0 0x0 0x0 0x0 0x0 0x9 0x5 0x0 0x0 0x0 0x0 0x0 0xc 0x4 0x0 0x2e26543a500 0x1 0x2e2687dcf40 oops 8 3 java/lang/invoke/MethodHandleImpl$CountingWrapper 10 java/lang/invoke/MethodHandleImpl$CountingWrapper 15 java/lang/invoke/BoundMethodHandle$Species_LLLLL 32 android/database/sqlite/SQLiteConnectionPool 34 java/lang/String 35 android/database/sqlite/SQLiteConnection 52 java/lang/invoke/MethodHandleImpl$CountingWrapper 54 android/database/sqlite/SQLiteConnectionPool methods 0
ciMethodData android/os/Looper myLooper ()Landroid/os/Looper; 2 6595 orig 80 0 0 0 0 0 0 0 0 0 0 0 0 226 2 0 0 0 0 0 0 0 0 0 0 0 0 0 0 0 0 0 0 0 0 0 0 0 0 0 0 0 0 0 0 0 0 0 0 0 0 0 0 0 0 0 0 0 0 0 0 0 0 0 0 0 0 0 0 0 0 0 0 0 0 0 0 0 0 0 0 data 7 0xa 0x18c3 0x1 0x2e260c70111 0x0 0x9 0x0 oops 1 3 android/os/Looper methods 0
ciMethodData android/os/Looper $$robo$$android_os_Looper$myLooper ()Landroid/os/Looper; 2 6595 orig 80 0 0 0 0 0 0 0 0 0 0 0 0 226 2 0 0 0 0 0 0 0 0 0 0 0 0 0 0 0 0 0 0 0 0 0 0 0 0 0 0 0 0 0 0 0 0 0 0 0 0 0 0 0 0 0 0 0 0 0 0 0 0 0 0 0 0 0 0 0 0 0 0 0 0 0 0 0 0 0 0 data 22 0x30005 0x0 0x0 0x2e260b4c850 0x18c2 0x0 0x0 0x60104 0x0 0x0 0x2e260c70110 0x1628 0x0 0x0 0x0 0x0 0x0 0x0 0x0 0x0 0x9 0x0 oops 2 3 java/lang/ThreadLocal 10 android/os/Looper methods 0
ciMethodData android/database/sqlite/SQLiteConnection$OperationLog endOperation (I)V 2 6375 orig 80 0 0 0 0 0 0 0 0 0 0 0 0 226 2 0 0 0 0 0 0 0 0 0 0 0 0 0 0 0 0 0 0 0 0 0 0 0 0 0 0 0 0 0 0 0 0 0 0 0 0 0 0 0 0 0 0 0 0 0 0 0 0 0 0 0 0 0 0 0 0 0 0 0 0 0 0 0 0 0 0 data 11 0x2000a 0x17e7 0x2 0x0 0x2e2661fc140 0x0 0x0 0x9 0x2 0x0 0x0 oops 1 4 android/database/sqlite/SQLiteConnection$OperationLog methods 0
ciMethodData android/database/sqlite/SQLiteConnection$OperationLog $$robo$$android_database_sqlite_SQLiteConnection_OperationLog$endOperation (I)V 2 6377 orig 80 0 0 0 0 0 0 0 0 0 0 0 0 226 2 0 0 0 0 0 0 0 0 0 0 0 0 0 0 0 0 0 0 0 0 0 0 0 0 0 0 0 0 0 0 0 0 0 0 0 0 0 0 0 0 0 0 0 0 0 0 0 0 0 0 0 0 0 0 0 0 0 0 0 0 0 0 0 0 0 0 data 19 0x90002 0x17e8 0xc0007 0x17e8 0x30 0x0 0x120002 0x0 0x170003 0x17e8 0x18 0x0 0x0 0x0 0x0 0x9 0x2 0x0 0x0 oops 0 methods 0
ciMethodData android/database/sqlite/SQLiteConnection$OperationLog endOperationDeferLogLocked (I)Z 2 11339 orig 80 0 0 0 0 0 0 0 0 0 0 0 0 226 2 0 0 0 0 0 0 0 0 0 0 0 0 0 0 0 0 0 0 0 0 0 0 0 0 0 0 0 0 0 0 0 0 0 0 0 0 0 0 0 0 0 0 0 0 0 0 0 0 0 0 0 0 0 0 0 0 0 0 0 0 0 0 0 0 0 0 data 11 0x2000a 0x2b33 0x2 0x0 0x2e2661fc140 0x0 0x0 0x9 0x2 0x0 0x0 oops 1 4 android/database/sqlite/SQLiteConnection$OperationLog methods 0
ciMethodData android/database/sqlite/SQLiteConnection$OperationLog $$robo$$android_database_sqlite_SQLiteConnection_OperationLog$endOperationDeferLogLocked (I)Z 2 5425 orig 80 0 0 0 0 0 0 0 0 0 0 0 0 226 2 0 0 0 0 0 0 0 0 0 0 0 0 0 0 0 0 0 0 0 0 0 0 0 0 0 0 0 0 0 0 0 0 0 0 0 0 0 0 0 0 0 0 0 0 0 0 0 0 0 0 0 0 0 0 0 0 0 0 0 0 0 0 0 0 0 0 data 31 0x20002 0x1418 0x70007 0x0 0x98 0x1418 0xb0002 0x1418 0x1b0007 0x1418 0x68 0x0 0x270002 0x0 0x2a0007 0x0 0x38 0x0 0x2e0003 0x0 0x18 0x0 0x0 0x0 0x0 0x0 0x0 0x9 0x2 0x0 0x0 oops 0 methods 0
ciMethodData java/lang/invoke/LambdaForm$MH+0x000002e20139d800 guardWithCatch (Ljava/lang/Object;JJ)V 2 7272 orig 80 0 0 0 0 0 0 0 0 0 0 0 0 226 2 0 0 0 0 0 0 0 0 0 0 0 0 0 0 0 0 0 0 0 0 0 0 0 0 0 0 0 0 0 0 0 0 0 0 0 0 0 0 0 0 0 0 0 0 0 0 0 0 0 0 0 0 0 0 0 0 0 0 0 0 0 0 0 0 0 0 data 82 0x10004 0x0 0x0 0x2e265b99b40 0x49e 0x0 0x0 0x250004 0x0 0x0 0x2e260b09350 0x49e 0x0 0x0 0x2a0005 0x1ae8 0x0 0x0 0x0 0x0 0x0 0x2d0003 0x1ae8 0x160 0x330004 0x0 0x0 0x0 0x0 0x0 0x0 0x37000b 0x0 0x0 0x0 0x0 0x0 0x0 0x2 0x1 0x0 0x3a0007 0x0 0xc0 0x0 0x3f0004 0x0 0x0 0x0 0x0 0x0 0x0 0x45000b 0x0 0x0 0x0 0x0 0x0 0x0 0x2 0x1 0x0 0x480003 0x0 0x18 0x0 0x0 0x0 0x0 0x0 0x0 0x9 0x5 0x0 0x0 0x0 0x0 0x0 0xc 0x2 0x0 0x2e265b99b40 oops 3 3 java/lang/invoke/BoundMethodHandle$Species_LLLLL 10 java/lang/invoke/DirectMethodHandle 81 java/lang/invoke/BoundMethodHandle$Species_LLLLL methods 0
ciMethodData java/lang/invoke/LambdaForm$MH+0x000002e2011ae000 guardWithCatch (Ljava/lang/Object;Ljava/lang/Object;I)V 2 9671 orig 80 0 0 0 0 0 0 0 0 0 0 0 0 226 2 0 0 0 0 0 0 0 0 0 0 0 0 0 0 0 0 0 0 0 0 0 0 0 0 0 0 0 0 0 0 0 0 0 0 0 0 0 0 0 0 0 0 0 0 0 0 0 0 0 0 0 0 0 0 0 0 0 0 0 0 0 0 0 0 0 0 data 87 0x10004 0x0 0x0 0x2e265b99b40 0x5d5 0x0 0x0 0x230004 0x0 0x0 0x2e265b935b0 0x5ba 0x2e26543a450 0x18 0x28000b 0x243e 0x0 0x0 0x0 0x0 0x0 0x2 0x1 0x2 0x2b0003 0x243e 0x170 0x310004 0x0 0x0 0x0 0x0 0x0 0x0 0x35000b 0x0 0x0 0x0 0x0 0x0 0x0 0x2 0x1 0x0 0x380007 0x0 0xd0 0x0 0x3d0004 0x0 0x0 0x0 0x0 0x0 0x0 0x43000b 0x0 0x0 0x0 0x0 0x0 0x0 0x4 0x1 0x0 0x2 0x0 0x460003 0x0 0x18 0x0 0x0 0x0 0x0 0x0 0x0 0x9 0x3 0x0 0x0 0x0 0xc 0x4 0x0 0x2e265b99b40 0x1 0x2 oops 4 3 java/lang/invoke/BoundMethodHandle$Species_LLLLL 10 java/lang/invoke/DirectMethodHandle$Special 12 java/lang/invoke/BoundMethodHandle$Species_LL 84 java/lang/invoke/BoundMethodHandle$Species_LLLLL methods 0
ciMethodData java/lang/invoke/LambdaForm$MH+0x000002e2011b3800 guardWithCatch (Ljava/lang/Object;)I 2 8230 orig 80 0 0 0 0 0 0 0 0 0 0 0 0 226 2 0 0 0 0 0 0 0 0 0 0 0 0 0 0 0 0 0 0 0 0 0 0 0 0 0 0 0 0 0 0 0 0 0 0 0 0 0 0 0 0 0 0 0 0 0 0 0 0 0 0 0 0 0 0 0 0 0 0 0 0 0 0 0 0 0 0 data 78 0x10004 0x0 0x0 0x2e265b99b40 0x5fd 0x0 0x0 0x210004 0x0 0x0 0x2e260b09350 0x5fd 0x0 0x0 0x240005 0x1ea6 0x0 0x0 0x0 0x0 0x0 0x270003 0x1ea6 0x160 0x2c0004 0x0 0x0 0x0 0x0 0x0 0x0 0x30000b 0x0 0x0 0x0 0x0 0x0 0x0 0x2 0x1 0x0 0x330007 0x0 0xc0 0x0 0x370004 0x0 0x0 0x0 0x0 0x0 0x0 0x3b000b 0x0 0x0 0x0 0x0 0x0 0x0 0x2 0x1 0x0 0x3e0003 0x0 0x18 0x0 0x0 0x0 0x0 0x0 0x0 0x9 0x1 0x0 0xc 0x2 0x0 0x2e265b99b40 oops 3 3 java/lang/invoke/BoundMethodHandle$Species_LLLLL 10 java/lang/invoke/DirectMethodHandle 77 java/lang/invoke/BoundMethodHandle$Species_LLLLL methods 0
ciMethodData java/lang/invoke/LambdaForm$MH+0x000002e201229800 guardWithCatch (Ljava/lang/Object;Ljava/lang/Object;Ljava/lang/Object;Ljava/lang/Object;)V 2 11357 orig 80 0 0 0 0 0 0 0 0 0 0 0 0 226 2 0 0 0 0 0 0 0 0 0 0 0 0 0 0 0 0 0 0 0 0 0 0 0 0 0 0 0 0 0 0 0 0 0 0 0 0 0 0 0 0 0 0 0 0 0 0 0 0 0 0 0 0 0 0 0 0 0 0 0 0 0 0 0 0 0 0 data 90 0x10004 0x0 0x0 0x2e265b99b40 0x2fb 0x0 0x0 0x250004 0x0 0x0 0x2e265b935b0 0x2f4 0x2e260b09350 0x4 0x2b000b 0x2adc 0x0 0x0 0x0 0x0 0x0 0x4 0x1 0x2 0x2 0x3 0x2e0003 0x2adb 0x170 0x340004 0x0 0x0 0x0 0x0 0x0 0x0 0x38000b 0x0 0x0 0x0 0x0 0x0 0x0 0x2 0x1 0x0 0x3b0007 0x0 0xd0 0x0 0x400004 0x0 0x0 0x0 0x0 0x0 0x0 0x47000b 0x0 0x0 0x0 0x0 0x0 0x0 0x4 0x1 0x0 0x2 0x0 0x4a0003 0x0 0x18 0x0 0x0 0x0 0x0 0x0 0x0 0x9 0x4 0x0 0x0 0x0 0x0 0xc 0x4 0x0 0x2e265b99b40 0x1 0x2 oops 4 3 java/lang/invoke/BoundMethodHandle$Species_LLLLL 10 java/lang/invoke/DirectMethodHandle$Special 12 java/lang/invoke/DirectMethodHandle 87 java/lang/invoke/BoundMethodHandle$Species_LLLLL methods 0
ciMethodData java/lang/invoke/LambdaForm$MH+0x000002e20122b000 guard (Ljava/lang/Object;Ljava/lang/Object;Ljava/lang/Object;Ljava/lang/Object;)V 2 11356 orig 80 0 0 0 0 0 0 0 0 0 0 0 0 226 2 0 0 0 0 0 0 0 0 0 0 0 0 0 0 0 0 0 0 0 0 0 0 0 0 0 0 0 0 0 0 0 0 0 0 0 0 0 0 0 0 0 0 0 0 0 0 0 0 0 0 0 0 0 0 0 0 0 0 0 0 0 0 0 0 0 0 data 115 0x10004 0x0 0x0 0x2e266c97b30 0x2fc 0x0 0x0 0x1f0004 0x0 0x0 0x2e26543a450 0x2fc 0x0 0x0 0x25000b 0x2adc 0x0 0x0 0x0 0x0 0x0 0x4 0x1 0x2 0x2 0x3 0x300004 0x0 0x0 0x2e260b182e0 0x2fc 0x0 0x0 0x33000a 0x2adc 0x2 0x1 0x2e260b182e0 0x3c0007 0x0 0x108 0x2adc 0x410004 0x0 0x0 0x2e26543a500 0x2fc 0x0 0x0 0x480004 0x0 0x0 0x2e26543a500 0x1 0x0 0x0 0x4e000b 0x2adc 0x0 0x0 0x0 0x0 0x0 0x4 0x1 0x2 0x2 0x3 0x510003 0x2adc 0xe8 0x560004 0x0 0x0 0x0 0x0 0x0 0x0 0x5d0004 0x0 0x0 0x0 0x0 0x0 0x0 0x63000b 0x0 0x0 0x0 0x0 0x0 0x0 0x4 0x1 0x0 0x2 0x0 0x0 0x0 0x0 0x0 0x0 0x0 0x9 0x4 0x0 0x0 0x0 0x0 0xc 0x4 0x0 0x2e266c97b30 0x1 0x2 oops 7 3 java/lang/invoke/BoundMethodHandle$Species_LLLL 10 java/lang/invoke/BoundMethodHandle$Species_LL 29 [I 37 [I 45 java/lang/invoke/MethodHandleImpl$CountingWrapper 52 java/lang/invoke/MethodHandleImpl$CountingWrapper 112 java/lang/invoke/BoundMethodHandle$Species_LLLL methods 0
ciMethodData java/lang/invoke/LambdaForm$MH+0x000002e2013b4800 invoke (Ljava/lang/Object;JJI)I 2 5183 orig 80 0 0 0 0 0 0 0 0 0 0 0 0 226 2 0 0 0 0 0 0 0 0 0 0 0 0 0 0 0 0 0 0 0 0 0 0 0 0 0 0 0 0 0 0 0 0 0 0 0 0 0 0 0 0 0 0 0 0 0 0 0 0 0 0 0 0 0 0 0 0 0 0 0 0 0 0 0 0 0 0 data 74 0x10004 0x0 0x0 0x2e26543a450 0xb 0x0 0x0 0xd0004 0x0 0x0 0x2e26543a450 0xb 0x0 0x0 0x10000b 0x133b 0x0 0x0 0x0 0x0 0x0 0x1 0x2e26543c700 0x1d0004 0x0 0x0 0x2e26543c700 0x133b 0x0 0x0 0x250004 0x0 0x0 0x2e260b09740 0xb 0x0 0x0 0x28000a 0x133b 0x4 0x0 0x2e26543c700 0x1 0x2e260b09740 0x2d000a 0x133b 0x2 0x0 0x2e26543c700 0x320005 0x133b 0x0 0x0 0x0 0x0 0x0 0x0 0x0 0x0 0x0 0x0 0x0 0x9 0x6 0x0 0x0 0x0 0x0 0x0 0x0 0xc 0x2 0x0 0x2e26543a450 oops 9 3 java/lang/invoke/BoundMethodHandle$Species_LL 10 java/lang/invoke/BoundMethodHandle$Species_LL 22 java/lang/invoke/BoundMethodHandle$Species_I 26 java/lang/invoke/BoundMethodHandle$Species_I 33 java/lang/invoke/MethodType 41 java/lang/invoke/BoundMethodHandle$Species_I 43 java/lang/invoke/MethodType 48 java/lang/invoke/BoundMethodHandle$Species_I 73 java/lang/invoke/BoundMethodHandle$Species_LL methods 0
ciMethodData java/lang/invoke/LambdaForm$MH+0x000002e2013b5400 guard (Ljava/lang/Object;JJI)Ljava/lang/Object; 2 5170 orig 80 0 0 0 0 0 0 0 0 0 0 0 0 226 2 0 0 0 0 0 0 0 0 0 0 0 0 0 0 0 0 0 0 0 0 0 0 0 0 0 0 0 0 0 0 0 0 0 0 0 0 0 0 0 0 0 0 0 0 0 0 0 0 0 0 0 0 0 0 0 0 0 0 0 0 0 0 0 0 0 0 data 104 0x10004 0x0 0x0 0x0 0x0 0x0 0x0 0x1f0004 0x0 0x0 0x0 0x0 0x0 0x0 0x260005 0x1330 0x0 0x0 0x0 0x0 0x0 0x310004 0x0 0x0 0x0 0x0 0x0 0x0 0x34000a 0x1330 0x2 0x1 0x2e260b182e0 0x3d0007 0x0 0xf0 0x1330 0x420004 0x0 0x0 0x0 0x0 0x0 0x0 0x490004 0x0 0x0 0x0 0x0 0x0 0x0 0x50000b 0x1330 0x0 0x0 0x0 0x0 0x0 0x1 0x2e260b07330 0x530003 0x1330 0xd0 0x580004 0x0 0x0 0x0 0x0 0x0 0x0 0x5f0004 0x0 0x0 0x0 0x0 0x0 0x0 0x66000b 0x0 0x0 0x0 0x0 0x0 0x0 0x1 0x0 0x0 0x0 0x0 0x0 0x0 0x0 0x9 0x6 0x0 0x0 0x0 0x0 0x0 0x0 0xc 0x2 0x0 0x2e266c97b30 oops 3 32 [I 59 java/lang/String 103 java/lang/invoke/BoundMethodHandle$Species_LLLL methods 0
ciMethodData java/lang/invoke/LambdaForm$MH+0x000002e2013b3c00 guardWithCatch (Ljava/lang/Object;JJI)Ljava/lang/Object; 2 5170 orig 80 0 0 0 0 0 0 0 0 0 0 0 0 226 2 0 0 0 0 0 0 0 0 0 0 0 0 0 0 0 0 0 0 0 0 0 0 0 0 0 0 0 0 0 0 0 0 0 0 0 0 0 0 0 0 0 0 0 0 0 0 0 0 0 0 0 0 0 0 0 0 0 0 0 0 0 0 0 0 0 0 data 86 0x10004 0x0 0x0 0x0 0x0 0x0 0x0 0x250004 0x0 0x0 0x0 0x0 0x0 0x0 0x2c000b 0x1330 0x0 0x0 0x0 0x0 0x0 0x1 0x2e260b07330 0x2f0003 0x1330 0x168 0x350004 0x0 0x0 0x0 0x0 0x0 0x0 0x39000b 0x0 0x0 0x0 0x0 0x0 0x0 0x2 0x1 0x0 0x3c0007 0x0 0xc8 0x0 0x410004 0x0 0x0 0x0 0x0 0x0 0x0 0x49000b 0x0 0x0 0x0 0x0 0x0 0x0 0x3 0x1 0x0 0x0 0x4c0003 0x0 0x18 0x0 0x0 0x0 0x0 0x0 0x0 0x9 0x6 0x0 0x0 0x0 0x0 0x0 0x0 0xc 0x2 0x0 0x2e265b99b40 oops 2 22 java/lang/String 85 java/lang/invoke/BoundMethodHandle$Species_LLLLL methods 0
ciMethodData android/database/sqlite/SQLiteConnection nativeGetColumnName (JJI)Ljava/lang/String; 2 5170 orig 80 0 0 0 0 0 0 0 0 0 0 0 0 226 2 0 0 0 0 0 0 0 0 0 0 0 0 0 0 0 0 0 0 0 0 0 0 0 0 0 0 0 0 0 0 0 0 0 0 0 0 0 0 0 0 0 0 0 0 0 0 0 0 0 0 0 0 0 0 0 0 0 0 0 0 0 0 0 0 0 0 data 12 0x4000a 0x1330 0x1 0x2e260b07330 0x0 0x9 0x5 0x0 0x0 0x0 0x0 0x0 oops 1 3 java/lang/String methods 0
ciMethodData org/robolectric/shadows/ShadowLegacySQLiteConnection nativeGetColumnName (JJI)Ljava/lang/String; 2 5170 orig 80 0 0 0 0 0 0 0 0 0 0 0 0 226 2 0 0 0 0 0 0 0 0 0 0 0 0 0 0 0 0 0 0 0 0 0 0 0 0 0 0 0 0 0 0 0 0 0 0 0 0 0 0 0 0 0 0 0 0 0 0 0 0 0 0 0 0 0 0 0 0 0 0 0 0 0 0 0 0 0 0 data 20 0x70005 0x0 0x0 0x2e2687ece90 0x1330 0x0 0x0 0x0 0x0 0x0 0x0 0x0 0x0 0x9 0x5 0x0 0x0 0x0 0x0 0x0 oops 1 3 org/robolectric/shadows/ShadowLegacySQLiteConnection$Connections methods 0
ciMethodData android/database/sqlite/SQLiteConnection$OperationLog getOperationLocked (I)Landroid/database/sqlite/SQLiteConnection$Operation; 2 5425 orig 80 0 0 0 0 0 0 0 0 0 0 0 0 226 2 0 0 0 0 0 0 0 0 0 0 0 0 0 0 0 0 0 0 0 0 0 0 0 0 0 0 0 0 0 0 0 0 0 0 0 0 0 0 0 0 0 0 0 0 0 0 0 0 0 0 0 0 0 0 0 0 0 0 0 0 0 0 0 0 0 0 data 12 0x2000a 0x1398 0x3 0x0 0x2e2661fc140 0x2e2658df160 0x0 0x0 0x9 0x2 0x0 0x0 oops 2 4 android/database/sqlite/SQLiteConnection$OperationLog 5 android/database/sqlite/SQLiteConnection$Operation methods 0
ciMethodData android/database/sqlite/SQLiteConnection$OperationLog $$robo$$android_database_sqlite_SQLiteConnection_OperationLog$getOperationLocked (I)Landroid/database/sqlite/SQLiteConnection$Operation; 2 5425 orig 80 0 0 0 0 0 0 0 0 0 0 0 0 226 2 0 0 0 0 0 0 0 0 0 0 0 0 0 0 0 0 0 0 0 0 0 0 0 0 0 0 0 0 0 0 0 0 0 0 0 0 0 0 0 0 0 0 0 0 0 0 0 0 0 0 0 0 0 0 0 0 0 0 0 0 0 0 0 0 0 0 data 15 0x120007 0x0 0x38 0x1397 0x160003 0x1397 0x18 0x0 0x0 0x0 0x0 0x9 0x2 0x0 0x0 oops 0 methods 0
ciMethodData java/lang/invoke/LambdaForm$MH+0x000002e2013aec00 invoke (Ljava/lang/Object;Ljava/lang/Object;Ljava/lang/Object;Ljava/lang/Object;Ljava/lang/Object;Ljava/lang/Object;)I 2 7180 orig 80 0 0 0 0 0 0 0 0 0 0 0 0 226 2 0 0 0 0 0 0 0 0 0 0 0 0 0 0 0 0 0 0 0 0 0 0 0 0 0 0 0 0 0 0 0 0 0 0 0 0 0 0 0 0 0 0 0 0 0 0 0 0 0 0 0 0 0 0 0 0 0 0 0 0 0 0 0 0 0 0 data 76 0x10004 0x0 0x0 0x2e26543a450 0x3a3 0x0 0x0 0xd0004 0x0 0x0 0x2e26543a450 0x3a3 0x0 0x0 0x10000b 0x1b0b 0x0 0x0 0x0 0x0 0x0 0x1 0x2e26543c700 0x1d0004 0x0 0x0 0x2e26543c700 0x1b0b 0x0 0x0 0x250004 0x0 0x0 0x2e260b09740 0x3a3 0x0 0x0 0x28000a 0x1b0b 0x4 0x0 0x2e26543c700 0x1 0x2e260b09740 0x2d000a 0x1b0b 0x2 0x0 0x2e26543c700 0x320005 0x1b0b 0x0 0x0 0x0 0x0 0x0 0x0 0x0 0x0 0x0 0x0 0x0 0x9 0x6 0x0 0x0 0x0 0x0 0x0 0x0 0xc 0x4 0x0 0x2e26543a450 0x1 0x2 oops 9 3 java/lang/invoke/BoundMethodHandle$Species_LL 10 java/lang/invoke/BoundMethodHandle$Species_LL 22 java/lang/invoke/BoundMethodHandle$Species_I 26 java/lang/invoke/BoundMethodHandle$Species_I 33 java/lang/invoke/MethodType 41 java/lang/invoke/BoundMethodHandle$Species_I 43 java/lang/invoke/MethodType 48 java/lang/invoke/BoundMethodHandle$Species_I 73 java/lang/invoke/BoundMethodHandle$Species_LL methods 0
ciMethodData java/lang/invoke/LambdaForm$MH+0x000002e2013b0400 guardWithCatch (Ljava/lang/Object;Ljava/lang/Object;Ljava/lang/Object;ILjava/lang/Object;)V 2 10777 orig 80 0 0 0 0 0 0 0 0 0 0 0 0 226 2 0 0 0 0 0 0 0 0 0 0 0 0 0 0 0 0 0 0 0 0 0 0 0 0 0 0 0 0 0 0 0 0 0 0 0 0 0 0 0 0 0 0 0 0 0 0 0 0 0 0 0 0 0 0 0 0 0 0 0 0 0 0 0 0 0 0 data 91 0x10004 0x0 0x0 0x2e265b99b40 0x2 0x0 0x0 0x250004 0x0 0x0 0x2e265b935b0 0x2 0x0 0x0 0x2d000b 0x2890 0x0 0x0 0x0 0x0 0x0 0x4 0x1 0x2e2686c8850 0x2 0x2e260b07331 0x300003 0x2890 0x170 0x360004 0x0 0x0 0x0 0x0 0x0 0x0 0x3a000b 0x0 0x0 0x0 0x0 0x0 0x0 0x2 0x1 0x0 0x3d0007 0x0 0xd0 0x0 0x420004 0x0 0x0 0x0 0x0 0x0 0x0 0x4b000b 0x0 0x0 0x0 0x0 0x0 0x0 0x4 0x1 0x0 0x2 0x0 0x4e0003 0x0 0x18 0x0 0x0 0x0 0x0 0x0 0x0 0x9 0x5 0x0 0x0 0x0 0x0 0x0 0xc 0x4 0x0 0x2e265b99b40 0x1 0x2e2686c8850 oops 6 3 java/lang/invoke/BoundMethodHandle$Species_LLLLL 10 java/lang/invoke/DirectMethodHandle$Special 23 android/database/sqlite/SQLiteSession 25 java/lang/String 88 java/lang/invoke/BoundMethodHandle$Species_LLLLL 90 android/database/sqlite/SQLiteSession methods 0
ciMethodData java/lang/invoke/LambdaForm$MH+0x000002e2013b1800 guard (Ljava/lang/Object;Ljava/lang/Object;Ljava/lang/Object;ILjava/lang/Object;)V 2 10775 orig 80 0 0 0 0 0 0 0 0 0 0 0 0 226 2 0 0 0 0 0 0 0 0 0 0 0 0 0 0 0 0 0 0 0 0 0 0 0 0 0 0 0 0 0 0 0 0 0 0 0 0 0 0 0 0 0 0 0 0 0 0 0 0 0 0 0 0 0 0 0 0 0 0 0 0 0 0 0 0 0 0 data 116 0x10004 0x0 0x0 0x2e266c97b30 0x2 0x0 0x0 0x1f0004 0x0 0x0 0x2e26543a450 0x2 0x0 0x0 0x27000b 0x288e 0x0 0x0 0x0 0x0 0x0 0x4 0x1 0x2e2686c8850 0x2 0x2e260b07331 0x320004 0x0 0x0 0x2e260b182e0 0x2 0x0 0x0 0x35000a 0x288e 0x2 0x1 0x2e260b182e0 0x3e0007 0x0 0x108 0x288e 0x430004 0x0 0x0 0x2e26543a500 0x2 0x0 0x0 0x4a0004 0x0 0x0 0x2e26543a500 0x2 0x0 0x0 0x52000b 0x288e 0x0 0x0 0x0 0x0 0x0 0x4 0x1 0x2e2686c8850 0x2 0x2e260b07331 0x550003 0x288e 0xe8 0x5a0004 0x0 0x0 0x0 0x0 0x0 0x0 0x610004 0x0 0x0 0x0 0x0 0x0 0x0 0x69000b 0x0 0x0 0x0 0x0 0x0 0x0 0x4 0x1 0x0 0x2 0x0 0x0 0x0 0x0 0x0 0x0 0x0 0x9 0x5 0x0 0x0 0x0 0x0 0x0 0xc 0x4 0x0 0x2e266c97b30 0x1 0x2e2686c8850 oops 12 3 java/lang/invoke/BoundMethodHandle$Species_LLLL 10 java/lang/invoke/BoundMethodHandle$Species_LL 23 android/database/sqlite/SQLiteSession 25 java/lang/String 29 [I 37 [I 45 java/lang/invoke/MethodHandleImpl$CountingWrapper 52 java/lang/invoke/MethodHandleImpl$CountingWrapper 65 android/database/sqlite/SQLiteSession 67 java/lang/String 113 java/lang/invoke/BoundMethodHandle$Species_LLLL 115 android/database/sqlite/SQLiteSession methods 0
ciMethodData android/database/sqlite/SQLiteDatabase getThreadDefaultConnectionFlags (Z)I 2 10764 orig 80 0 0 0 0 0 0 0 0 0 0 0 0 226 2 0 0 0 0 0 0 0 0 0 0 0 0 0 0 0 0 0 0 0 0 0 0 0 0 0 0 0 0 0 0 0 0 0 0 0 0 0 0 0 0 0 0 0 0 0 0 0 0 0 0 0 0 0 0 0 0 0 0 0 0 0 0 0 0 0 0 data 11 0x2000a 0x288c 0x2 0x0 0x2e266c90bb0 0x0 0x0 0x9 0x2 0x0 0x0 oops 1 4 android/database/sqlite/SQLiteDatabase methods 0
ciMethodData android/database/sqlite/SQLiteDatabase $$robo$$android_database_sqlite_SQLiteDatabase$getThreadDefaultConnectionFlags (Z)I 2 6570 orig 80 0 0 0 0 0 0 0 0 0 0 0 0 226 2 0 0 0 0 0 0 0 0 0 0 0 0 0 0 0 0 0 0 0 0 0 0 0 0 0 0 0 0 0 0 0 0 0 0 0 0 0 0 0 0 0 0 0 0 0 0 0 0 0 0 0 0 0 0 0 0 0 0 0 0 0 0 0 0 0 0 data 23 0x10007 0x15a5 0x38 0x285 0x50003 0x285 0x18 0xa0002 0x182a 0xd0007 0x216 0x20 0x1614 0x0 0x0 0x0 0x0 0x0 0x0 0x9 0x2 0x0 0x0 oops 0 methods 0
ciMethodData android/database/sqlite/SQLiteDatabase isMainThread ()Z 2 6570 orig 80 0 0 0 0 0 0 0 0 0 0 0 0 226 2 0 0 0 0 0 0 0 0 0 0 0 0 0 0 0 0 0 0 0 0 0 0 0 0 0 0 0 0 0 0 0 0 0 0 0 0 0 0 0 0 0 0 0 0 0 0 0 0 0 0 0 0 0 0 0 0 0 0 0 0 0 0 0 0 0 0 data 5 0x2 0x182a 0x0 0x9 0x0 oops 0 methods 0
ciMethodData android/database/sqlite/SQLiteDatabase $$robo$$android_database_sqlite_SQLiteDatabase$isMainThread ()Z 2 6570 orig 80 0 0 0 0 0 0 0 0 0 0 0 0 226 2 0 0 0 0 0 0 0 0 0 0 0 0 0 0 0 0 0 0 0 0 0 0 0 0 0 0 0 0 0 0 0 0 0 0 0 0 0 0 0 0 0 0 0 0 0 0 0 0 0 0 0 0 0 0 0 0 0 0 0 0 0 0 0 0 0 0 data 23 0x2 0x1829 0x50007 0x215 0x68 0x1614 0x90002 0x1614 0xc0007 0x0 0x38 0x1614 0x100003 0x1614 0x18 0x0 0x0 0x0 0x0 0x0 0x0 0x9 0x0 oops 0 methods 0
ciMethodData android/os/Looper getMainLooper ()Landroid/os/Looper; 2 5686 orig 80 0 0 0 0 0 0 0 0 0 0 0 0 226 2 0 0 0 0 0 0 0 0 0 0 0 0 0 0 0 0 0 0 0 0 0 0 0 0 0 0 0 0 0 0 0 0 0 0 0 0 0 0 0 0 0 0 0 0 0 0 0 0 0 0 0 0 0 0 0 0 0 0 0 0 0 0 0 0 0 0 data 7 0xa 0x1630 0x1 0x2e260c70110 0x0 0x9 0x0 oops 1 3 android/os/Looper methods 0
ciMethodData android/database/sqlite/SQLiteSession acquireConnection (Ljava/lang/String;ILandroid/os/CancellationSignal;)V 2 10775 orig 80 0 0 0 0 0 0 0 0 0 0 0 0 226 2 0 0 0 0 0 0 0 0 0 0 0 0 0 0 0 0 0 0 0 0 0 0 0 0 0 0 0 0 0 0 0 0 0 0 0 0 0 0 0 0 0 0 0 0 0 0 0 0 0 0 0 0 0 0 0 0 0 0 0 0 0 0 0 0 0 0 data 15 0x4000a 0x288f 0x4 0x0 0x2e2686c8850 0x1 0x2e260b07331 0x0 0x0 0x9 0x4 0x0 0x0 0x0 0x0 oops 2 4 android/database/sqlite/SQLiteSession 6 java/lang/String methods 0
ciMethodData android/database/sqlite/SQLiteSession $$robo$$android_database_sqlite_SQLiteSession$acquireConnection (Ljava/lang/String;ILandroid/os/CancellationSignal;)V 2 6623 orig 80 0 0 0 0 0 0 0 0 0 0 0 0 226 2 0 0 0 0 0 0 0 0 0 0 0 0 0 0 0 0 0 0 0 0 0 0 0 0 0 0 0 0 0 0 0 0 0 0 0 0 0 0 0 0 0 0 0 0 0 0 0 0 0 0 0 0 0 0 0 0 0 0 0 0 0 0 0 0 0 0 data 33 0x40007 0x14f8 0xa8 0x35e 0xa0007 0x0 0x50 0x35e 0x110007 0x35e 0x30 0x0 0x180002 0x0 0x240005 0x0 0x0 0x2e2687dcf40 0x35e 0x0 0x0 0x0 0x0 0x0 0x0 0x0 0x0 0x9 0x4 0x0 0x0 0x0 0x0 oops 1 17 android/database/sqlite/SQLiteConnectionPool methods 0
ciMethodData org/robolectric/shadows/ShadowLegacySQLiteConnection$Connections getColumnName (JJI)Ljava/lang/String; 2 5170 orig 80 0 0 0 0 0 0 0 0 0 0 0 0 226 2 0 0 0 0 0 0 0 0 0 0 0 0 0 0 0 0 0 0 0 0 0 0 0 0 0 0 0 0 0 0 0 0 0 0 0 0 0 0 0 0 0 0 0 0 0 0 0 0 0 0 0 0 0 0 0 0 0 0 0 0 0 0 0 0 0 0 data 25 0xa0002 0x12b0 0xd0002 0x12b0 0x100004 0x0 0x0 0x2e260b07330 0x12b0 0x0 0x0 0x0 0x0 0x0 0x0 0x0 0x0 0x9 0x6 0x0 0x0 0x0 0x0 0x0 0x0 oops 1 7 java/lang/String methods 0
ciMethodData java/lang/invoke/LambdaForm$MH+0x000002e201383800 guardWithCatch (Ljava/lang/Object;Ljava/lang/Object;Ljava/lang/Object;Ljava/lang/Object;Ljava/lang/Object;)I 2 15132 orig 80 0 0 0 0 0 0 0 0 0 0 0 0 0 0 0 0 0 0 0 0 0 0 0 0 0 0 0 0 0 0 0 0 0 0 0 0 0 0 0 0 0 0 0 0 0 0 0 0 0 0 0 0 0 0 0 0 0 0 0 0 0 0 0 0 0 0 0 0 0 0 0 0 0 0 0 0 0 0 0 0 data 91 0x10004 0x0 0x0 0x2e265b99b40 0x206 0x0 0x0 0x250004 0x0 0x0 0x2e265b935b0 0x206 0x0 0x0 0x2d000b 0x391d 0x0 0x0 0x0 0x0 0x0 0x4 0x1 0x2 0x2 0x2e260b07330 0x300003 0x391c 0x170 0x360004 0x0 0x0 0x0 0x0 0x0 0x0 0x3a000b 0x0 0x0 0x0 0x0 0x0 0x0 0x2 0x1 0x0 0x3d0007 0x0 0xd0 0x0 0x420004 0x0 0x0 0x0 0x0 0x0 0x0 0x4b000b 0x0 0x0 0x0 0x0 0x0 0x0 0x4 0x1 0x0 0x2 0x0 0x4e0003 0x0 0x18 0x0 0x0 0x0 0x0 0x0 0x0 0x9 0x5 0x0 0x0 0x0 0x0 0x0 0xc 0x4 0x0 0x2e265b99b40 0x1 0x2 oops 4 3 java/lang/invoke/BoundMethodHandle$Species_LLLLL 10 java/lang/invoke/DirectMethodHandle$Special 25 java/lang/String 88 java/lang/invoke/BoundMethodHandle$Species_LLLLL methods 0
ciMethodData java/lang/invoke/LambdaForm$MH+0x000002e201385000 guard (Ljava/lang/Object;Ljava/lang/Object;Ljava/lang/Object;Ljava/lang/Object;Ljava/lang/Object;)I 2 15129 orig 80 0 0 0 0 0 0 0 0 0 0 0 0 0 0 0 0 0 0 0 0 0 0 0 0 0 0 0 0 0 0 0 0 0 0 0 0 0 0 0 0 0 0 0 0 0 0 0 0 0 0 0 0 0 0 0 0 0 0 0 0 0 0 0 0 0 0 0 0 0 0 0 0 0 0 0 0 0 0 0 0 data 116 0x10004 0x0 0x0 0x2e266c97b30 0x206 0x0 0x0 0x1f0004 0x0 0x0 0x2e26543a450 0x206 0x0 0x0 0x27000b 0x391a 0x0 0x0 0x0 0x0 0x0 0x4 0x1 0x2 0x2 0x2e260b07330 0x320004 0x0 0x0 0x2e260b182e0 0x206 0x0 0x0 0x35000a 0x391a 0x2 0x1 0x2e260b182e0 0x3e0007 0x0 0x108 0x391a 0x430004 0x0 0x0 0x2e26543a500 0x206 0x0 0x0 0x4a0004 0x0 0x0 0x2e26543a500 0x8 0x0 0x0 0x52000b 0x391a 0x0 0x0 0x0 0x0 0x0 0x4 0x1 0x2 0x2 0x2e260b07330 0x550003 0x3919 0xe8 0x5a0004 0x0 0x0 0x0 0x0 0x0 0x0 0x610004 0x0 0x0 0x0 0x0 0x0 0x0 0x69000b 0x0 0x0 0x0 0x0 0x0 0x0 0x4 0x1 0x0 0x2 0x0 0x0 0x0 0x0 0x0 0x0 0x0 0x9 0x5 0x0 0x0 0x0 0x0 0x0 0xc 0x4 0x0 0x2e266c97b30 0x1 0x2 oops 9 3 java/lang/invoke/BoundMethodHandle$Species_LLLL 10 java/lang/invoke/BoundMethodHandle$Species_LL 25 java/lang/String 29 [I 37 [I 45 java/lang/invoke/MethodHandleImpl$CountingWrapper 52 java/lang/invoke/MethodHandleImpl$CountingWrapper 67 java/lang/String 113 java/lang/invoke/BoundMethodHandle$Species_LLLL methods 0
ciMethodData android/database/sqlite/SQLiteConnection$OperationLog beginOperation (Ljava/lang/String;Ljava/lang/String;[Ljava/lang/Object;)I 2 10935 orig 80 0 0 0 0 0 0 0 0 0 0 0 0 0 0 0 0 0 0 0 0 0 0 0 0 0 0 0 0 0 0 0 0 0 0 0 0 0 0 0 0 0 0 0 0 0 0 0 0 0 0 0 0 0 0 0 0 0 0 0 0 0 0 0 0 0 0 0 0 0 0 0 0 0 0 0 0 0 0 0 0 data 15 0x4000a 0x28b8 0x4 0x0 0x2e2661fc140 0x1 0x2e260b07330 0x0 0x0 0x9 0x4 0x0 0x0 0x0 0x0 oops 2 4 android/database/sqlite/SQLiteConnection$OperationLog 6 java/lang/String methods 0
ciMethodData android/database/sqlite/SQLiteConnection acquirePreparedStatement (Ljava/lang/String;)Landroid/database/sqlite/SQLiteConnection$PreparedStatement; 2 11275 orig 80 0 0 0 0 0 0 0 0 0 0 0 0 0 0 0 0 0 0 0 0 0 0 0 0 0 0 0 0 0 0 0 0 0 0 0 0 0 0 0 0 0 0 0 0 0 0 0 0 0 0 0 0 0 0 0 0 0 0 0 0 0 0 0 0 0 0 0 0 0 0 0 0 0 0 0 0 0 0 0 0 data 14 0x2000a 0x2a0c 0x5 0x0 0x2e266182280 0x1 0x2e260b07330 0x2e2661fcb20 0x0 0x0 0x9 0x2 0x0 0x0 oops 3 4 android/database/sqlite/SQLiteConnection 6 java/lang/String 7 android/database/sqlite/SQLiteConnection$PreparedStatement methods 0
ciMethodData android/database/sqlite/SQLiteConnection releasePreparedStatement (Landroid/database/sqlite/SQLiteConnection$PreparedStatement;)V 2 11296 orig 80 0 0 0 0 0 0 0 0 0 0 0 0 0 0 0 0 0 0 0 0 0 0 0 0 0 0 0 0 0 0 0 0 0 0 0 0 0 0 0 0 0 0 0 0 0 0 0 0 0 0 0 0 0 0 0 0 0 0 0 0 0 0 0 0 0 0 0 0 0 0 0 0 0 0 0 0 0 0 0 0 data 13 0x2000a 0x2a21 0x4 0x0 0x2e266182280 0x1 0x2e2661fcb20 0x0 0x0 0x9 0x2 0x0 0x0 oops 2 4 android/database/sqlite/SQLiteConnection 6 android/database/sqlite/SQLiteConnection$PreparedStatement methods 0
ciMethodData android/database/sqlite/SQLiteConnection $$robo$$android_database_sqlite_SQLiteConnection$releasePreparedStatement (Landroid/database/sqlite/SQLiteConnection$PreparedStatement;)V 2 5901 orig 80 0 0 0 0 0 0 0 0 0 0 0 0 0 0 0 0 0 0 0 0 0 0 0 0 0 0 0 0 0 0 0 0 0 0 0 0 0 0 0 0 0 0 0 0 0 0 0 0 0 0 0 0 0 0 0 0 0 0 0 0 0 0 0 0 0 0 0 0 0 0 0 0 0 0 0 0 0 0 0 0 data 31 0x90007 0x1201 0x98 0x30d 0x140002 0x30d 0x170003 0x30d 0x78 0x230005 0x0 0x0 0x0 0x0 0x0 0x0 0x270003 0x0 0x28 0x2c0002 0x1201 0x0 0x0 0x0 0x0 0x0 0x0 0x9 0x2 0x0 0x0 oops 0 methods 0
ciMethodData org/robolectric/shadows/ShadowLegacySQLiteConnection$Connections$10 <init> (Lorg/robolectric/shadows/ShadowLegacySQLiteConnection$Connections;I)V 2 5170 orig 80 0 0 0 0 0 0 0 0 0 0 0 0 0 0 0 0 0 0 0 0 0 0 0 0 0 0 0 0 0 0 0 0 0 0 0 0 0 0 0 0 0 0 0 0 0 0 0 0 0 0 0 0 0 0 0 0 0 0 0 0 0 0 0 0 0 0 0 0 0 0 0 0 0 0 0 0 0 0 0 0 data 11 0xb0002 0x1233 0x0 0x0 0x0 0x0 0x9 0x3 0x6 0x0 0x0 oops 0 methods 0
ciMethodData android/database/sqlite/SQLiteConnectionPool acquireConnection (Ljava/lang/String;ILandroid/os/CancellationSignal;)Landroid/database/sqlite/SQLiteConnection; 1 983 orig 80 0 0 0 0 0 0 0 0 0 0 0 0 226 2 0 0 0 0 0 0 0 0 0 0 0 0 0 0 0 0 0 0 0 0 0 0 0 0 0 0 0 0 0 0 0 0 0 0 0 0 0 0 0 0 0 0 0 0 0 0 0 0 0 0 0 0 0 0 0 0 0 0 0 0 0 0 0 0 0 0 data 16 0x4000a 0x31d 0x5 0x0 0x2e2687dcf40 0x1 0x2e260b07331 0x2e266182280 0x0 0x0 0x9 0x4 0x0 0x0 0x0 0x0 oops 3 4 android/database/sqlite/SQLiteConnectionPool 6 java/lang/String 7 android/database/sqlite/SQLiteConnection methods 0
ciMethodData java/lang/invoke/LambdaForm$MH+0x000002e201362400 guard (Ljava/lang/Object;Ljava/lang/Object;Ljava/lang/Object;ILjava/lang/Object;)Ljava/lang/Object; 2 1991 orig 80 0 0 0 0 0 0 0 0 0 0 0 0 226 2 0 0 0 0 0 0 0 0 0 0 0 0 0 0 0 0 0 0 0 0 0 0 0 0 0 0 0 0 0 0 0 0 0 0 0 0 0 0 0 0 0 0 0 0 0 0 0 0 0 0 0 0 0 0 0 0 0 0 0 0 0 0 0 0 0 0 data 118 0x10004 0x0 0x0 0x2e266c97b30 0x337 0x0 0x0 0x1f0004 0x0 0x0 0x2e26543a450 0x337 0x0 0x0 0x27000b 0x652 0x0 0x0 0x0 0x0 0x0 0x4 0x1 0x2 0x2 0x2e260b07331 0x320004 0x0 0x0 0x2e260b182e0 0x337 0x0 0x0 0x35000a 0x652 0x2 0x1 0x2e260b182e0 0x3e0007 0x0 0x110 0x652 0x430004 0x0 0x0 0x2e26543a500 0x337 0x0 0x0 0x4a0004 0x0 0x0 0x2e26543a500 0x98 0x0 0x0 0x52000b 0x652 0x0 0x0 0x0 0x0 0x0 0x5 0x1 0x2 0x2 0x2e260b07331 0x2 0x550003 0x652 0xf0 0x5a0004 0x0 0x0 0x0 0x0 0x0 0x0 0x610004 0x0 0x0 0x0 0x0 0x0 0x0 0x69000b 0x0 0x0 0x0 0x0 0x0 0x0 0x5 0x1 0x0 0x2 0x0 0x0 0x0 0x0 0x0 0x0 0x0 0x0 0x9 0x5 0x0 0x0 0x0 0x0 0x0 0xc 0x4 0x0 0x2e266c97b30 0x1 0x2 oops 9 3 java/lang/invoke/BoundMethodHandle$Species_LLLL 10 java/lang/invoke/BoundMethodHandle$Species_LL 25 java/lang/String 29 [I 37 [I 45 java/lang/invoke/MethodHandleImpl$CountingWrapper 52 java/lang/invoke/MethodHandleImpl$CountingWrapper 67 java/lang/String 115 java/lang/invoke/BoundMethodHandle$Species_LLLL methods 0
ciMethodData java/lang/invoke/LambdaForm$MH+0x000002e201360c00 guardWithCatch (Ljava/lang/Object;Ljava/lang/Object;Ljava/lang/Object;ILjava/lang/Object;)Ljava/lang/Object; 2 1991 orig 80 0 0 0 0 0 0 0 0 0 0 0 0 226 2 0 0 0 0 0 0 0 0 0 0 0 0 0 0 0 0 0 0 0 0 0 0 0 0 0 0 0 0 0 0 0 0 0 0 0 0 0 0 0 0 0 0 0 0 0 0 0 0 0 0 0 0 0 0 0 0 0 0 0 0 0 0 0 0 0 0 data 93 0x10004 0x0 0x0 0x2e265b99b40 0x337 0x0 0x0 0x250004 0x0 0x0 0x2e265b935b0 0x31f 0x2e260b09350 0x18 0x2d000b 0x652 0x0 0x0 0x0 0x0 0x0 0x5 0x1 0x2 0x2 0x2e260b07331 0x2 0x300003 0x652 0x178 0x360004 0x0 0x0 0x0 0x0 0x0 0x0 0x3a000b 0x0 0x0 0x0 0x0 0x0 0x0 0x2 0x1 0x0 0x3d0007 0x0 0xd8 0x0 0x420004 0x0 0x0 0x0 0x0 0x0 0x0 0x4b000b 0x0 0x0 0x0 0x0 0x0 0x0 0x5 0x1 0x0 0x2 0x0 0x0 0x4e0003 0x0 0x18 0x0 0x0 0x0 0x0 0x0 0x0 0x9 0x5 0x0 0x0 0x0 0x0 0x0 0xc 0x4 0x0 0x2e265b99b40 0x1 0x2 oops 5 3 java/lang/invoke/BoundMethodHandle$Species_LLLLL 10 java/lang/invoke/DirectMethodHandle$Special 12 java/lang/invoke/DirectMethodHandle 25 java/lang/String 90 java/lang/invoke/BoundMethodHandle$Species_LLLLL methods 0
ciMethodData android/database/sqlite/SQLiteConnectionPool $$robo$$android_database_sqlite_SQLiteConnectionPool$acquireConnection (Ljava/lang/String;ILandroid/os/CancellationSignal;)Landroid/database/sqlite/SQLiteConnection; 1 983 orig 80 0 0 0 0 0 0 0 0 0 0 0 0 226 2 0 0 0 0 0 0 0 0 0 0 0 0 0 0 0 0 0 0 0 0 0 0 0 0 0 0 0 0 0 0 0 0 0 0 0 0 0 0 0 0 0 0 0 0 0 0 0 0 0 0 0 0 0 0 0 0 0 0 0 0 0 0 0 0 0 0 data 10 0x40002 0x31c 0x0 0x0 0x9 0x4 0x0 0x0 0x0 0x0 oops 0 methods 0
ciMethodData android/database/sqlite/SQLiteConnectionPool waitForConnection (Ljava/lang/String;ILandroid/os/CancellationSignal;)Landroid/database/sqlite/SQLiteConnection; 1 983 orig 80 0 0 0 0 0 0 0 0 0 0 0 0 226 2 0 0 0 0 0 0 0 0 0 0 0 0 0 0 0 0 0 0 0 0 0 0 0 0 0 0 0 0 0 0 0 0 0 0 0 0 0 0 0 0 0 0 0 0 0 0 0 0 0 0 0 0 0 0 0 0 0 0 0 0 0 0 0 0 0 0 data 16 0x4000a 0x31c 0x5 0x0 0x2e2687dcf40 0x1 0x2e260b07331 0x2e266182280 0x0 0x0 0x9 0x4 0x0 0x0 0x0 0x0 oops 3 4 android/database/sqlite/SQLiteConnectionPool 6 java/lang/String 7 android/database/sqlite/SQLiteConnection methods 0
ciMethodData android/database/sqlite/SQLiteConnection nativeResetStatementAndClearBindings (JJ)V 1 979 orig 80 0 0 0 0 0 0 0 0 0 0 0 0 226 2 0 0 0 0 0 0 0 0 0 0 0 0 0 0 0 0 0 0 0 0 0 0 0 0 0 0 0 0 0 0 0 0 0 0 0 0 0 0 0 0 0 0 0 0 0 0 0 0 0 0 0 0 0 0 0 0 0 0 0 0 0 0 0 0 0 0 data 9 0x20002 0x2cc 0x0 0x9 0x4 0x0 0x0 0x0 0x0 oops 0 methods 0
ciMethodData org/robolectric/shadows/ShadowLegacySQLiteConnection nativeResetStatementAndClearBindings (JJ)V 1 979 orig 80 0 0 0 0 0 0 0 0 0 0 0 0 226 2 0 0 0 0 0 0 0 0 0 0 0 0 0 0 0 0 0 0 0 0 0 0 0 0 0 0 0 0 0 0 0 0 0 0 0 0 0 0 0 0 0 0 0 0 0 0 0 0 0 0 0 0 0 0 0 0 0 0 0 0 0 0 0 0 0 0 data 19 0x50005 0x0 0x0 0x2e2687ece90 0x2cc 0x0 0x0 0x0 0x0 0x0 0x0 0x0 0x0 0x9 0x4 0x0 0x0 0x0 0x0 oops 1 3 org/robolectric/shadows/ShadowLegacySQLiteConnection$Connections methods 0
ciMethodData android/database/sqlite/SQLiteConnection finalizePreparedStatement (Landroid/database/sqlite/SQLiteConnection$PreparedStatement;)V 2 5739 orig 80 0 0 0 0 0 0 0 0 0 0 0 0 0 0 0 0 0 0 0 0 0 0 0 0 0 0 0 0 0 0 0 0 0 0 0 0 0 0 0 0 0 0 0 0 0 0 0 0 0 0 0 0 0 0 0 0 0 0 0 0 0 0 0 0 0 0 0 0 0 0 0 0 0 0 0 0 0 0 0 0 data 13 0x2000a 0x146c 0x4 0x0 0x2e266182280 0x1 0x2e2661fcb20 0x0 0x0 0x9 0x2 0x0 0x0 oops 2 4 android/database/sqlite/SQLiteConnection 6 android/database/sqlite/SQLiteConnection$PreparedStatement methods 0
ciMethodData android/database/sqlite/SQLiteProgram <init> (Landroid/database/sqlite/SQLiteDatabase;Ljava/lang/String;[Ljava/lang/Object;Landroid/os/CancellationSignal;)V 2 5376 orig 80 0 0 0 0 0 0 0 0 0 0 0 0 226 2 0 0 0 0 0 0 0 0 0 0 0 0 0 0 0 0 0 0 0 0 0 0 0 0 0 0 0 0 0 0 0 0 0 0 0 0 0 0 0 0 0 0 0 0 0 0 0 0 0 0 0 0 0 0 0 0 0 0 0 0 0 0 0 0 0 0 data 29 0x10002 0x1400 0x50005 0x0 0x0 0x2e266c91730 0x313 0x2e266c917e0 0x10ed 0xe000a 0x1400 0x4 0x0 0x2 0x1 0x2e266c90bb0 0x0 0x0 0x0 0x0 0x0 0x0 0x9 0x5 0x0 0x0 0x0 0x0 0x0 oops 3 5 android/database/sqlite/SQLiteQuery 7 android/database/sqlite/SQLiteStatement 15 android/database/sqlite/SQLiteDatabase methods 0
ciMethodData android/database/sqlite/SQLiteClosable <init> ()V 2 5712 orig 80 0 0 0 0 0 0 0 0 0 0 0 0 226 2 0 0 0 0 0 0 0 0 0 0 0 0 0 0 0 0 0 0 0 0 0 0 0 0 0 0 0 0 0 0 0 0 0 0 0 0 0 0 0 0 0 0 0 0 0 0 0 0 0 0 0 0 0 0 0 0 0 0 0 0 0 0 0 0 0 0 data 23 0x10002 0x14de 0x50005 0x1105 0x0 0x2e266c91730 0x313 0x2e266c94230 0xc6 0x9000a 0x14de 0x2 0x0 0x2 0x0 0x0 0x0 0x0 0x0 0x0 0x9 0x1 0x0 oops 2 5 android/database/sqlite/SQLiteQuery 7 android/database/CursorWindow methods 0
ciMethodData android/database/sqlite/SQLiteClosable $$robo$$android_database_sqlite_SQLiteClosable$__constructor__ ()V 2 5714 orig 80 0 0 0 0 0 0 0 0 0 0 0 0 226 2 0 0 0 0 0 0 0 0 0 0 0 0 0 0 0 0 0 0 0 0 0 0 0 0 0 0 0 0 0 0 0 0 0 0 0 0 0 0 0 0 0 0 0 0 0 0 0 0 0 0 0 0 0 0 0 0 0 0 0 0 0 0 0 0 0 0 data 6 0x0 0x0 0x0 0x9 0x1 0x0 oops 0 methods 0
ciMethodData android/database/sqlite/SQLiteProgram $$robo$$android_database_sqlite_SQLiteProgram$__constructor__ (Landroid/database/sqlite/SQLiteDatabase;Ljava/lang/String;[Ljava/lang/Object;Landroid/os/CancellationSignal;)V 2 5381 orig 80 0 0 0 0 0 0 0 0 0 0 0 0 226 2 0 0 0 0 0 0 0 0 0 0 0 0 0 0 0 0 0 0 0 0 0 0 0 0 0 0 0 0 0 0 0 0 0 0 0 0 0 0 0 0 0 0 0 0 0 0 0 0 0 0 0 0 0 0 0 0 0 0 0 0 0 0 0 0 0 0 data 146 0x70005 0x1405 0x0 0x0 0x0 0x0 0x0 0x110002 0x1405 0x180008 0x8 0x1405 0x68 0x0 0x50 0x0 0x50 0x0 0x50 0x450003 0x0 0x108 0x4b0007 0x13a7 0x38 0x5e 0x4f0003 0x5e 0x18 0x590002 0x1405 0x5f0005 0x0 0x0 0x2e266c90bb0 0x1405 0x0 0x0 0x690005 0x0 0x0 0x2e266c90bb0 0x1405 0x0 0x0 0x700005 0x0 0x0 0x2e2686c8850 0x1405 0x0 0x0 0x8f0007 0x1405 0x1b0 0x0 0x980007 0x0 0x190 0x0 0xa30002 0x0 0xa80005 0x0 0x0 0x0 0x0 0x0 0x0 0xad0005 0x0 0x0 0x0 0x0 0x0 0x0 0xb20005 0x0 0x0 0x0 0x0 0x0 0x0 0xb90005 0x0 0x0 0x0 0x0 0x0 0x0 0xbe0005 0x0 0x0 0x0 0x0 0x0 0x0 0xc10005 0x0 0x0 0x0 0x0 0x0 0x0 0xc40002 0x0 0xcc0007 0x13ea 0x90 0x1b 0xdb0007 0x1b 0x70 0x0 0xe7000a 0x0 0x4 0x0 0x0 0x2 0x0 0xec0003 0x0 0x18 0x0 0x0 0x0 0x0 0x0 0x0 0x0 0x0 0x0 0x0 0x0 0x0 0x0 0x0 0x0 0x9 0x5 0x0 0x0 0x0 0x0 0x0 oops 3 34 android/database/sqlite/SQLiteDatabase 41 android/database/sqlite/SQLiteDatabase 48 android/database/sqlite/SQLiteSession methods 0
ciMethodData android/database/sqlite/SQLiteStatementInfo <init> ()V 2 5383 orig 80 0 0 0 0 0 0 0 0 0 0 0 0 226 2 0 0 0 0 0 0 0 0 0 0 0 0 0 0 0 0 0 0 0 0 0 0 0 0 0 0 0 0 0 0 0 0 0 0 0 0 0 0 0 0 0 0 0 0 0 0 0 0 0 0 0 0 0 0 0 0 0 0 0 0 0 0 0 0 0 0 data 23 0x10002 0x1405 0x50005 0x0 0x0 0x2e2686c84c0 0x1405 0x0 0x0 0x9000a 0x1405 0x2 0x0 0x2e2686c84c0 0x0 0x0 0x0 0x0 0x0 0x0 0x9 0x1 0x0 oops 2 5 android/database/sqlite/SQLiteStatementInfo 13 android/database/sqlite/SQLiteStatementInfo methods 0
ciMethodData android/database/sqlite/SQLiteStatementInfo $$robo$init ()V 2 5383 orig 80 0 0 0 0 0 0 0 0 0 0 0 0 226 2 0 0 0 0 0 0 0 0 0 0 0 0 0 0 0 0 0 0 0 0 0 0 0 0 0 0 0 0 0 0 0 0 0 0 0 0 0 0 0 0 0 0 0 0 0 0 0 0 0 0 0 0 0 0 0 0 0 0 0 0 0 0 0 0 0 0 data 19 0x40007 0x0 0x50 0x1405 0x9000a 0x1405 0x3 0x0 0x2e2686c84c0 0x2e260b072a0 0x0 0x0 0x0 0x0 0x0 0x0 0x9 0x1 0x0 oops 2 8 android/database/sqlite/SQLiteStatementInfo 9 java/lang/Object methods 0
ciMethodData android/database/sqlite/SQLiteStatementInfo $$robo$$android_database_sqlite_SQLiteStatementInfo$__constructor__ ()V 2 5384 orig 80 0 0 0 0 0 0 0 0 0 0 0 0 226 2 0 0 0 0 0 0 0 0 0 0 0 0 0 0 0 0 0 0 0 0 0 0 0 0 0 0 0 0 0 0 0 0 0 0 0 0 0 0 0 0 0 0 0 0 0 0 0 0 0 0 0 0 0 0 0 0 0 0 0 0 0 0 0 0 0 0 data 4 0x0 0x9 0x1 0x0 oops 0 methods 0
ciMethodData android/database/sqlite/SQLiteSession prepare (Ljava/lang/String;ILandroid/os/CancellationSignal;Landroid/database/sqlite/SQLiteStatementInfo;)V 2 5394 orig 80 0 0 0 0 0 0 0 0 0 0 0 0 226 2 0 0 0 0 0 0 0 0 0 0 0 0 0 0 0 0 0 0 0 0 0 0 0 0 0 0 0 0 0 0 0 0 0 0 0 0 0 0 0 0 0 0 0 0 0 0 0 0 0 0 0 0 0 0 0 0 0 0 0 0 0 0 0 0 0 0 data 16 0x6000a 0x140f 0x4 0x0 0x2e2686c8850 0x1 0x2e260b07330 0x0 0x0 0x9 0x5 0x0 0x0 0x0 0x0 0x0 oops 2 4 android/database/sqlite/SQLiteSession 6 java/lang/String methods 0
ciMethodData java/lang/invoke/LambdaForm$MH+0x000002e2012b0c00 guard (Ljava/lang/Object;Ljava/lang/Object;Ljava/lang/Object;ILjava/lang/Object;Ljava/lang/Object;)V 2 5429 orig 80 0 0 0 0 0 0 0 0 0 0 0 0 226 2 0 0 0 0 0 0 0 0 0 0 0 0 0 0 0 0 0 0 0 0 0 0 0 0 0 0 0 0 0 0 0 0 0 0 0 0 0 0 0 0 0 0 0 0 0 0 0 0 0 0 0 0 0 0 0 0 0 0 0 0 0 0 0 0 0 0 data 117 0x10004 0x0 0x0 0x2e266c97b30 0x1b5 0x0 0x0 0x1f0004 0x0 0x0 0x2e26543a450 0x1b5 0x0 0x0 0x29000b 0x1435 0x0 0x0 0x0 0x0 0x0 0x4 0x1 0x2 0x2 0x2 0x340004 0x0 0x0 0x2e260b182e0 0x1b5 0x0 0x0 0x37000a 0x1435 0x2 0x1 0x2e260b182e0 0x400007 0x0 0x108 0x1435 0x450004 0x0 0x0 0x2e26543a500 0x1b5 0x0 0x0 0x4c0004 0x0 0x0 0x0 0x0 0x0 0x0 0x56000b 0x1435 0x0 0x0 0x0 0x0 0x0 0x4 0x1 0x2 0x2 0x2 0x590003 0x1435 0xe8 0x5e0004 0x0 0x0 0x0 0x0 0x0 0x0 0x650004 0x0 0x0 0x0 0x0 0x0 0x0 0x6f000b 0x0 0x0 0x0 0x0 0x0 0x0 0x4 0x1 0x0 0x2 0x0 0x0 0x0 0x0 0x0 0x0 0x0 0x9 0x6 0x0 0x0 0x0 0x0 0x0 0x0 0xc 0x4 0x0 0x2e266c97b30 0x1 0x2 oops 6 3 java/lang/invoke/BoundMethodHandle$Species_LLLL 10 java/lang/invoke/BoundMethodHandle$Species_LL 29 [I 37 [I 45 java/lang/invoke/MethodHandleImpl$CountingWrapper 114 java/lang/invoke/BoundMethodHandle$Species_LLLL methods 0
ciMethodData java/lang/invoke/LambdaForm$MH+0x000002e2012b0000 invoke (Ljava/lang/Object;Ljava/lang/Object;Ljava/lang/Object;ILjava/lang/Object;Ljava/lang/Object;)I 2 5429 orig 80 0 0 0 0 0 0 0 0 0 0 0 0 226 2 0 0 0 0 0 0 0 0 0 0 0 0 0 0 0 0 0 0 0 0 0 0 0 0 0 0 0 0 0 0 0 0 0 0 0 0 0 0 0 0 0 0 0 0 0 0 0 0 0 0 0 0 0 0 0 0 0 0 0 0 0 0 0 0 0 0 data 76 0x10004 0x0 0x0 0x2e26543a450 0x1b5 0x0 0x0 0xd0004 0x0 0x0 0x2e26543a450 0x1b5 0x0 0x0 0x10000b 0x1435 0x0 0x0 0x0 0x0 0x0 0x1 0x2e26543c700 0x1d0004 0x0 0x0 0x2e26543c700 0x1435 0x0 0x0 0x250004 0x0 0x0 0x2e260b09740 0x1b5 0x0 0x0 0x28000a 0x1435 0x4 0x0 0x2e26543c700 0x1 0x2e260b09740 0x2d000a 0x1435 0x2 0x0 0x2e26543c700 0x320005 0x1435 0x0 0x0 0x0 0x0 0x0 0x0 0x0 0x0 0x0 0x0 0x0 0x9 0x6 0x0 0x0 0x0 0x0 0x0 0x0 0xc 0x4 0x0 0x2e26543a450 0x1 0x2 oops 9 3 java/lang/invoke/BoundMethodHandle$Species_LL 10 java/lang/invoke/BoundMethodHandle$Species_LL 22 java/lang/invoke/BoundMethodHandle$Species_I 26 java/lang/invoke/BoundMethodHandle$Species_I 33 java/lang/invoke/MethodType 41 java/lang/invoke/BoundMethodHandle$Species_I 43 java/lang/invoke/MethodType 48 java/lang/invoke/BoundMethodHandle$Species_I 73 java/lang/invoke/BoundMethodHandle$Species_LL methods 0
ciMethodData java/lang/invoke/LambdaForm$MH+0x000002e2013adc00 guardWithCatch (Ljava/lang/Object;Ljava/lang/Object;Ljava/lang/Object;Ljava/lang/Object;Ljava/lang/Object;Ljava/lang/Object;)V 2 6280 orig 80 0 0 0 0 0 0 0 0 0 0 0 0 226 2 0 0 0 0 0 0 0 0 0 0 0 0 0 0 0 0 0 0 0 0 0 0 0 0 0 0 0 0 0 0 0 0 0 0 0 0 0 0 0 0 0 0 0 0 0 0 0 0 0 0 0 0 0 0 0 0 0 0 0 0 0 0 0 0 0 0 data 92 0x10004 0x0 0x0 0x2e265b99b40 0x19f 0x0 0x0 0x250004 0x0 0x0 0x2e265b935b0 0x19f 0x0 0x0 0x2f000b 0x1718 0x0 0x0 0x0 0x0 0x0 0x4 0x1 0x2 0x2 0x2e266c90bb0 0x320003 0x1717 0x170 0x380004 0x0 0x0 0x0 0x0 0x0 0x0 0x3c000b 0x0 0x0 0x0 0x0 0x0 0x0 0x2 0x1 0x0 0x3f0007 0x0 0xd0 0x0 0x440004 0x0 0x0 0x0 0x0 0x0 0x0 0x4f000b 0x0 0x0 0x0 0x0 0x0 0x0 0x4 0x1 0x0 0x2 0x0 0x520003 0x0 0x18 0x0 0x0 0x0 0x0 0x0 0x0 0x9 0x6 0x0 0x0 0x0 0x0 0x0 0x0 0xc 0x4 0x0 0x2e265b99b40 0x1 0x2 oops 4 3 java/lang/invoke/BoundMethodHandle$Species_LLLLL 10 java/lang/invoke/DirectMethodHandle$Special 25 android/database/sqlite/SQLiteDatabase 89 java/lang/invoke/BoundMethodHandle$Species_LLLLL methods 0
ciMethodData java/lang/invoke/LambdaForm$MH+0x000002e2013af400 guard (Ljava/lang/Object;Ljava/lang/Object;Ljava/lang/Object;Ljava/lang/Object;Ljava/lang/Object;Ljava/lang/Object;)V 2 6280 orig 80 0 0 0 0 0 0 0 0 0 0 0 0 226 2 0 0 0 0 0 0 0 0 0 0 0 0 0 0 0 0 0 0 0 0 0 0 0 0 0 0 0 0 0 0 0 0 0 0 0 0 0 0 0 0 0 0 0 0 0 0 0 0 0 0 0 0 0 0 0 0 0 0 0 0 0 0 0 0 0 0 data 117 0x10004 0x0 0x0 0x2e266c97b30 0x19f 0x0 0x0 0x1f0004 0x0 0x0 0x2e26543a450 0x19f 0x0 0x0 0x29000b 0x1717 0x0 0x0 0x0 0x0 0x0 0x4 0x1 0x2 0x2 0x2e266c90bb0 0x340004 0x0 0x0 0x2e260b182e0 0x19f 0x0 0x0 0x37000a 0x1717 0x2 0x1 0x2e260b182e0 0x400007 0x0 0x108 0x1717 0x450004 0x0 0x0 0x2e26543a500 0x19f 0x0 0x0 0x4c0004 0x0 0x0 0x2e26543a500 0x5d 0x0 0x0 0x56000b 0x1717 0x0 0x0 0x0 0x0 0x0 0x4 0x1 0x2 0x2 0x2e266c90bb0 0x590003 0x1716 0xe8 0x5e0004 0x0 0x0 0x0 0x0 0x0 0x0 0x650004 0x0 0x0 0x0 0x0 0x0 0x0 0x6f000b 0x0 0x0 0x0 0x0 0x0 0x0 0x4 0x1 0x0 0x2 0x0 0x0 0x0 0x0 0x0 0x0 0x0 0x9 0x6 0x0 0x0 0x0 0x0 0x0 0x0 0xc 0x4 0x0 0x2e266c97b30 0x1 0x2 oops 9 3 java/lang/invoke/BoundMethodHandle$Species_LLLL 10 java/lang/invoke/BoundMethodHandle$Species_LL 25 android/database/sqlite/SQLiteDatabase 29 [I 37 [I 45 java/lang/invoke/MethodHandleImpl$CountingWrapper 52 java/lang/invoke/MethodHandleImpl$CountingWrapper 67 android/database/sqlite/SQLiteDatabase 114 java/lang/invoke/BoundMethodHandle$Species_LLLL methods 0
ciMethodData android/database/sqlite/SQLiteQuery $$robo$init ()V 2 2700 orig 80 0 0 0 0 0 0 0 0 0 0 0 0 226 2 0 0 0 0 0 0 0 0 0 0 0 0 0 0 0 0 0 0 0 0 0 0 0 0 0 0 0 0 0 0 0 0 0 0 0 0 0 0 0 0 0 0 0 0 0 0 0 0 0 0 0 0 0 0 0 0 0 0 0 0 0 0 0 0 0 0 data 19 0x40007 0x608 0x50 0x304 0x9000a 0x304 0x3 0x0 0x2e266c91730 0x2e260b072a0 0x0 0x0 0x0 0x0 0x0 0x0 0x9 0x1 0x0 oops 2 8 android/database/sqlite/SQLiteQuery 9 java/lang/Object methods 0
ciMethodData org/robolectric/shadows/ShadowLegacySQLiteConnection$Connections resetStatementAndClearBindings (JJ)V 1 979 orig 80 0 0 0 0 0 0 0 0 0 0 0 0 226 2 0 0 0 0 0 0 0 0 0 0 0 0 0 0 0 0 0 0 0 0 0 0 0 0 0 0 0 0 0 0 0 0 0 0 0 0 0 0 0 0 0 0 0 0 0 0 0 0 0 0 0 0 0 0 0 0 0 0 0 0 0 0 0 0 0 0 data 15 0x80002 0x253 0xb0002 0x253 0x0 0x0 0x0 0x0 0x9 0x5 0x0 0x0 0x0 0x0 0x0 oops 0 methods 0
ciMethodData org/robolectric/shadows/ShadowLegacySQLiteConnection$Connections$19 <init> (Lorg/robolectric/shadows/ShadowLegacySQLiteConnection$Connections;)V 1 979 orig 80 0 0 0 0 0 0 0 0 0 0 0 0 226 2 0 0 0 0 0 0 0 0 0 0 0 0 0 0 0 0 0 0 0 0 0 0 0 0 0 0 0 0 0 0 0 0 0 0 0 0 0 0 0 0 0 0 0 0 0 0 0 0 0 0 0 0 0 0 0 0 0 0 0 0 0 0 0 0 0 0 data 10 0x60002 0x253 0x0 0x0 0x0 0x0 0x9 0x2 0x6 0x0 oops 0 methods 0
ciMethodData java/lang/invoke/LambdaForm$MH+0x000002e2012ae800 guardWithCatch (Ljava/lang/Object;Ljava/lang/Object;Ljava/lang/Object;ILjava/lang/Object;Ljava/lang/Object;)V 2 5430 orig 80 0 0 0 0 0 0 0 0 0 0 0 0 226 2 0 0 0 0 0 0 0 0 0 0 0 0 0 0 0 0 0 0 0 0 0 0 0 0 0 0 0 0 0 0 0 0 0 0 0 0 0 0 0 0 0 0 0 0 0 0 0 0 0 0 0 0 0 0 0 0 0 0 0 0 0 0 0 0 0 0 data 92 0x10004 0x0 0x0 0x2e265b99b40 0x135 0x0 0x0 0x250004 0x0 0x0 0x2e265b935b0 0x135 0x0 0x0 0x2f000b 0x13b6 0x0 0x0 0x0 0x0 0x0 0x4 0x1 0x2 0x2 0x2 0x320003 0x13b6 0x170 0x380004 0x0 0x0 0x0 0x0 0x0 0x0 0x3c000b 0x0 0x0 0x0 0x0 0x0 0x0 0x2 0x1 0x0 0x3f0007 0x0 0xd0 0x0 0x440004 0x0 0x0 0x0 0x0 0x0 0x0 0x4f000b 0x0 0x0 0x0 0x0 0x0 0x0 0x4 0x1 0x0 0x2 0x0 0x520003 0x0 0x18 0x0 0x0 0x0 0x0 0x0 0x0 0x9 0x6 0x0 0x0 0x0 0x0 0x0 0x0 0xc 0x4 0x0 0x2e265b99b40 0x1 0x2 oops 3 3 java/lang/invoke/BoundMethodHandle$Species_LLLLL 10 java/lang/invoke/DirectMethodHandle$Special 89 java/lang/invoke/BoundMethodHandle$Species_LLLLL methods 0
ciMethodData org/robolectric/shadows/ShadowLegacySQLiteConnection nativeGetColumnCount (JJ)I 2 5410 orig 80 0 0 0 0 0 0 0 0 0 0 0 0 0 0 0 0 0 0 0 0 0 0 0 0 0 0 0 0 0 0 0 0 0 0 0 0 0 0 0 0 0 0 0 0 0 0 0 0 0 0 0 0 0 0 0 0 0 0 0 0 0 0 0 0 0 0 0 0 0 0 0 0 0 0 0 0 0 0 0 0 data 19 0x50005 0x0 0x0 0x2e2687ece90 0x1323 0x0 0x0 0x0 0x0 0x0 0x0 0x0 0x0 0x9 0x4 0x0 0x0 0x0 0x0 oops 1 3 org/robolectric/shadows/ShadowLegacySQLiteConnection$Connections methods 0
ciMethodData org/robolectric/shadows/ShadowLegacySQLiteConnection$Connections getColumnCount (JJ)I 2 5411 orig 80 0 0 0 0 0 0 0 0 0 0 0 0 0 0 0 0 0 0 0 0 0 0 0 0 0 0 0 0 0 0 0 0 0 0 0 0 0 0 0 0 0 0 0 0 0 0 0 0 0 0 0 0 0 0 0 0 0 0 0 0 0 0 0 0 0 0 0 0 0 0 0 0 0 0 0 0 0 0 0 0 data 31 0x80002 0x1324 0xb0002 0x1324 0xe0004 0x0 0x0 0x2e260b0b010 0x1323 0x0 0x0 0x110005 0x1323 0x0 0x0 0x0 0x0 0x0 0x0 0x0 0x0 0x0 0x0 0x0 0x9 0x5 0x0 0x0 0x0 0x0 0x0 oops 1 7 java/lang/Integer methods 0
ciMethodData android/database/sqlite/SQLiteSession $$robo$$android_database_sqlite_SQLiteSession$prepare (Ljava/lang/String;ILandroid/os/CancellationSignal;Landroid/database/sqlite/SQLiteStatementInfo;)V 2 5395 orig 80 0 0 0 0 0 0 0 0 0 0 0 0 0 0 0 0 0 0 0 0 0 0 0 0 0 0 0 0 0 0 0 0 0 0 0 0 0 0 0 0 0 0 0 0 0 0 0 0 0 0 0 0 0 0 0 0 0 0 0 0 0 0 0 0 0 0 0 0 0 0 0 0 0 0 0 0 0 0 0 0 data 46 0x10007 0x1314 0x30 0x0 0xa0002 0x0 0xf0007 0x1314 0x58 0x0 0x130005 0x0 0x0 0x0 0x0 0x0 0x0 0x1a0002 0x1314 0x240005 0x0 0x0 0x2e266182280 0x1314 0x0 0x0 0x280002 0x1314 0x2b0003 0x1314 0x28 0x310002 0x0 0x0 0x0 0x0 0x0 0x0 0x0 0x9 0x5 0x0 0x0 0x0 0x0 0x0 oops 1 22 android/database/sqlite/SQLiteConnection methods 0
ciMethodData android/database/sqlite/SQLiteConnection $$robo$$android_database_sqlite_SQLiteConnection$prepare (Ljava/lang/String;Landroid/database/sqlite/SQLiteStatementInfo;)V 2 5405 orig 80 0 0 0 0 0 0 0 0 0 0 0 0 0 0 0 0 0 0 0 0 0 0 0 0 0 0 0 0 0 0 0 0 0 0 0 0 0 0 0 0 0 0 0 0 0 0 0 0 0 0 0 0 0 0 0 0 0 0 0 0 0 0 0 0 0 0 0 0 0 0 0 0 0 0 0 0 0 0 0 0 data 90 0x10007 0x131e 0x30 0x0 0xb0002 0x0 0x180005 0x0 0x0 0x2e2661fc140 0x131e 0x0 0x0 0x1e0002 0x131e 0x240007 0x0 0xe8 0x131e 0x420002 0x131e 0x490007 0x2f5 0x38 0x1029 0x530003 0x1029 0x98 0x660007 0x2f5 0x80 0x10be 0x7a0002 0x10be 0x7d0004 0x0 0x0 0x2e260b07330 0x10be 0x0 0x0 0x810003 0x10be 0xffffffffffffff98 0x870002 0x131e 0x8a0003 0x131d 0x28 0x920002 0x0 0x9d0005 0x0 0x0 0x2e2661fc140 0x131d 0x0 0x0 0xa00003 0x131d 0x88 0xac0005 0x0 0x0 0x0 0x0 0x0 0x0 0xb90005 0x0 0x0 0x0 0x0 0x0 0x0 0x0 0x0 0x0 0x0 0x0 0x0 0x0 0x0 0x0 0x0 0x9 0x3 0x0 0x0 0x0 oops 3 9 android/database/sqlite/SQLiteConnection$OperationLog 37 java/lang/String 54 android/database/sqlite/SQLiteConnection$OperationLog methods 0
ciMethodData android/database/sqlite/SQLiteConnection nativeGetColumnCount (JJ)I 2 5409 orig 80 0 0 0 0 0 0 0 0 0 0 0 0 0 0 0 0 0 0 0 0 0 0 0 0 0 0 0 0 0 0 0 0 0 0 0 0 0 0 0 0 0 0 0 0 0 0 0 0 0 0 0 0 0 0 0 0 0 0 0 0 0 0 0 0 0 0 0 0 0 0 0 0 0 0 0 0 0 0 0 0 data 9 0x20002 0x1322 0x0 0x9 0x4 0x0 0x0 0x0 0x0 oops 0 methods 0
ciMethodData android/os/Looper $$robo$$android_os_Looper$getMainLooper ()Landroid/os/Looper; 2 1282 orig 80 0 0 0 0 0 0 0 0 0 0 0 0 226 2 0 0 0 0 0 0 0 0 0 0 0 0 0 0 0 0 0 0 0 0 0 0 0 0 0 0 0 0 0 0 0 0 0 0 0 0 0 0 0 0 0 0 0 0 0 0 0 0 0 0 0 0 0 0 0 0 0 0 0 0 0 0 0 0 0 0 data 6 0x0 0x0 0x0 0x0 0x9 0x0 oops 0 methods 0
ciMethodData android/database/sqlite/SQLiteConnection prepare (Ljava/lang/String;Landroid/database/sqlite/SQLiteStatementInfo;)V 2 5403 orig 80 0 0 0 0 0 0 0 0 0 0 0 0 0 0 0 0 0 0 0 0 0 0 0 0 0 0 0 0 0 0 0 0 0 0 0 0 0 0 0 0 0 0 0 0 0 0 0 0 0 0 0 0 0 0 0 0 0 0 0 0 0 0 0 0 0 0 0 0 0 0 0 0 0 0 0 0 0 0 0 0 data 14 0x3000a 0x131c 0x4 0x0 0x2e266182280 0x1 0x2e260b07330 0x0 0x0 0x9 0x3 0x0 0x0 0x0 oops 2 4 android/database/sqlite/SQLiteConnection 6 java/lang/String methods 0
ciMethodData org/robolectric/shadows/ShadowLegacySQLiteConnection$Connections$9 <init> (Lorg/robolectric/shadows/ShadowLegacySQLiteConnection$Connections;)V 2 5411 orig 80 0 0 0 0 0 0 0 0 0 0 0 0 0 0 0 0 0 0 0 0 0 0 0 0 0 0 0 0 0 0 0 0 0 0 0 0 0 0 0 0 0 0 0 0 0 0 0 0 0 0 0 0 0 0 0 0 0 0 0 0 0 0 0 0 0 0 0 0 0 0 0 0 0 0 0 0 0 0 0 0 data 10 0x60002 0x1324 0x0 0x0 0x0 0x0 0x9 0x2 0x6 0x0 oops 0 methods 0
compile android/database/sqlite/SQLiteProgram <init> (Landroid/database/sqlite/SQLiteDatabase;Ljava/lang/String;[Ljava/lang/Object;Landroid/os/CancellationSignal;)V -1 4 inline 599 0 -1 android/database/sqlite/SQLiteProgram <init> (Landroid/database/sqlite/SQLiteDatabase;Ljava/lang/String;[Ljava/lang/Object;Landroid/os/CancellationSignal;)V 1 1 android/database/sqlite/SQLiteClosable <init> ()V 2 1 java/lang/Object <init> ()V 2 9 java/lang/invoke/LambdaForm$MH+0x000002e201199400 linkToCallSite (Ljava/lang/Object;Ljava/lang/Object;)V 3 4 java/lang/invoke/Invokers getCallSiteTarget (Ljava/lang/invoke/CallSite;)Ljava/lang/invoke/MethodHandle; 4 1 java/lang/invoke/MutableCallSite getTarget ()Ljava/lang/invoke/MethodHandle; 3 13 java/lang/invoke/LambdaForm$MH+0x000002e201199000 guard (Ljava/lang/Object;Ljava/lang/Object;)V 4 32 java/lang/invoke/LambdaForm$MH+0x000002e201191c00 invoke (Ljava/lang/Object;Ljava/lang/Object;)I 5 14 java/lang/invoke/LambdaForm$MH+0x000002e201184000 invoke (Ljava/lang/Object;)Ljava/lang/Object; 6 20 java/lang/invoke/DirectMethodHandle$Holder invokeVirtual (Ljava/lang/Object;Ljava/lang/Object;)Ljava/lang/Object; 7 1 java/lang/invoke/DirectMethodHandle internalMemberName (Ljava/lang/Object;)Ljava/lang/Object; 7 10 java/lang/invoke/MutableCallSite getTarget ()Ljava/lang/invoke/MethodHandle; 5 35 java/lang/invoke/Invokers checkExactType (Ljava/lang/invoke/MethodHandle;Ljava/lang/invoke/MethodType;)V 6 1 java/lang/invoke/MethodHandle type ()Ljava/lang/invoke/MethodType; 5 39 java/lang/invoke/Invokers checkCustomized (Ljava/lang/invoke/MethodHandle;)V 5 43 java/lang/invoke/LambdaForm$MH+0x000002e20122b800 invoke (Ljava/lang/Object;)I 4 70 java/lang/invoke/DelegatingMethodHandle$Holder delegate (Ljava/lang/Object;Ljava/lang/Object;)V 5 4 java/lang/invoke/MethodHandleImpl$CountingWrapper getTarget ()Ljava/lang/invoke/MethodHandle; 5 13 java/lang/invoke/LambdaForm$MH+0x000002e201198000 guardWithCatch (Ljava/lang/Object;Ljava/lang/Object;)V 6 38 java/lang/invoke/DirectMethodHandle$Holder invokeSpecial (Ljava/lang/Object;Ljava/lang/Object;)V 7 1 java/lang/invoke/DirectMethodHandle internalMemberName (Ljava/lang/Object;)Ljava/lang/Object; 7 10 android/database/sqlite/SQLiteClosable $$robo$$android_database_sqlite_SQLiteClosable$__constructor__ ()V 1 5 android/database/sqlite/SQLiteStatement $$robo$init ()V 2 9 java/lang/invoke/Invokers$Holder linkToCallSite (Ljava/lang/Object;Ljava/lang/Object;)Ljava/lang/Object; 3 4 java/lang/invoke/Invokers getCallSiteTarget (Ljava/lang/invoke/CallSite;)Ljava/lang/invoke/MethodHandle; 4 1 java/lang/invoke/MutableCallSite getTarget ()Ljava/lang/invoke/MethodHandle; 3 13 java/lang/invoke/LambdaForm$MH+0x000002e201193000 guard (Ljava/lang/Object;Ljava/lang/Object;)Ljava/lang/Object; 4 32 java/lang/invoke/LambdaForm$MH+0x000002e201191c00 invoke (Ljava/lang/Object;Ljava/lang/Object;)I 5 14 java/lang/invoke/LambdaForm$MH+0x000002e201184000 invoke (Ljava/lang/Object;)Ljava/lang/Object; 6 20 java/lang/invoke/DirectMethodHandle$Holder invokeVirtual (Ljava/lang/Object;Ljava/lang/Object;)Ljava/lang/Object; 7 1 java/lang/invoke/DirectMethodHandle internalMemberName (Ljava/lang/Object;)Ljava/lang/Object; 7 10 java/lang/invoke/MutableCallSite getTarget ()Ljava/lang/invoke/MethodHandle; 5 35 java/lang/invoke/Invokers checkExactType (Ljava/lang/invoke/MethodHandle;Ljava/lang/invoke/MethodType;)V 6 1 java/lang/invoke/MethodHandle type ()Ljava/lang/invoke/MethodType; 5 39 java/lang/invoke/Invokers checkCustomized (Ljava/lang/invoke/MethodHandle;)V 5 43 java/lang/invoke/LambdaForm$MH+0x000002e20122b800 invoke (Ljava/lang/Object;)I 4 70 java/lang/invoke/DelegatingMethodHandle$Holder delegate (Ljava/lang/Object;Ljava/lang/Object;)Ljava/lang/Object; 5 4 java/lang/invoke/MethodHandleImpl$CountingWrapper getTarget ()Ljava/lang/invoke/MethodHandle; 5 13 java/lang/invoke/LambdaForm$MH+0x000002e201191000 invoke (Ljava/lang/Object;Ljava/lang/Object;)Ljava/lang/Object; 1 5 android/database/sqlite/SQLiteQuery $$robo$init ()V 2 9 java/lang/invoke/Invokers$Holder linkToCallSite (Ljava/lang/Object;Ljava/lang/Object;)Ljava/lang/Object; 3 4 java/lang/invoke/Invokers getCallSiteTarget (Ljava/lang/invoke/CallSite;)Ljava/lang/invoke/MethodHandle; 4 1 java/lang/invoke/MutableCallSite getTarget ()Ljava/lang/invoke/MethodHandle; 3 13 java/lang/invoke/LambdaForm$MH+0x000002e201193000 guard (Ljava/lang/Object;Ljava/lang/Object;)Ljava/lang/Object; 4 32 java/lang/invoke/LambdaForm$MH+0x000002e201191c00 invoke (Ljava/lang/Object;Ljava/lang/Object;)I 5 14 java/lang/invoke/LambdaForm$MH+0x000002e201184000 invoke (Ljava/lang/Object;)Ljava/lang/Object; 6 20 java/lang/invoke/DirectMethodHandle$Holder invokeVirtual (Ljava/lang/Object;Ljava/lang/Object;)Ljava/lang/Object; 7 1 java/lang/invoke/DirectMethodHandle internalMemberName (Ljava/lang/Object;)Ljava/lang/Object; 7 10 java/lang/invoke/MutableCallSite getTarget ()Ljava/lang/invoke/MethodHandle; 5 35 java/lang/invoke/Invokers checkExactType (Ljava/lang/invoke/MethodHandle;Ljava/lang/invoke/MethodType;)V 6 1 java/lang/invoke/MethodHandle type ()Ljava/lang/invoke/MethodType; 5 39 java/lang/invoke/Invokers checkCustomized (Ljava/lang/invoke/MethodHandle;)V 5 43 java/lang/invoke/LambdaForm$MH+0x000002e20122b800 invoke (Ljava/lang/Object;)I 4 70 java/lang/invoke/DelegatingMethodHandle$Holder delegate (Ljava/lang/Object;Ljava/lang/Object;)Ljava/lang/Object; 5 4 java/lang/invoke/MethodHandleImpl$CountingWrapper getTarget ()Ljava/lang/invoke/MethodHandle; 5 13 java/lang/invoke/LambdaForm$MH+0x000002e201191000 invoke (Ljava/lang/Object;Ljava/lang/Object;)Ljava/lang/Object; 1 14 java/lang/invoke/LambdaForm$MH+0x000002e2013af800 linkToCallSite (Ljava/lang/Object;Ljava/lang/Object;Ljava/lang/Object;Ljava/lang/Object;Ljava/lang/Object;Ljava/lang/Object;)V 2 5 java/lang/invoke/Invokers getCallSiteTarget (Ljava/lang/invoke/CallSite;)Ljava/lang/invoke/MethodHandle; 3 1 java/lang/invoke/MutableCallSite getTarget ()Ljava/lang/invoke/MethodHandle; 2 21 java/lang/invoke/LambdaForm$MH+0x000002e2013af400 guard (Ljava/lang/Object;Ljava/lang/Object;Ljava/lang/Object;Ljava/lang/Object;Ljava/lang/Object;Ljava/lang/Object;)V 3 41 java/lang/invoke/LambdaForm$MH+0x000002e2013aec00 invoke (Ljava/lang/Object;Ljava/lang/Object;Ljava/lang/Object;Ljava/lang/Object;Ljava/lang/Object;Ljava/lang/Object;)I 4 16 java/lang/invoke/LambdaForm$MH+0x000002e201184000 invoke (Ljava/lang/Object;)Ljava/lang/Object; 5 20 java/lang/invoke/DirectMethodHandle$Holder invokeVirtual (Ljava/lang/Object;Ljava/lang/Object;)Ljava/lang/Object; 6 1 java/lang/invoke/DirectMethodHandle internalMemberName (Ljava/lang/Object;)Ljava/lang/Object; 6 10 java/lang/invoke/MutableCallSite getTarget ()Ljava/lang/invoke/MethodHandle; 4 40 java/lang/invoke/Invokers checkExactType (Ljava/lang/invoke/MethodHandle;Ljava/lang/invoke/MethodType;)V 5 1 java/lang/invoke/MethodHandle type ()Ljava/lang/invoke/MethodType; 4 45 java/lang/invoke/Invokers checkCustomized (Ljava/lang/invoke/MethodHandle;)V 4 50 java/lang/invoke/LambdaForm$MH+0x000002e20122b800 invoke (Ljava/lang/Object;)I 3 86 java/lang/invoke/LambdaForm$MH+0x000002e20127cc00 delegate (Ljava/lang/Object;Ljava/lang/Object;Ljava/lang/Object;Ljava/lang/Object;Ljava/lang/Object;Ljava/lang/Object;)V 4 4 java/lang/invoke/MethodHandleImpl$CountingWrapper getTarget ()Ljava/lang/invoke/MethodHandle; 4 21 java/lang/invoke/LambdaForm$MH+0x000002e2013adc00 guardWithCatch (Ljava/lang/Object;Ljava/lang/Object;Ljava/lang/Object;Ljava/lang/Object;Ljava/lang/Object;Ljava/lang/Object;)V 5 47 java/lang/invoke/LambdaForm$DMH+0x000002e201188000 invokeSpecial (Ljava/lang/Object;Ljava/lang/Object;Ljava/lang/Object;Ljava/lang/Object;Ljava/lang/Object;Ljava/lang/Object;)V 6 1 java/lang/invoke/DirectMethodHandle internalMemberName (Ljava/lang/Object;)Ljava/lang/Object; 6 18 android/database/sqlite/SQLiteProgram $$robo$$android_database_sqlite_SQLiteProgram$__constructor__ (Landroid/database/sqlite/SQLiteDatabase;Ljava/lang/String;[Ljava/lang/Object;Landroid/os/CancellationSignal;)V 7 7 java/lang/String trim ()Ljava/lang/String; 8 1 java/lang/String isLatin1 ()Z 8 11 java/lang/StringLatin1 trim ([B)Ljava/lang/String; 7 17 android/database/DatabaseUtils getSqlStatementType (Ljava/lang/String;)I 8 1 java/lang/invoke/LambdaForm$MH+0x000002e2011f5c00 linkToCallSite (Ljava/lang/Object;Ljava/lang/Object;)I 9 4 java/lang/invoke/Invokers getCallSiteTarget (Ljava/lang/invoke/CallSite;)Ljava/lang/invoke/MethodHandle; 10 1 java/lang/invoke/MutableCallSite getTarget ()Ljava/lang/invoke/MethodHandle; 9 13 java/lang/invoke/LambdaForm$MH+0x000002e2011f5800 guard (Ljava/lang/Object;Ljava/lang/Object;)I 10 32 java/lang/invoke/LambdaForm$MH+0x000002e201191c00 invoke (Ljava/lang/Object;Ljava/lang/Object;)I 11 14 java/lang/invoke/LambdaForm$MH+0x000002e201184000 invoke (Ljava/lang/Object;)Ljava/lang/Object; 12 20 java/lang/invoke/DirectMethodHandle$Holder invokeVirtual (Ljava/lang/Object;Ljava/lang/Object;)Ljava/lang/Object; 13 1 java/lang/invoke/DirectMethodHandle internalMemberName (Ljava/lang/Object;)Ljava/lang/Object; 13 10 java/lang/invoke/MutableCallSite getTarget ()Ljava/lang/invoke/MethodHandle; 11 35 java/lang/invoke/Invokers checkExactType (Ljava/lang/invoke/MethodHandle;Ljava/lang/invoke/MethodType;)V 12 1 java/lang/invoke/MethodHandle type ()Ljava/lang/invoke/MethodType; 11 39 java/lang/invoke/Invokers checkCustomized (Ljava/lang/invoke/MethodHandle;)V 11 43 java/lang/invoke/LambdaForm$MH+0x000002e20122b800 invoke (Ljava/lang/Object;)I 10 70 java/lang/invoke/DelegatingMethodHandle$Holder delegate (Ljava/lang/Object;Ljava/lang/Object;)I 11 4 java/lang/invoke/MethodHandleImpl$CountingWrapper getTarget ()Ljava/lang/invoke/MethodHandle; 11 13 java/lang/invoke/LambdaForm$MH+0x000002e2011f4800 guardWithCatch (Ljava/lang/Object;Ljava/lang/Object;)I 12 38 java/lang/invoke/DirectMethodHandle$Holder invokeStatic (Ljava/lang/Object;Ljava/lang/Object;)I 13 1 java/lang/invoke/DirectMethodHandle internalMemberName (Ljava/lang/Object;)Ljava/lang/Object; 7 89 android/database/sqlite/SQLiteStatementInfo <init> ()V 8 1 java/lang/Object <init> ()V 8 5 android/database/sqlite/SQLiteStatementInfo $$robo$init ()V 9 9 java/lang/invoke/Invokers$Holder linkToCallSite (Ljava/lang/Object;Ljava/lang/Object;)Ljava/lang/Object; 10 4 java/lang/invoke/Invokers getCallSiteTarget (Ljava/lang/invoke/CallSite;)Ljava/lang/invoke/MethodHandle; 11 1 java/lang/invoke/MutableCallSite getTarget ()Ljava/lang/invoke/MethodHandle; 10 13 java/lang/invoke/LambdaForm$MH+0x000002e201193000 guard (Ljava/lang/Object;Ljava/lang/Object;)Ljava/lang/Object; 11 32 java/lang/invoke/LambdaForm$MH+0x000002e201191c00 invoke (Ljava/lang/Object;Ljava/lang/Object;)I 12 14 java/lang/invoke/LambdaForm$MH+0x000002e201184000 invoke (Ljava/lang/Object;)Ljava/lang/Object; 13 20 java/lang/invoke/DirectMethodHandle$Holder invokeVirtual (Ljava/lang/Object;Ljava/lang/Object;)Ljava/lang/Object; 14 1 java/lang/invoke/DirectMethodHandle internalMemberName (Ljava/lang/Object;)Ljava/lang/Object; 14 10 java/lang/invoke/MutableCallSite getTarget ()Ljava/lang/invoke/MethodHandle; 12 35 java/lang/invoke/Invokers checkExactType (Ljava/lang/invoke/MethodHandle;Ljava/lang/invoke/MethodType;)V 13 1 java/lang/invoke/MethodHandle type ()Ljava/lang/invoke/MethodType; 12 39 java/lang/invoke/Invokers checkCustomized (Ljava/lang/invoke/MethodHandle;)V 12 43 java/lang/invoke/LambdaForm$MH+0x000002e20122b800 invoke (Ljava/lang/Object;)I 11 70 java/lang/invoke/DelegatingMethodHandle$Holder delegate (Ljava/lang/Object;Ljava/lang/Object;)Ljava/lang/Object; 12 4 java/lang/invoke/MethodHandleImpl$CountingWrapper getTarget ()Ljava/lang/invoke/MethodHandle; 12 13 java/lang/invoke/LambdaForm$MH+0x000002e201191000 invoke (Ljava/lang/Object;Ljava/lang/Object;)Ljava/lang/Object; 8 9 java/lang/invoke/LambdaForm$MH+0x000002e201199400 linkToCallSite (Ljava/lang/Object;Ljava/lang/Object;)V 9 4 java/lang/invoke/Invokers getCallSiteTarget (Ljava/lang/invoke/CallSite;)Ljava/lang/invoke/MethodHandle; 10 1 java/lang/invoke/MutableCallSite getTarget ()Ljava/lang/invoke/MethodHandle; 9 13 java/lang/invoke/LambdaForm$MH+0x000002e201199000 guard (Ljava/lang/Object;Ljava/lang/Object;)V 10 32 java/lang/invoke/LambdaForm$MH+0x000002e201191c00 invoke (Ljava/lang/Object;Ljava/lang/Object;)I 11 14 java/lang/invoke/LambdaForm$MH+0x000002e201184000 invoke (Ljava/lang/Object;)Ljava/lang/Object; 12 20 java/lang/invoke/DirectMethodHandle$Holder invokeVirtual (Ljava/lang/Object;Ljava/lang/Object;)Ljava/lang/Object; 13 1 java/lang/invoke/DirectMethodHandle internalMemberName (Ljava/lang/Object;)Ljava/lang/Object; 13 10 java/lang/invoke/MutableCallSite getTarget ()Ljava/lang/invoke/MethodHandle; 11 35 java/lang/invoke/Invokers checkExactType (Ljava/lang/invoke/MethodHandle;Ljava/lang/invoke/MethodType;)V 12 1 java/lang/invoke/MethodHandle type ()Ljava/lang/invoke/MethodType; 11 39 java/lang/invoke/Invokers checkCustomized (Ljava/lang/invoke/MethodHandle;)V 11 43 java/lang/invoke/LambdaForm$MH+0x000002e20122b800 invoke (Ljava/lang/Object;)I 10 70 java/lang/invoke/DelegatingMethodHandle$Holder delegate (Ljava/lang/Object;Ljava/lang/Object;)V 11 4 java/lang/invoke/MethodHandleImpl$CountingWrapper getTarget ()Ljava/lang/invoke/MethodHandle; 11 13 java/lang/invoke/LambdaForm$MH+0x000002e201198000 guardWithCatch (Ljava/lang/Object;Ljava/lang/Object;)V 12 38 java/lang/invoke/DirectMethodHandle$Holder invokeSpecial (Ljava/lang/Object;Ljava/lang/Object;)V 13 1 java/lang/invoke/DirectMethodHandle internalMemberName (Ljava/lang/Object;)Ljava/lang/Object; 13 10 android/database/sqlite/SQLiteStatementInfo $$robo$$android_database_sqlite_SQLiteStatementInfo$__constructor__ ()V 7 95 android/database/sqlite/SQLiteDatabase getThreadSession ()Landroid/database/sqlite/SQLiteSession; 8 1 java/lang/invoke/Invokers$Holder linkToCallSite (Ljava/lang/Object;Ljava/lang/Object;)Ljava/lang/Object; 9 4 java/lang/invoke/Invokers getCallSiteTarget (Ljava/lang/invoke/CallSite;)Ljava/lang/invoke/MethodHandle; 10 1 java/lang/invoke/MutableCallSite getTarget ()Ljava/lang/invoke/MethodHandle; 9 13 java/lang/invoke/LambdaForm$MH+0x000002e201193000 guard (Ljava/lang/Object;Ljava/lang/Object;)Ljava/lang/Object; 10 32 java/lang/invoke/LambdaForm$MH+0x000002e201191c00 invoke (Ljava/lang/Object;Ljava/lang/Object;)I 11 14 java/lang/invoke/LambdaForm$MH+0x000002e201184000 invoke (Ljava/lang/Object;)Ljava/lang/Object; 12 20 java/lang/invoke/DirectMethodHandle$Holder invokeVirtual (Ljava/lang/Object;Ljava/lang/Object;)Ljava/lang/Object; 13 1 java/lang/invoke/DirectMethodHandle internalMemberName (Ljava/lang/Object;)Ljava/lang/Object; 13 10 java/lang/invoke/MutableCallSite getTarget ()Ljava/lang/invoke/MethodHandle; 11 35 java/lang/invoke/Invokers checkExactType (Ljava/lang/invoke/MethodHandle;Ljava/lang/invoke/MethodType;)V 12 1 java/lang/invoke/MethodHandle type ()Ljava/lang/invoke/MethodType; 11 39 java/lang/invoke/Invokers checkCustomized (Ljava/lang/invoke/MethodHandle;)V 11 43 java/lang/invoke/LambdaForm$MH+0x000002e20122b800 invoke (Ljava/lang/Object;)I 10 70 java/lang/invoke/DelegatingMethodHandle$Holder delegate (Ljava/lang/Object;Ljava/lang/Object;)Ljava/lang/Object; 11 4 java/lang/invoke/MethodHandleImpl$CountingWrapper getTarget ()Ljava/lang/invoke/MethodHandle; 11 13 java/lang/invoke/LambdaForm$MH+0x000002e2011f6400 guardWithCatch (Ljava/lang/Object;Ljava/lang/Object;)Ljava/lang/Object; 12 38 java/lang/invoke/DirectMethodHandle$Holder invokeSpecial (Ljava/lang/Object;Ljava/lang/Object;)Ljava/lang/Object; 13 1 java/lang/invoke/DirectMethodHandle internalMemberName (Ljava/lang/Object;)Ljava/lang/Object; 13 10 android/database/sqlite/SQLiteDatabase $$robo$$android_database_sqlite_SQLiteDatabase$getThreadSession ()Landroid/database/sqlite/SQLiteSession; 14 4 java/lang/ThreadLocal get ()Ljava/lang/Object; 15 6 java/lang/ThreadLocal getMap (Ljava/lang/Thread;)Ljava/lang/ThreadLocal$ThreadLocalMap; 15 16 java/lang/ThreadLocal$ThreadLocalMap getEntry (Ljava/lang/ThreadLocal;)Ljava/lang/ThreadLocal$ThreadLocalMap$Entry; 16 26 java/lang/ref/Reference refersTo (Ljava/lang/Object;)Z 17 2 java/lang/ref/Reference refersToImpl (Ljava/lang/Object;)Z 16 38 java/lang/ThreadLocal$ThreadLocalMap getEntryAfterMiss (Ljava/lang/ThreadLocal;ILjava/lang/ThreadLocal$ThreadLocalMap$Entry;)Ljava/lang/ThreadLocal$ThreadLocalMap$Entry; 17 17 java/lang/ref/Reference refersTo (Ljava/lang/Object;)Z 18 2 java/lang/ref/Reference refersToImpl (Ljava/lang/Object;)Z 17 27 java/lang/ref/Reference refersTo (Ljava/lang/Object;)Z 18 2 java/lang/ref/Reference refersToImpl (Ljava/lang/Object;)Z 17 45 java/lang/ThreadLocal$ThreadLocalMap nextIndex (II)I 7 105 android/database/sqlite/SQLiteDatabase getThreadDefaultConnectionFlags (Z)I 8 2 java/lang/invoke/LambdaForm$MH+0x000002e2011b8400 linkToCallSite (Ljava/lang/Object;ILjava/lang/Object;)I 9 4 java/lang/invoke/Invokers getCallSiteTarget (Ljava/lang/invoke/CallSite;)Ljava/lang/invoke/MethodHandle; 10 1 java/lang/invoke/MutableCallSite getTarget ()Ljava/lang/invoke/MethodHandle; 9 14 java/lang/invoke/LambdaForm$MH+0x000002e2011b8000 guard (Ljava/lang/Object;Ljava/lang/Object;I)I 10 34 java/lang/invoke/LambdaForm$MH+0x000002e2011af000 invoke (Ljava/lang/Object;Ljava/lang/Object;I)I 11 14 java/lang/invoke/LambdaForm$MH+0x000002e201184000 invoke (Ljava/lang/Object;)Ljava/lang/Object; 12 20 java/lang/invoke/DirectMethodHandle$Holder invokeVirtual (Ljava/lang/Object;Ljava/lang/Object;)Ljava/lang/Object; 13 1 java/lang/invoke/DirectMethodHandle internalMemberName (Ljava/lang/Object;)Ljava/lang/Object; 13 10 java/lang/invoke/MutableCallSite getTarget ()Ljava/lang/invoke/MethodHandle; 11 38 java/lang/invoke/Invokers checkExactType (Ljava/lang/invoke/MethodHandle;Ljava/lang/invoke/MethodType;)V 12 1 java/lang/invoke/MethodHandle type ()Ljava/lang/invoke/MethodType; 11 43 java/lang/invoke/Invokers checkCustomized (Ljava/lang/invoke/MethodHandle;)V 11 48 java/lang/invoke/LambdaForm$MH+0x000002e20122b800 invoke (Ljava/lang/Object;)I 10 74 java/lang/invoke/DelegatingMethodHandle$Holder delegate (Ljava/lang/Object;Ljava/lang/Object;I)I 11 4 java/lang/invoke/MethodHandleImpl$CountingWrapper getTarget ()Ljava/lang/invoke/MethodHandle; 11 14 java/lang/invoke/LambdaForm$MH+0x000002e2011b5000 guardWithCatch (Ljava/lang/Object;Ljava/lang/Object;I)I 12 40 java/lang/invoke/LambdaForm$DMH+0x000002e201204400 invokeSpecial (Ljava/lang/Object;Ljava/lang/Object;I)I 13 1 java/lang/invoke/DirectMethodHandle internalMemberName (Ljava/lang/Object;)Ljava/lang/Object; 13 11 android/database/sqlite/SQLiteDatabase $$robo$$android_database_sqlite_SQLiteDatabase$getThreadDefaultConnectionFlags (Z)I 14 10 android/database/sqlite/SQLiteDatabase isMainThread ()Z 15 0 java/lang/invoke/LambdaForm$MH+0x000002e2011b4400 linkToCallSite (Ljava/lang/Object;)I 16 4 java/lang/invoke/Invokers getCallSiteTarget (Ljava/lang/invoke/CallSite;)Ljava/lang/invoke/MethodHandle; 17 1 java/lang/invoke/MutableCallSite getTarget ()Ljava/lang/invoke/MethodHandle; 16 12 java/lang/invoke/LambdaForm$MH+0x000002e2011b4000 guard (Ljava/lang/Object;)I 17 30 java/lang/invoke/LambdaForm$MH+0x000002e201184800 invoke (Ljava/lang/Object;)I 18 14 java/lang/invoke/LambdaForm$MH+0x000002e201184000 invoke (Ljava/lang/Object;)Ljava/lang/Object; 19 20 java/lang/invoke/DirectMethodHandle$Holder invokeVirtual (Ljava/lang/Object;Ljava/lang/Object;)Ljava/lang/Object; 20 1 java/lang/invoke/DirectMethodHandle internalMemberName (Ljava/lang/Object;)Ljava/lang/Object; 20 10 java/lang/invoke/MutableCallSite getTarget ()Ljava/lang/invoke/MethodHandle; 18 33 java/lang/invoke/Invokers checkExactType (Ljava/lang/invoke/MethodHandle;Ljava/lang/invoke/MethodType;)V 19 1 java/lang/invoke/MethodHandle type ()Ljava/lang/invoke/MethodType; 18 37 java/lang/invoke/Invokers checkCustomized (Ljava/lang/invoke/MethodHandle;)V 18 41 java/lang/invoke/LambdaForm$MH+0x000002e20122b800 invoke (Ljava/lang/Object;)I 17 67 java/lang/invoke/LambdaForm$MH+0x000002e201414c00 delegate (Ljava/lang/Object;)I 18 4 java/lang/invoke/MethodHandleImpl$CountingWrapper getTarget ()Ljava/lang/invoke/MethodHandle; 18 12 java/lang/invoke/LambdaForm$MH+0x000002e2011b3800 guardWithCatch (Ljava/lang/Object;)I 19 36 java/lang/invoke/LambdaForm$DMH+0x000002e2011b2800 invokeStatic (Ljava/lang/Object;)I 20 1 java/lang/invoke/DirectMethodHandle internalMemberName (Ljava/lang/Object;)Ljava/lang/Object; 20 9 android/database/sqlite/SQLiteDatabase $$robo$$android_database_sqlite_SQLiteDatabase$isMainThread ()Z 21 0 android/os/Looper myLooper ()Landroid/os/Looper; 22 0 java/lang/invoke/Invokers$Holder linkToCallSite (Ljava/lang/Object;)Ljava/lang/Object; 23 4 java/lang/invoke/Invokers getCallSiteTarget (Ljava/lang/invoke/CallSite;)Ljava/lang/invoke/MethodHandle; 24 1 java/lang/invoke/MutableCallSite getTarget ()Ljava/lang/invoke/MethodHandle; 23 12 java/lang/invoke/LambdaForm$MH+0x000002e20119b000 guard (Ljava/lang/Object;)Ljava/lang/Object; 24 30 java/lang/invoke/LambdaForm$MH+0x000002e201184800 invoke (Ljava/lang/Object;)I 25 14 java/lang/invoke/LambdaForm$MH+0x000002e201184000 invoke (Ljava/lang/Object;)Ljava/lang/Object; 26 20 java/lang/invoke/DirectMethodHandle$Holder invokeVirtual (Ljava/lang/Object;Ljava/lang/Object;)Ljava/lang/Object; 27 1 java/lang/invoke/DirectMethodHandle internalMemberName (Ljava/lang/Object;)Ljava/lang/Object; 27 10 java/lang/invoke/MutableCallSite getTarget ()Ljava/lang/invoke/MethodHandle; 25 33 java/lang/invoke/Invokers checkExactType (Ljava/lang/invoke/MethodHandle;Ljava/lang/invoke/MethodType;)V 26 1 java/lang/invoke/MethodHandle type ()Ljava/lang/invoke/MethodType; 25 37 java/lang/invoke/Invokers checkCustomized (Ljava/lang/invoke/MethodHandle;)V 25 41 java/lang/invoke/LambdaForm$MH+0x000002e20122b800 invoke (Ljava/lang/Object;)I 24 67 java/lang/invoke/DelegatingMethodHandle$Holder delegate (Ljava/lang/Object;)Ljava/lang/Object; 25 4 java/lang/invoke/MethodHandleImpl$CountingWrapper getTarget ()Ljava/lang/invoke/MethodHandle; 25 12 java/lang/invoke/LambdaForm$MH+0x000002e20119a400 guardWithCatch (Ljava/lang/Object;)Ljava/lang/Object; 26 36 java/lang/invoke/DirectMethodHandle$Holder invokeStatic (Ljava/lang/Object;)Ljava/lang/Object; 27 1 java/lang/invoke/DirectMethodHandle internalMemberName (Ljava/lang/Object;)Ljava/lang/Object; 27 9 android/os/Looper $$robo$$android_os_Looper$myLooper ()Landroid/os/Looper; 28 3 java/lang/ThreadLocal get ()Ljava/lang/Object; 29 6 java/lang/ThreadLocal getMap (Ljava/lang/Thread;)Ljava/lang/ThreadLocal$ThreadLocalMap; 29 16 java/lang/ThreadLocal$ThreadLocalMap getEntry (Ljava/lang/ThreadLocal;)Ljava/lang/ThreadLocal$ThreadLocalMap$Entry; 30 26 java/lang/ref/Reference refersTo (Ljava/lang/Object;)Z 31 2 java/lang/ref/Reference refersToImpl (Ljava/lang/Object;)Z 30 38 java/lang/ThreadLocal$ThreadLocalMap getEntryAfterMiss (Ljava/lang/ThreadLocal;ILjava/lang/ThreadLocal$ThreadLocalMap$Entry;)Ljava/lang/ThreadLocal$ThreadLocalMap$Entry; 31 17 java/lang/ref/Reference refersTo (Ljava/lang/Object;)Z 32 2 java/lang/ref/Reference refersToImpl (Ljava/lang/Object;)Z 31 27 java/lang/ref/Reference refersTo (Ljava/lang/Object;)Z 32 2 java/lang/ref/Reference refersToImpl (Ljava/lang/Object;)Z 31 45 java/lang/ThreadLocal$ThreadLocalMap nextIndex (II)I 21 9 android/os/Looper getMainLooper ()Landroid/os/Looper; 22 0 java/lang/invoke/Invokers$Holder linkToCallSite (Ljava/lang/Object;)Ljava/lang/Object; 23 4 java/lang/invoke/Invokers getCallSiteTarget (Ljava/lang/invoke/CallSite;)Ljava/lang/invoke/MethodHandle; 24 1 java/lang/invoke/MutableCallSite getTarget ()Ljava/lang/invoke/MethodHandle; 23 12 java/lang/invoke/LambdaForm$MH+0x000002e20119b000 guard (Ljava/lang/Object;)Ljava/lang/Object; 24 30 java/lang/invoke/LambdaForm$MH+0x000002e201184800 invoke (Ljava/lang/Object;)I 25 14 java/lang/invoke/LambdaForm$MH+0x000002e201184000 invoke (Ljava/lang/Object;)Ljava/lang/Object; 26 20 java/lang/invoke/DirectMethodHandle$Holder invokeVirtual (Ljava/lang/Object;Ljava/lang/Object;)Ljava/lang/Object; 27 1 java/lang/invoke/DirectMethodHandle internalMemberName (Ljava/lang/Object;)Ljava/lang/Object; 27 10 java/lang/invoke/MutableCallSite getTarget ()Ljava/lang/invoke/MethodHandle; 25 33 java/lang/invoke/Invokers checkExactType (Ljava/lang/invoke/MethodHandle;Ljava/lang/invoke/MethodType;)V 26 1 java/lang/invoke/MethodHandle type ()Ljava/lang/invoke/MethodType; 25 37 java/lang/invoke/Invokers checkCustomized (Ljava/lang/invoke/MethodHandle;)V 25 41 java/lang/invoke/LambdaForm$MH+0x000002e20122b800 invoke (Ljava/lang/Object;)I 24 67 java/lang/invoke/DelegatingMethodHandle$Holder delegate (Ljava/lang/Object;)Ljava/lang/Object; 25 4 java/lang/invoke/MethodHandleImpl$CountingWrapper getTarget ()Ljava/lang/invoke/MethodHandle; 25 12 java/lang/invoke/LambdaForm$MH+0x000002e20119a400 guardWithCatch (Ljava/lang/Object;)Ljava/lang/Object; 26 36 java/lang/invoke/DirectMethodHandle$Holder invokeStatic (Ljava/lang/Object;)Ljava/lang/Object; 27 1 java/lang/invoke/DirectMethodHandle internalMemberName (Ljava/lang/Object;)Ljava/lang/Object; 27 9 android/os/Looper $$robo$$android_os_Looper$getMainLooper ()Landroid/os/Looper; 7 112 android/database/sqlite/SQLiteSession prepare (Ljava/lang/String;ILandroid/os/CancellationSignal;Landroid/database/sqlite/SQLiteStatementInfo;)V 8 6 java/lang/invoke/LambdaForm$MH+0x000002e2012b1000 linkToCallSite (Ljava/lang/Object;Ljava/lang/Object;ILjava/lang/Object;Ljava/lang/Object;Ljava/lang/Object;)V 9 5 java/lang/invoke/Invokers getCallSiteTarget (Ljava/lang/invoke/CallSite;)Ljava/lang/invoke/MethodHandle; 10 1 java/lang/invoke/MutableCallSite getTarget ()Ljava/lang/invoke/MethodHandle; 9 21 java/lang/invoke/LambdaForm$MH+0x000002e2012b0c00 guard (Ljava/lang/Object;Ljava/lang/Object;Ljava/lang/Object;ILjava/lang/Object;Ljava/lang/Object;)V 10 41 java/lang/invoke/LambdaForm$MH+0x000002e2012b0000 invoke (Ljava/lang/Object;Ljava/lang/Object;Ljava/lang/Object;ILjava/lang/Object;Ljava/lang/Object;)I 11 16 java/lang/invoke/LambdaForm$MH+0x000002e201184000 invoke (Ljava/lang/Object;)Ljava/lang/Object; 12 20 java/lang/invoke/DirectMethodHandle$Holder invokeVirtual (Ljava/lang/Object;Ljava/lang/Object;)Ljava/lang/Object; 13 1 java/lang/invoke/DirectMethodHandle internalMemberName (Ljava/lang/Object;)Ljava/lang/Object; 13 10 java/lang/invoke/MutableCallSite getTarget ()Ljava/lang/invoke/MethodHandle; 11 40 java/lang/invoke/Invokers checkExactType (Ljava/lang/invoke/MethodHandle;Ljava/lang/invoke/MethodType;)V 12 1 java/lang/invoke/MethodHandle type ()Ljava/lang/invoke/MethodType; 11 45 java/lang/invoke/Invokers checkCustomized (Ljava/lang/invoke/MethodHandle;)V 11 50 java/lang/invoke/LambdaForm$MH+0x000002e20122b800 invoke (Ljava/lang/Object;)I 10 86 java/lang/invoke/LambdaForm$MH+0x000002e201415000 delegate (Ljava/lang/Object;Ljava/lang/Object;Ljava/lang/Object;ILjava/lang/Object;Ljava/lang/Object;)V 11 4 java/lang/invoke/MethodHandleImpl$CountingWrapper getTarget ()Ljava/lang/invoke/MethodHandle; 11 21 java/lang/invoke/LambdaForm$MH+0x000002e2012ae800 guardWithCatch (Ljava/lang/Object;Ljava/lang/Object;Ljava/lang/Object;ILjava/lang/Object;Ljava/lang/Object;)V 12 47 java/lang/invoke/LambdaForm$DMH+0x000002e2012ac800 invokeSpecial (Ljava/lang/Object;Ljava/lang/Object;Ljava/lang/Object;ILjava/lang/Object;Ljava/lang/Object;)V 13 1 java/lang/invoke/DirectMethodHandle internalMemberName (Ljava/lang/Object;)Ljava/lang/Object; 13 18 android/database/sqlite/SQLiteSession $$robo$$android_database_sqlite_SQLiteSession$prepare (Ljava/lang/String;ILandroid/os/CancellationSignal;Landroid/database/sqlite/SQLiteStatementInfo;)V 14 26 android/database/sqlite/SQLiteSession acquireConnection (Ljava/lang/String;ILandroid/os/CancellationSignal;)V 15 4 java/lang/invoke/LambdaForm$MH+0x000002e2013b1c00 linkToCallSite (Ljava/lang/Object;Ljava/lang/Object;ILjava/lang/Object;Ljava/lang/Object;)V 16 5 java/lang/invoke/Invokers getCallSiteTarget (Ljava/lang/invoke/CallSite;)Ljava/lang/invoke/MethodHandle; 17 1 java/lang/invoke/MutableCallSite getTarget ()Ljava/lang/invoke/MethodHandle; 16 19 java/lang/invoke/LambdaForm$MH+0x000002e2013b1800 guard (Ljava/lang/Object;Ljava/lang/Object;Ljava/lang/Object;ILjava/lang/Object;)V 17 39 java/lang/invoke/LambdaForm$MH+0x000002e201361800 invoke (Ljava/lang/Object;Ljava/lang/Object;Ljava/lang/Object;ILjava/lang/Object;)I 18 16 java/lang/invoke/LambdaForm$MH+0x000002e201184000 invoke (Ljava/lang/Object;)Ljava/lang/Object; 19 20 java/lang/invoke/DirectMethodHandle$Holder invokeVirtual (Ljava/lang/Object;Ljava/lang/Object;)Ljava/lang/Object; 20 1 java/lang/invoke/DirectMethodHandle internalMemberName (Ljava/lang/Object;)Ljava/lang/Object; 20 10 java/lang/invoke/MutableCallSite getTarget ()Ljava/lang/invoke/MethodHandle; 18 40 java/lang/invoke/Invokers checkExactType (Ljava/lang/invoke/MethodHandle;Ljava/lang/invoke/MethodType;)V 19 1 java/lang/invoke/MethodHandle type ()Ljava/lang/invoke/MethodType; 18 45 java/lang/invoke/Invokers checkCustomized (Ljava/lang/invoke/MethodHandle;)V 18 50 java/lang/invoke/LambdaForm$MH+0x000002e20122b800 invoke (Ljava/lang/Object;)I 17 82 java/lang/invoke/LambdaForm$MH+0x000002e201281400 delegate (Ljava/lang/Object;Ljava/lang/Object;Ljava/lang/Object;ILjava/lang/Object;)V 18 4 java/lang/invoke/MethodHandleImpl$CountingWrapper getTarget ()Ljava/lang/invoke/MethodHandle; 18 19 java/lang/invoke/LambdaForm$MH+0x000002e2013b0400 guardWithCatch (Ljava/lang/Object;Ljava/lang/Object;Ljava/lang/Object;ILjava/lang/Object;)V 19 45 java/lang/invoke/LambdaForm$DMH+0x000002e201029400 invokeSpecial (Ljava/lang/Object;Ljava/lang/Object;Ljava/lang/Object;ILjava/lang/Object;)V 20 1 java/lang/invoke/DirectMethodHandle internalMemberName (Ljava/lang/Object;)Ljava/lang/Object; 20 16 android/database/sqlite/SQLiteSession $$robo$$android_database_sqlite_SQLiteSession$acquireConnection (Ljava/lang/String;ILandroid/os/CancellationSignal;)V 21 36 android/database/sqlite/SQLiteConnectionPool acquireConnection (Ljava/lang/String;ILandroid/os/CancellationSignal;)Landroid/database/sqlite/SQLiteConnection; 22 4 java/lang/invoke/LambdaForm$MH+0x000002e201362800 linkToCallSite (Ljava/lang/Object;Ljava/lang/Object;ILjava/lang/Object;Ljava/lang/Object;)Ljava/lang/Object; 23 5 java/lang/invoke/Invokers getCallSiteTarget (Ljava/lang/invoke/CallSite;)Ljava/lang/invoke/MethodHandle; 24 1 java/lang/invoke/MutableCallSite getTarget ()Ljava/lang/invoke/MethodHandle; 23 19 java/lang/invoke/LambdaForm$MH+0x000002e201362400 guard (Ljava/lang/Object;Ljava/lang/Object;Ljava/lang/Object;ILjava/lang/Object;)Ljava/lang/Object; 24 39 java/lang/invoke/LambdaForm$MH+0x000002e201361800 invoke (Ljava/lang/Object;Ljava/lang/Object;Ljava/lang/Object;ILjava/lang/Object;)I 25 16 java/lang/invoke/LambdaForm$MH+0x000002e201184000 invoke (Ljava/lang/Object;)Ljava/lang/Object; 26 20 java/lang/invoke/DirectMethodHandle$Holder invokeVirtual (Ljava/lang/Object;Ljava/lang/Object;)Ljava/lang/Object; 27 1 java/lang/invoke/DirectMethodHandle internalMemberName (Ljava/lang/Object;)Ljava/lang/Object; 27 10 java/lang/invoke/MutableCallSite getTarget ()Ljava/lang/invoke/MethodHandle; 25 40 java/lang/invoke/Invokers checkExactType (Ljava/lang/invoke/MethodHandle;Ljava/lang/invoke/MethodType;)V 26 1 java/lang/invoke/MethodHandle type ()Ljava/lang/invoke/MethodType; 25 45 java/lang/invoke/Invokers checkCustomized (Ljava/lang/invoke/MethodHandle;)V 25 50 java/lang/invoke/LambdaForm$MH+0x000002e20122b800 invoke (Ljava/lang/Object;)I 24 82 java/lang/invoke/DelegatingMethodHandle$Holder delegate (Ljava/lang/Object;Ljava/lang/Object;Ljava/lang/Object;ILjava/lang/Object;)Ljava/lang/Object; 25 4 java/lang/invoke/MethodHandleImpl$CountingWrapper getTarget ()Ljava/lang/invoke/MethodHandle; 25 19 java/lang/invoke/LambdaForm$MH+0x000002e201360c00 guardWithCatch (Ljava/lang/Object;Ljava/lang/Object;Ljava/lang/Object;ILjava/lang/Object;)Ljava/lang/Object; 26 45 java/lang/invoke/LambdaForm$DMH+0x000002e20127fc00 invokeSpecial (Ljava/lang/Object;Ljava/lang/Object;Ljava/lang/Object;ILjava/lang/Object;)Ljava/lang/Object; 27 1 java/lang/invoke/DirectMethodHandle internalMemberName (Ljava/lang/Object;)Ljava/lang/Object; 27 16 android/database/sqlite/SQLiteConnectionPool $$robo$$android_database_sqlite_SQLiteConnectionPool$acquireConnection (Ljava/lang/String;ILandroid/os/CancellationSignal;)Landroid/database/sqlite/SQLiteConnection; 28 4 android/database/sqlite/SQLiteConnectionPool waitForConnection (Ljava/lang/String;ILandroid/os/CancellationSignal;)Landroid/database/sqlite/SQLiteConnection; 29 4 java/lang/invoke/LambdaForm$MH+0x000002e201362800 linkToCallSite (Ljava/lang/Object;Ljava/lang/Object;ILjava/lang/Object;Ljava/lang/Object;)Ljava/lang/Object; 30 5 java/lang/invoke/Invokers getCallSiteTarget (Ljava/lang/invoke/CallSite;)Ljava/lang/invoke/MethodHandle; 31 1 java/lang/invoke/MutableCallSite getTarget ()Ljava/lang/invoke/MethodHandle; 30 19 java/lang/invoke/LambdaForm$MH+0x000002e201362400 guard (Ljava/lang/Object;Ljava/lang/Object;Ljava/lang/Object;ILjava/lang/Object;)Ljava/lang/Object; 31 39 java/lang/invoke/LambdaForm$MH+0x000002e201361800 invoke (Ljava/lang/Object;Ljava/lang/Object;Ljava/lang/Object;ILjava/lang/Object;)I 32 16 java/lang/invoke/LambdaForm$MH+0x000002e201184000 invoke (Ljava/lang/Object;)Ljava/lang/Object; 33 20 java/lang/invoke/DirectMethodHandle$Holder invokeVirtual (Ljava/lang/Object;Ljava/lang/Object;)Ljava/lang/Object; 34 1 java/lang/invoke/DirectMethodHandle internalMemberName (Ljava/lang/Object;)Ljava/lang/Object; 34 10 java/lang/invoke/MutableCallSite getTarget ()Ljava/lang/invoke/MethodHandle; 32 40 java/lang/invoke/Invokers checkExactType (Ljava/lang/invoke/MethodHandle;Ljava/lang/invoke/MethodType;)V 33 1 java/lang/invoke/MethodHandle type ()Ljava/lang/invoke/MethodType; 32 45 java/lang/invoke/Invokers checkCustomized (Ljava/lang/invoke/MethodHandle;)V 32 50 java/lang/invoke/LambdaForm$MH+0x000002e20122b800 invoke (Ljava/lang/Object;)I 31 82 java/lang/invoke/DelegatingMethodHandle$Holder delegate (Ljava/lang/Object;Ljava/lang/Object;Ljava/lang/Object;ILjava/lang/Object;)Ljava/lang/Object; 32 4 java/lang/invoke/MethodHandleImpl$CountingWrapper getTarget ()Ljava/lang/invoke/MethodHandle; 32 19 java/lang/invoke/LambdaForm$MH+0x000002e201360c00 guardWithCatch (Ljava/lang/Object;Ljava/lang/Object;Ljava/lang/Object;ILjava/lang/Object;)Ljava/lang/Object; 33 45 java/lang/invoke/LambdaForm$DMH+0x000002e20127fc00 invokeSpecial (Ljava/lang/Object;Ljava/lang/Object;Ljava/lang/Object;ILjava/lang/Object;)Ljava/lang/Object; 34 1 java/lang/invoke/DirectMethodHandle internalMemberName (Ljava/lang/Object;)Ljava/lang/Object; 14 36 android/database/sqlite/SQLiteConnection prepare (Ljava/lang/String;Landroid/database/sqlite/SQLiteStatementInfo;)V 15 3 java/lang/invoke/LambdaForm$MH+0x000002e20122b400 linkToCallSite (Ljava/lang/Object;Ljava/lang/Object;Ljava/lang/Object;Ljava/lang/Object;)V 16 4 java/lang/invoke/Invokers getCallSiteTarget (Ljava/lang/invoke/CallSite;)Ljava/lang/invoke/MethodHandle; 17 1 java/lang/invoke/MutableCallSite getTarget ()Ljava/lang/invoke/MethodHandle; 16 17 java/lang/invoke/LambdaForm$MH+0x000002e20122b000 guard (Ljava/lang/Object;Ljava/lang/Object;Ljava/lang/Object;Ljava/lang/Object;)V 17 37 java/lang/invoke/LambdaForm$MH+0x000002e20122a400 invoke (Ljava/lang/Object;Ljava/lang/Object;Ljava/lang/Object;Ljava/lang/Object;)I 18 16 java/lang/invoke/LambdaForm$MH+0x000002e201184000 invoke (Ljava/lang/Object;)Ljava/lang/Object; 19 20 java/lang/invoke/DirectMethodHandle$Holder invokeVirtual (Ljava/lang/Object;Ljava/lang/Object;)Ljava/lang/Object; 20 1 java/lang/invoke/DirectMethodHandle internalMemberName (Ljava/lang/Object;)Ljava/lang/Object; 20 10 java/lang/invoke/MutableCallSite getTarget ()Ljava/lang/invoke/MethodHandle; 18 40 java/lang/invoke/Invokers checkExactType (Ljava/lang/invoke/MethodHandle;Ljava/lang/invoke/MethodType;)V 19 1 java/lang/invoke/MethodHandle type ()Ljava/lang/invoke/MethodType; 18 45 java/lang/invoke/Invokers checkCustomized (Ljava/lang/invoke/MethodHandle;)V 18 50 java/lang/invoke/LambdaForm$MH+0x000002e20122b800 invoke (Ljava/lang/Object;)I 17 78 java/lang/invoke/DelegatingMethodHandle$Holder delegate (Ljava/lang/Object;Ljava/lang/Object;Ljava/lang/Object;Ljava/lang/Object;)V 18 4 java/lang/invoke/MethodHandleImpl$CountingWrapper getTarget ()Ljava/lang/invoke/MethodHandle; 18 17 java/lang/invoke/LambdaForm$MH+0x000002e201229800 guardWithCatch (Ljava/lang/Object;Ljava/lang/Object;Ljava/lang/Object;Ljava/lang/Object;)V 19 43 java/lang/invoke/DirectMethodHandle$Holder invokeSpecial (Ljava/lang/Object;Ljava/lang/Object;Ljava/lang/Object;Ljava/lang/Object;)V 20 1 java/lang/invoke/DirectMethodHandle internalMemberName (Ljava/lang/Object;)Ljava/lang/Object; 20 14 android/database/sqlite/SQLiteConnection $$robo$$android_database_sqlite_SQLiteConnection$prepare (Ljava/lang/String;Landroid/database/sqlite/SQLiteStatementInfo;)V 21 24 android/database/sqlite/SQLiteConnection$OperationLog beginOperation (Ljava/lang/String;Ljava/lang/String;[Ljava/lang/Object;)I 22 4 java/lang/invoke/LambdaForm$MH+0x000002e201385400 linkToCallSite (Ljava/lang/Object;Ljava/lang/Object;Ljava/lang/Object;Ljava/lang/Object;Ljava/lang/Object;)I 23 5 java/lang/invoke/Invokers getCallSiteTarget (Ljava/lang/invoke/CallSite;)Ljava/lang/invoke/MethodHandle; 24 1 java/lang/invoke/MutableCallSite getTarget ()Ljava/lang/invoke/MethodHandle; 23 19 java/lang/invoke/LambdaForm$MH+0x000002e201385000 guard (Ljava/lang/Object;Ljava/lang/Object;Ljava/lang/Object;Ljava/lang/Object;Ljava/lang/Object;)I 24 39 java/lang/invoke/LambdaForm$MH+0x000002e20127d400 invoke (Ljava/lang/Object;Ljava/lang/Object;Ljava/lang/Object;Ljava/lang/Object;Ljava/lang/Object;)I 25 16 java/lang/invoke/LambdaForm$MH+0x000002e201184000 invoke (Ljava/lang/Object;)Ljava/lang/Object; 26 20 java/lang/invoke/DirectMethodHandle$Holder invokeVirtual (Ljava/lang/Object;Ljava/lang/Object;)Ljava/lang/Object; 27 1 java/lang/invoke/DirectMethodHandle internalMemberName (Ljava/lang/Object;)Ljava/lang/Object; 27 10 java/lang/invoke/MutableCallSite getTarget ()Ljava/lang/invoke/MethodHandle; 25 40 java/lang/invoke/Invokers checkExactType (Ljava/lang/invoke/MethodHandle;Ljava/lang/invoke/MethodType;)V 26 1 java/lang/invoke/MethodHandle type ()Ljava/lang/invoke/MethodType; 25 45 java/lang/invoke/Invokers checkCustomized (Ljava/lang/invoke/MethodHandle;)V 25 50 java/lang/invoke/LambdaForm$MH+0x000002e20122b800 invoke (Ljava/lang/Object;)I 24 82 java/lang/invoke/LambdaForm$MH+0x000002e2012b9000 delegate (Ljava/lang/Object;Ljava/lang/Object;Ljava/lang/Object;Ljava/lang/Object;Ljava/lang/Object;)I 25 4 java/lang/invoke/MethodHandleImpl$CountingWrapper getTarget ()Ljava/lang/invoke/MethodHandle; 25 19 java/lang/invoke/LambdaForm$MH+0x000002e201383800 guardWithCatch (Ljava/lang/Object;Ljava/lang/Object;Ljava/lang/Object;Ljava/lang/Object;Ljava/lang/Object;)I 26 45 java/lang/invoke/LambdaForm$DMH+0x000002e20122a800 invokeSpecial (Ljava/lang/Object;Ljava/lang/Object;Ljava/lang/Object;Ljava/lang/Object;Ljava/lang/Object;)I 27 1 java/lang/invoke/DirectMethodHandle internalMemberName (Ljava/lang/Object;)Ljava/lang/Object; 21 30 android/database/sqlite/SQLiteConnection acquirePreparedStatement (Ljava/lang/String;)Landroid/database/sqlite/SQLiteConnection$PreparedStatement; 22 2 java/lang/invoke/Invokers$Holder linkToCallSite (Ljava/lang/Object;Ljava/lang/Object;Ljava/lang/Object;)Ljava/lang/Object; 23 4 java/lang/invoke/Invokers getCallSiteTarget (Ljava/lang/invoke/CallSite;)Ljava/lang/invoke/MethodHandle; 24 1 java/lang/invoke/MutableCallSite getTarget ()Ljava/lang/invoke/MethodHandle; 23 14 java/lang/invoke/LambdaForm$MH+0x000002e201287000 guard (Ljava/lang/Object;Ljava/lang/Object;Ljava/lang/Object;)Ljava/lang/Object; 24 34 java/lang/invoke/LambdaForm$MH+0x000002e2011b1400 invoke (Ljava/lang/Object;Ljava/lang/Object;Ljava/lang/Object;)I 25 14 java/lang/invoke/LambdaForm$MH+0x000002e201184000 invoke (Ljava/lang/Object;)Ljava/lang/Object; 26 20 java/lang/invoke/DirectMethodHandle$Holder invokeVirtual (Ljava/lang/Object;Ljava/lang/Object;)Ljava/lang/Object; 27 1 java/lang/invoke/DirectMethodHandle internalMemberName (Ljava/lang/Object;)Ljava/lang/Object; 27 10 java/lang/invoke/MutableCallSite getTarget ()Ljava/lang/invoke/MethodHandle; 25 38 java/lang/invoke/Invokers checkExactType (Ljava/lang/invoke/MethodHandle;Ljava/lang/invoke/MethodType;)V 26 1 java/lang/invoke/MethodHandle type ()Ljava/lang/invoke/MethodType; 25 43 java/lang/invoke/Invokers checkCustomized (Ljava/lang/invoke/MethodHandle;)V 25 48 java/lang/invoke/LambdaForm$MH+0x000002e20122b800 invoke (Ljava/lang/Object;)I 24 74 java/lang/invoke/DelegatingMethodHandle$Holder delegate (Ljava/lang/Object;Ljava/lang/Object;Ljava/lang/Object;)Ljava/lang/Object; 25 4 java/lang/invoke/MethodHandleImpl$CountingWrapper getTarget ()Ljava/lang/invoke/MethodHandle; 25 14 java/lang/invoke/LambdaForm$MH+0x000002e201286000 guardWithCatch (Ljava/lang/Object;Ljava/lang/Object;Ljava/lang/Object;)Ljava/lang/Object; 26 40 java/lang/invoke/DirectMethodHandle$Holder invokeSpecial (Ljava/lang/Object;Ljava/lang/Object;Ljava/lang/Object;)Ljava/lang/Object; 27 1 java/lang/invoke/DirectMethodHandle internalMemberName (Ljava/lang/Object;)Ljava/lang/Object; 21 66 android/database/sqlite/SQLiteConnection nativeGetColumnCount (JJ)I 22 2 java/lang/invoke/LambdaForm$MH+0x000002e201391c00 linkToCallSite (JJLjava/lang/Object;)I 23 5 java/lang/invoke/Invokers getCallSiteTarget (Ljava/lang/invoke/CallSite;)Ljava/lang/invoke/MethodHandle; 24 1 java/lang/invoke/MutableCallSite getTarget ()Ljava/lang/invoke/MethodHandle; 23 17 java/lang/invoke/LambdaForm$MH+0x000002e201391800 guard (Ljava/lang/Object;JJ)I 24 36 java/lang/invoke/LambdaForm$MH+0x000002e201391000 invoke (Ljava/lang/Object;JJ)I 25 16 java/lang/invoke/LambdaForm$MH+0x000002e201184000 invoke (Ljava/lang/Object;)Ljava/lang/Object; 26 20 java/lang/invoke/DirectMethodHandle$Holder invokeVirtual (Ljava/lang/Object;Ljava/lang/Object;)Ljava/lang/Object; 27 1 java/lang/invoke/DirectMethodHandle internalMemberName (Ljava/lang/Object;)Ljava/lang/Object; 27 10 java/lang/invoke/MutableCallSite getTarget ()Ljava/lang/invoke/MethodHandle; 25 40 java/lang/invoke/Invokers checkExactType (Ljava/lang/invoke/MethodHandle;Ljava/lang/invoke/MethodType;)V 26 1 java/lang/invoke/MethodHandle type ()Ljava/lang/invoke/MethodType; 25 45 java/lang/invoke/Invokers checkCustomized (Ljava/lang/invoke/MethodHandle;)V 25 50 java/lang/invoke/LambdaForm$MH+0x000002e20122b800 invoke (Ljava/lang/Object;)I 24 76 java/lang/invoke/LambdaForm$MH+0x000002e201414000 delegate (Ljava/lang/Object;JJ)I 25 4 java/lang/invoke/MethodHandleImpl$CountingWrapper getTarget ()Ljava/lang/invoke/MethodHandle; 25 16 java/lang/invoke/LambdaForm$MH+0x000002e20138b800 guardWithCatch (Ljava/lang/Object;JJ)I 26 42 java/lang/invoke/LambdaForm$DMH+0x000002e20138a000 invokeStatic (Ljava/lang/Object;JJ)I 27 1 java/lang/invoke/DirectMethodHandle internalMemberName (Ljava/lang/Object;)Ljava/lang/Object; 27 13 org/robolectric/shadows/ShadowLegacySQLiteConnection nativeGetColumnCount (JJ)I 28 5 org/robolectric/shadows/ShadowLegacySQLiteConnection$Connections getColumnCount (JJ)I 29 8 org/robolectric/shadows/ShadowLegacySQLiteConnection$Connections$9 <init> (Lorg/robolectric/shadows/ShadowLegacySQLiteConnection$Connections;)V 30 6 java/lang/Object <init> ()V 29 11 org/robolectric/shadows/ShadowLegacySQLiteConnection$Connections executeStatementOperation (JJLorg/robolectric/shadows/ShadowLegacySQLiteConnection$Connections$StatementOperation;)Ljava/lang/Object; 30 21 java/lang/invoke/Invokers$Holder linkToTargetMethod (Ljava/lang/Object;Ljava/lang/Object;Ljava/lang/Object;)Ljava/lang/Object; 31 6 java/lang/invoke/DirectMethodHandle$Holder newInvokeSpecial (Ljava/lang/Object;Ljava/lang/Object;Ljava/lang/Object;)Ljava/lang/Object; 32 1 java/lang/invoke/DirectMethodHandle allocateInstance (Ljava/lang/Object;)Ljava/lang/Object; 32 6 java/lang/invoke/DirectMethodHandle constructorMethod (Ljava/lang/Object;)Ljava/lang/Object; 32 19 org/robolectric/shadows/ShadowLegacySQLiteConnection$Connections$$Lambda$191+0x000002e20137f968 <init> (Lorg/robolectric/shadows/ShadowLegacySQLiteConnection$Connections$StatementOperation;Lcom/almworks/sqlite4java/SQLiteStatement;)V 33 1 java/lang/Object <init> ()V 29 17 java/lang/Integer intValue ()I 21 122 android/database/sqlite/SQLiteConnection nativeGetColumnName (JJI)Ljava/lang/String; 22 4 java/lang/invoke/LambdaForm$MH+0x000002e2013b5800 linkToCallSite (JJILjava/lang/Object;)Ljava/lang/Object; 23 5 java/lang/invoke/Invokers getCallSiteTarget (Ljava/lang/invoke/CallSite;)Ljava/lang/invoke/MethodHandle; 24 1 java/lang/invoke/MutableCallSite getTarget ()Ljava/lang/invoke/MethodHandle; 23 19 java/lang/invoke/LambdaForm$MH+0x000002e2013b5400 guard (Ljava/lang/Object;JJI)Ljava/lang/Object; 24 38 java/lang/invoke/LambdaForm$MH+0x000002e2013b4800 invoke (Ljava/lang/Object;JJI)I 25 16 java/lang/invoke/LambdaForm$MH+0x000002e201184000 invoke (Ljava/lang/Object;)Ljava/lang/Object; 26 20 java/lang/invoke/DirectMethodHandle$Holder invokeVirtual (Ljava/lang/Object;Ljava/lang/Object;)Ljava/lang/Object; 27 1 java/lang/invoke/DirectMethodHandle internalMemberName (Ljava/lang/Object;)Ljava/lang/Object; 27 10 java/lang/invoke/MutableCallSite getTarget ()Ljava/lang/invoke/MethodHandle; 25 40 java/lang/invoke/Invokers checkExactType (Ljava/lang/invoke/MethodHandle;Ljava/lang/invoke/MethodType;)V 26 1 java/lang/invoke/MethodHandle type ()Ljava/lang/invoke/MethodType; 25 45 java/lang/invoke/Invokers checkCustomized (Ljava/lang/invoke/MethodHandle;)V 25 50 java/lang/invoke/LambdaForm$MH+0x000002e20122b800 invoke (Ljava/lang/Object;)I 24 80 java/lang/invoke/LambdaForm$MH+0x000002e20142ec00 delegate (Ljava/lang/Object;JJI)Ljava/lang/Object; 25 4 java/lang/invoke/MethodHandleImpl$CountingWrapper getTarget ()Ljava/lang/invoke/MethodHandle; 25 18 java/lang/invoke/LambdaForm$MH+0x000002e2013b3c00 guardWithCatch (Ljava/lang/Object;JJI)Ljava/lang/Object; 26 44 java/lang/invoke/LambdaForm$DMH+0x000002e2013b2000 invokeStatic (Ljava/lang/Object;JJI)Ljava/lang/Object; 27 1 java/lang/invoke/DirectMethodHandle internalMemberName (Ljava/lang/Object;)Ljava/lang/Object; 27 15 org/robolectric/shadows/ShadowLegacySQLiteConnection nativeGetColumnName (JJI)Ljava/lang/String; 28 7 org/robolectric/shadows/ShadowLegacySQLiteConnection$Connections getColumnName (JJI)Ljava/lang/String; 29 10 org/robolectric/shadows/ShadowLegacySQLiteConnection$Connections$10 <init> (Lorg/robolectric/shadows/ShadowLegacySQLiteConnection$Connections;I)V 30 11 java/lang/Object <init> ()V 29 13 org/robolectric/shadows/ShadowLegacySQLiteConnection$Connections executeStatementOperation (JJLorg/robolectric/shadows/ShadowLegacySQLiteConnection$Connections$StatementOperation;)Ljava/lang/Object; 30 21 java/lang/invoke/Invokers$Holder linkToTargetMethod (Ljava/lang/Object;Ljava/lang/Object;Ljava/lang/Object;)Ljava/lang/Object; 31 6 java/lang/invoke/DirectMethodHandle$Holder newInvokeSpecial (Ljava/lang/Object;Ljava/lang/Object;Ljava/lang/Object;)Ljava/lang/Object; 32 1 java/lang/invoke/DirectMethodHandle allocateInstance (Ljava/lang/Object;)Ljava/lang/Object; 32 6 java/lang/invoke/DirectMethodHandle constructorMethod (Ljava/lang/Object;)Ljava/lang/Object; 32 19 org/robolectric/shadows/ShadowLegacySQLiteConnection$Connections$$Lambda$191+0x000002e20137f968 <init> (Lorg/robolectric/shadows/ShadowLegacySQLiteConnection$Connections$StatementOperation;Lcom/almworks/sqlite4java/SQLiteStatement;)V 33 1 java/lang/Object <init> ()V 21 135 android/database/sqlite/SQLiteConnection releasePreparedStatement (Landroid/database/sqlite/SQLiteConnection$PreparedStatement;)V 22 2 java/lang/invoke/LambdaForm$MH+0x000002e2011b2400 linkToCallSite (Ljava/lang/Object;Ljava/lang/Object;Ljava/lang/Object;)V 23 4 java/lang/invoke/Invokers getCallSiteTarget (Ljava/lang/invoke/CallSite;)Ljava/lang/invoke/MethodHandle; 24 1 java/lang/invoke/MutableCallSite getTarget ()Ljava/lang/invoke/MethodHandle; 23 14 java/lang/invoke/LambdaForm$MH+0x000002e2011b2000 guard (Ljava/lang/Object;Ljava/lang/Object;Ljava/lang/Object;)V 24 34 java/lang/invoke/LambdaForm$MH+0x000002e2011b1400 invoke (Ljava/lang/Object;Ljava/lang/Object;Ljava/lang/Object;)I 25 14 java/lang/invoke/LambdaForm$MH+0x000002e201184000 invoke (Ljava/lang/Object;)Ljava/lang/Object; 26 20 java/lang/invoke/DirectMethodHandle$Holder invokeVirtual (Ljava/lang/Object;Ljava/lang/Object;)Ljava/lang/Object; 27 1 java/lang/invoke/DirectMethodHandle internalMemberName (Ljava/lang/Object;)Ljava/lang/Object; 27 10 java/lang/invoke/MutableCallSite getTarget ()Ljava/lang/invoke/MethodHandle; 25 38 java/lang/invoke/Invokers checkExactType (Ljava/lang/invoke/MethodHandle;Ljava/lang/invoke/MethodType;)V 26 1 java/lang/invoke/MethodHandle type ()Ljava/lang/invoke/MethodType; 25 43 java/lang/invoke/Invokers checkCustomized (Ljava/lang/invoke/MethodHandle;)V 25 48 java/lang/invoke/LambdaForm$MH+0x000002e20122b800 invoke (Ljava/lang/Object;)I 24 74 java/lang/invoke/DelegatingMethodHandle$Holder delegate (Ljava/lang/Object;Ljava/lang/Object;Ljava/lang/Object;)V 25 4 java/lang/invoke/MethodHandleImpl$CountingWrapper getTarget ()Ljava/lang/invoke/MethodHandle; 25 14 java/lang/invoke/LambdaForm$MH+0x000002e2011b0800 guardWithCatch (Ljava/lang/Object;Ljava/lang/Object;Ljava/lang/Object;)V 26 40 java/lang/invoke/LambdaForm$DMH+0x000002e201197800 invokeSpecial (Ljava/lang/Object;Ljava/lang/Object;Ljava/lang/Object;)V 27 1 java/lang/invoke/DirectMethodHandle internalMemberName (Ljava/lang/Object;)Ljava/lang/Object; 27 11 android/database/sqlite/SQLiteConnection $$robo$$android_database_sqlite_SQLiteConnection$releasePreparedStatement (Landroid/database/sqlite/SQLiteConnection$PreparedStatement;)V 28 20 android/database/sqlite/SQLiteConnection nativeResetStatementAndClearBindings (JJ)V 29 2 java/lang/invoke/LambdaForm$MH+0x000002e20139f800 linkToCallSite (JJLjava/lang/Object;)V 30 5 java/lang/invoke/Invokers getCallSiteTarget (Ljava/lang/invoke/CallSite;)Ljava/lang/invoke/MethodHandle; 31 1 java/lang/invoke/MutableCallSite getTarget ()Ljava/lang/invoke/MethodHandle; 30 17 java/lang/invoke/LambdaForm$MH+0x000002e20139f400 guard (Ljava/lang/Object;JJ)V 31 36 java/lang/invoke/LambdaForm$MH+0x000002e201391000 invoke (Ljava/lang/Object;JJ)I 32 16 java/lang/invoke/LambdaForm$MH+0x000002e201184000 invoke (Ljava/lang/Object;)Ljava/lang/Object; 33 20 java/lang/invoke/DirectMethodHandle$Holder invokeVirtual (Ljava/lang/Object;Ljava/lang/Object;)Ljava/lang/Object; 34 1 java/lang/invoke/DirectMethodHandle internalMemberName (Ljava/lang/Object;)Ljava/lang/Object; 34 10 java/lang/invoke/MutableCallSite getTarget ()Ljava/lang/invoke/MethodHandle; 32 40 java/lang/invoke/Invokers checkExactType (Ljava/lang/invoke/MethodHandle;Ljava/lang/invoke/MethodType;)V 33 1 java/lang/invoke/MethodHandle type ()Ljava/lang/invoke/MethodType; 32 45 java/lang/invoke/Invokers checkCustomized (Ljava/lang/invoke/MethodHandle;)V 32 50 java/lang/invoke/LambdaForm$MH+0x000002e20122b800 invoke (Ljava/lang/Object;)I 31 76 java/lang/invoke/LambdaForm$MH+0x000002e201414800 delegate (Ljava/lang/Object;JJ)V 32 4 java/lang/invoke/MethodHandleImpl$CountingWrapper getTarget ()Ljava/lang/invoke/MethodHandle; 32 16 java/lang/invoke/LambdaForm$MH+0x000002e20139d800 guardWithCatch (Ljava/lang/Object;JJ)V 33 42 java/lang/invoke/LambdaForm$DMH+0x000002e20139cc00 invokeStatic (Ljava/lang/Object;JJ)V 34 1 java/lang/invoke/DirectMethodHandle internalMemberName (Ljava/lang/Object;)Ljava/lang/Object; 34 13 org/robolectric/shadows/ShadowLegacySQLiteConnection nativeResetStatementAndClearBindings (JJ)V 35 5 org/robolectric/shadows/ShadowLegacySQLiteConnection$Connections resetStatementAndClearBindings (JJ)V 36 8 org/robolectric/shadows/ShadowLegacySQLiteConnection$Connections$19 <init> (Lorg/robolectric/shadows/ShadowLegacySQLiteConnection$Connections;)V 37 6 java/lang/Object <init> ()V 28 44 android/database/sqlite/SQLiteConnection finalizePreparedStatement (Landroid/database/sqlite/SQLiteConnection$PreparedStatement;)V 29 2 java/lang/invoke/LambdaForm$MH+0x000002e2011b2400 linkToCallSite (Ljava/lang/Object;Ljava/lang/Object;Ljava/lang/Object;)V 30 4 java/lang/invoke/Invokers getCallSiteTarget (Ljava/lang/invoke/CallSite;)Ljava/lang/invoke/MethodHandle; 31 1 java/lang/invoke/MutableCallSite getTarget ()Ljava/lang/invoke/MethodHandle; 30 14 java/lang/invoke/LambdaForm$MH+0x000002e2011b2000 guard (Ljava/lang/Object;Ljava/lang/Object;Ljava/lang/Object;)V 31 34 java/lang/invoke/LambdaForm$MH+0x000002e2011b1400 invoke (Ljava/lang/Object;Ljava/lang/Object;Ljava/lang/Object;)I 32 14 java/lang/invoke/LambdaForm$MH+0x000002e201184000 invoke (Ljava/lang/Object;)Ljava/lang/Object; 33 20 java/lang/invoke/DirectMethodHandle$Holder invokeVirtual (Ljava/lang/Object;Ljava/lang/Object;)Ljava/lang/Object; 34 1 java/lang/invoke/DirectMethodHandle internalMemberName (Ljava/lang/Object;)Ljava/lang/Object; 34 10 java/lang/invoke/MutableCallSite getTarget ()Ljava/lang/invoke/MethodHandle; 32 38 java/lang/invoke/Invokers checkExactType (Ljava/lang/invoke/MethodHandle;Ljava/lang/invoke/MethodType;)V 33 1 java/lang/invoke/MethodHandle type ()Ljava/lang/invoke/MethodType; 32 43 java/lang/invoke/Invokers checkCustomized (Ljava/lang/invoke/MethodHandle;)V 32 48 java/lang/invoke/LambdaForm$MH+0x000002e20122b800 invoke (Ljava/lang/Object;)I 31 74 java/lang/invoke/DelegatingMethodHandle$Holder delegate (Ljava/lang/Object;Ljava/lang/Object;Ljava/lang/Object;)V 32 4 java/lang/invoke/MethodHandleImpl$CountingWrapper getTarget ()Ljava/lang/invoke/MethodHandle; 32 14 java/lang/invoke/LambdaForm$MH+0x000002e2011b0800 guardWithCatch (Ljava/lang/Object;Ljava/lang/Object;Ljava/lang/Object;)V 33 40 java/lang/invoke/LambdaForm$DMH+0x000002e201197800 invokeSpecial (Ljava/lang/Object;Ljava/lang/Object;Ljava/lang/Object;)V 34 1 java/lang/invoke/DirectMethodHandle internalMemberName (Ljava/lang/Object;)Ljava/lang/Object; 21 157 android/database/sqlite/SQLiteConnection$OperationLog endOperation (I)V 22 2 java/lang/invoke/LambdaForm$MH+0x000002e2011afc00 linkToCallSite (Ljava/lang/Object;ILjava/lang/Object;)V 23 4 java/lang/invoke/Invokers getCallSiteTarget (Ljava/lang/invoke/CallSite;)Ljava/lang/invoke/MethodHandle; 24 1 java/lang/invoke/MutableCallSite getTarget ()Ljava/lang/invoke/MethodHandle; 23 14 java/lang/invoke/LambdaForm$MH+0x000002e2011af800 guard (Ljava/lang/Object;Ljava/lang/Object;I)V 24 34 java/lang/invoke/LambdaForm$MH+0x000002e2011af000 invoke (Ljava/lang/Object;Ljava/lang/Object;I)I 25 14 java/lang/invoke/LambdaForm$MH+0x000002e201184000 invoke (Ljava/lang/Object;)Ljava/lang/Object; 26 20 java/lang/invoke/DirectMethodHandle$Holder invokeVirtual (Ljava/lang/Object;Ljava/lang/Object;)Ljava/lang/Object; 27 1 java/lang/invoke/DirectMethodHandle internalMemberName (Ljava/lang/Object;)Ljava/lang/Object; 27 10 java/lang/invoke/MutableCallSite getTarget ()Ljava/lang/invoke/MethodHandle; 25 38 java/lang/invoke/Invokers checkExactType (Ljava/lang/invoke/MethodHandle;Ljava/lang/invoke/MethodType;)V 26 1 java/lang/invoke/MethodHandle type ()Ljava/lang/invoke/MethodType; 25 43 java/lang/invoke/Invokers checkCustomized (Ljava/lang/invoke/MethodHandle;)V 25 48 java/lang/invoke/LambdaForm$MH+0x000002e20122b800 invoke (Ljava/lang/Object;)I 24 74 java/lang/invoke/LambdaForm$MH+0x000002e201203800 delegate (Ljava/lang/Object;Ljava/lang/Object;I)V 25 4 java/lang/invoke/MethodHandleImpl$CountingWrapper getTarget ()Ljava/lang/invoke/MethodHandle; 25 14 java/lang/invoke/LambdaForm$MH+0x000002e2011ae000 guardWithCatch (Ljava/lang/Object;Ljava/lang/Object;I)V 26 40 java/lang/invoke/LambdaForm$DMH+0x000002e2011acc00 invokeSpecial (Ljava/lang/Object;Ljava/lang/Object;I)V 27 1 java/lang/invoke/DirectMethodHandle internalMemberName (Ljava/lang/Object;)Ljava/lang/Object; 27 11 android/database/sqlite/SQLiteConnection$OperationLog $$robo$$android_database_sqlite_SQLiteConnection_OperationLog$endOperation (I)V 28 9 android/database/sqlite/SQLiteConnection$OperationLog endOperationDeferLogLocked (I)Z 29 2 java/lang/invoke/LambdaForm$MH+0x000002e2011b8400 linkToCallSite (Ljava/lang/Object;ILjava/lang/Object;)I 30 4 java/lang/invoke/Invokers getCallSiteTarget (Ljava/lang/invoke/CallSite;)Ljava/lang/invoke/MethodHandle; 31 1 java/lang/invoke/MutableCallSite getTarget ()Ljava/lang/invoke/MethodHandle; 30 14 java/lang/invoke/LambdaForm$MH+0x000002e2011b8000 guard (Ljava/lang/Object;Ljava/lang/Object;I)I 31 34 java/lang/invoke/LambdaForm$MH+0x000002e2011af000 invoke (Ljava/lang/Object;Ljava/lang/Object;I)I 32 14 java/lang/invoke/LambdaForm$MH+0x000002e201184000 invoke (Ljava/lang/Object;)Ljava/lang/Object; 33 20 java/lang/invoke/DirectMethodHandle$Holder invokeVirtual (Ljava/lang/Object;Ljava/lang/Object;)Ljava/lang/Object; 34 1 java/lang/invoke/DirectMethodHandle internalMemberName (Ljava/lang/Object;)Ljava/lang/Object; 34 10 java/lang/invoke/MutableCallSite getTarget ()Ljava/lang/invoke/MethodHandle; 32 38 java/lang/invoke/Invokers checkExactType (Ljava/lang/invoke/MethodHandle;Ljava/lang/invoke/MethodType;)V 33 1 java/lang/invoke/MethodHandle type ()Ljava/lang/invoke/MethodType; 32 43 java/lang/invoke/Invokers checkCustomized (Ljava/lang/invoke/MethodHandle;)V 32 48 java/lang/invoke/LambdaForm$MH+0x000002e20122b800 invoke (Ljava/lang/Object;)I 31 74 java/lang/invoke/DelegatingMethodHandle$Holder delegate (Ljava/lang/Object;Ljava/lang/Object;I)I 32 4 java/lang/invoke/MethodHandleImpl$CountingWrapper getTarget ()Ljava/lang/invoke/MethodHandle; 32 14 java/lang/invoke/LambdaForm$MH+0x000002e2011b5000 guardWithCatch (Ljava/lang/Object;Ljava/lang/Object;I)I 33 40 java/lang/invoke/LambdaForm$DMH+0x000002e201204400 invokeSpecial (Ljava/lang/Object;Ljava/lang/Object;I)I 34 1 java/lang/invoke/DirectMethodHandle internalMemberName (Ljava/lang/Object;)Ljava/lang/Object; 34 11 android/database/sqlite/SQLiteConnection$OperationLog $$robo$$android_database_sqlite_SQLiteConnection_OperationLog$endOperationDeferLogLocked (I)Z 35 2 android/database/sqlite/SQLiteConnection$OperationLog getOperationLocked (I)Landroid/database/sqlite/SQLiteConnection$Operation; 36 2 java/lang/invoke/Invokers$Holder linkToCallSite (Ljava/lang/Object;ILjava/lang/Object;)Ljava/lang/Object; 37 4 java/lang/invoke/Invokers getCallSiteTarget (Ljava/lang/invoke/CallSite;)Ljava/lang/invoke/MethodHandle; 38 1 java/lang/invoke/MutableCallSite getTarget ()Ljava/lang/invoke/MethodHandle; 37 14 java/lang/invoke/LambdaForm$MH+0x000002e20129d800 guard (Ljava/lang/Object;Ljava/lang/Object;I)Ljava/lang/Object; 38 34 java/lang/invoke/LambdaForm$MH+0x000002e2011af000 invoke (Ljava/lang/Object;Ljava/lang/Object;I)I 39 14 java/lang/invoke/LambdaForm$MH+0x000002e201184000 invoke (Ljava/lang/Object;)Ljava/lang/Object; 40 20 java/lang/invoke/DirectMethodHandle$Holder invokeVirtual (Ljava/lang/Object;Ljava/lang/Object;)Ljava/lang/Object; 41 1 java/lang/invoke/DirectMethodHandle internalMemberName (Ljava/lang/Object;)Ljava/lang/Object; 41 10 java/lang/invoke/MutableCallSite getTarget ()Ljava/lang/invoke/MethodHandle; 39 38 java/lang/invoke/Invokers checkExactType (Ljava/lang/invoke/MethodHandle;Ljava/lang/invoke/MethodType;)V 40 1 java/lang/invoke/MethodHandle type ()Ljava/lang/invoke/MethodType; 39 43 java/lang/invoke/Invokers checkCustomized (Ljava/lang/invoke/MethodHandle;)V 39 48 java/lang/invoke/LambdaForm$MH+0x000002e20122b800 invoke (Ljava/lang/Object;)I 38 74 java/lang/invoke/DelegatingMethodHandle$Holder delegate (Ljava/lang/Object;Ljava/lang/Object;I)Ljava/lang/Object; 39 4 java/lang/invoke/MethodHandleImpl$CountingWrapper getTarget ()Ljava/lang/invoke/MethodHandle; 39 14 java/lang/invoke/LambdaForm$MH+0x000002e20129c800 guardWithCatch (Ljava/lang/Object;Ljava/lang/Object;I)Ljava/lang/Object; 40 40 java/lang/invoke/DirectMethodHandle$Holder invokeSpecial (Ljava/lang/Object;Ljava/lang/Object;I)Ljava/lang/Object; 41 1 java/lang/invoke/DirectMethodHandle internalMemberName (Ljava/lang/Object;)Ljava/lang/Object; 41 11 android/database/sqlite/SQLiteConnection$OperationLog $$robo$$android_database_sqlite_SQLiteConnection_OperationLog$getOperationLocked (I)Landroid/database/sqlite/SQLiteConnection$Operation; 35 11 java/lang/invoke/LambdaForm$MH+0x000002e201385c00 linkToTargetMethod (Ljava/lang/Object;)J 36 4 java/lang/invoke/LambdaForm$DMH+0x000002e201104400 invokeStatic (Ljava/lang/Object;)J 37 1 java/lang/invoke/DirectMethodHandle internalMemberName (Ljava/lang/Object;)Ljava/lang/Object; 37 9 org/robolectric/shadows/ShadowSystem currentTimeMillis ()J 38 0 org/robolectric/shadows/ShadowLooper looperMode ()Lorg/robolectric/annotation/LooperMode$Mode; 38 13 android/os/SystemClock uptimeMillis ()J 39 0 java/lang/invoke/LambdaForm$MH+0x000002e2011a4800 linkToCallSite (Ljava/lang/Object;)J 40 4 java/lang/invoke/Invokers getCallSiteTarget (Ljava/lang/invoke/CallSite;)Ljava/lang/invoke/MethodHandle; 41 1 java/lang/invoke/MutableCallSite getTarget ()Ljava/lang/invoke/MethodHandle; 40 12 java/lang/invoke/LambdaForm$MH+0x000002e2011a4400 guard (Ljava/lang/Object;)J 41 30 java/lang/invoke/LambdaForm$MH+0x000002e201184800 invoke (Ljava/lang/Object;)I 42 14 java/lang/invoke/LambdaForm$MH+0x000002e201184000 invoke (Ljava/lang/Object;)Ljava/lang/Object; 43 20 java/lang/invoke/DirectMethodHandle$Holder invokeVirtual (Ljava/lang/Object;Ljava/lang/Object;)Ljava/lang/Object; 44 1 java/lang/invoke/DirectMethodHandle internalMemberName (Ljava/lang/Object;)Ljava/lang/Object; 44 10 java/lang/invoke/MutableCallSite getTarget ()Ljava/lang/invoke/MethodHandle; 42 33 java/lang/invoke/Invokers checkExactType (Ljava/lang/invoke/MethodHandle;Ljava/lang/invoke/MethodType;)V 43 1 java/lang/invoke/MethodHandle type ()Ljava/lang/invoke/MethodType; 42 37 java/lang/invoke/Invokers checkCustomized (Ljava/lang/invoke/MethodHandle;)V 42 41 java/lang/invoke/LambdaForm$MH+0x000002e20122b800 invoke (Ljava/lang/Object;)I 41 67 java/lang/invoke/LambdaForm$MH+0x000002e201406c00 delegate (Ljava/lang/Object;)J 42 4 java/lang/invoke/MethodHandleImpl$CountingWrapper getTarget ()Ljava/lang/invoke/MethodHandle; 42 12 java/lang/invoke/LambdaForm$MH+0x000002e2011a2c00 guardWithCatch (Ljava/lang/Object;)J
